ocm_id,ocm_uuid,ocm_title,ocm_latitude,ocm_longitude,ocm_operator,ocm_usage_cost,ocm_number_of_points,ocm_address_line1,ocm_town,ocm_postcode,ocm_plug_types,ocm_connection_count,ocm_max_power_kw,ocm_date_last_verified
508351,620C37C5-F677-4D0D-89C7-503A7E979F98,Shire of Denmark - Community Resource Centre,-34.95816847256546,117.35367154591427,WeVolt (AU),$0.55/kWh,2.0,2 Strickland Street,Denmark,,CCS (Type 2),1,150.0,2026-09-11T16:33:00Z
508350,0AD83580-7B5F-49C8-9244-CDA9E50B6A39,Oporto - South Perth,-31.974940124624283,115.88325858111875,Evie,,4.0,11 Berwick Street,Victoria Park,6100,CCS (Type 2),1,75.0,2026-09-11T16:23:00Z
508148,6C82870F-C69E-47A9-A3CB-EEA560343C98,Pacific Highway,-33.40800720332305,151.35111958796483,BP Pulse (AU),55c/kWh,6.0,Pacific Highway,,2250,CCS (Type 2); CHAdeMO,3,300.0,2026-09-09T01:02:00Z
508142,CAD60297-D8E5-4318-AFF7-879E58DFAA6C,Avoca Drive,-33.467599121018274,151.38250721850739,Ampol AmpCharge,$0.75/kWh for pay-as-you-go charging.,2.0,Avoca Drive,,2251,CCS (Type 2),1,120.0,2026-09-08T21:36:00Z
507934,DF3AF330-6BBD-4145-8F4A-1CEFB85E2F74,Elanga,-33.9571180970125,116.13740706853389,Elanga (AU),$0.78/kWh,2.0,154 Hampton St,Bridgetown,6255,Unknown,1,300.0,2026-09-06T02:33:00Z
506954,ED8129AB-8837-43DB-8C83-9658DB4556CE,Davies St Brunswick,-37.756494889019955,144.96431073892893,Chargefox,,1.0,Davies St,Brunswick,3056,Type 2 (Socket Only),1,22.0,2026-09-01T07:22:00Z
506085,0E7D9F98-DFEA-4580-B6FA-E1F9679BDA38,Mount Buller - Horse Hill Carpark,-37.1397387415812,146.45445288686358,Chargefox,,4.0,Horse Hill Carpark,Mount Buller,3723,Type 2 (Socket Only),1,22.0,2026-08-26T23:16:00Z
506084,51C0DBCA-0932-4C3B-8A00-85F5242F30BB,Mansfield Supercharger,-37.06056890800963,146.09840040086385,Tesla (including non-tesla),,6.0,Mount Buller Road,Mansfield,3722,CCS (Type 2),1,325.0,2026-08-26T23:01:00Z
504658,F12BB592-02B0-440B-AA96-94DC716FA1CF,Laverton Supercharger,-37.871725918188744,144.77486861441935,Tesla (including non-tesla),,6.0,1 Central Avenue,,3028,CCS (Type 2),1,250.0,2026-08-18T01:58:00Z
500551,B0048B30-E83C-4333-A47B-48235CA3272E,Victoria River Roadhouse,-15.616474007412933,131.12717595040476,NRMA,,2.0,19405 Victoria Hwy,Gregory,0852,CCS (Type 2),2,80.0,2026-07-26T11:24:00Z
498409,D4BCDC7A-84B3-404B-8702-8F5F634CEF50,Coober Pedy Visitor Information Centre,-29.014845262625258,134.75548326288867,Chargefox,,3.0,St Nicholas St,Coober Pedy,,CCS (Type 2); Type 2 (Socket Only),2,150.0,2026-07-12T00:54:00Z
498408,24C48B46-5928-4099-BEC0-B193BE1881AD,Glendambo SA,-30.968192758908053,135.74928467618292,Chargefox,,1.0,80 Glendambo Access Rd,Glendambo,,CCS (Type 2),1,30.0,2026-07-12T00:47:00Z
498407,BF566DDB-6068-4C0B-A921-6FFF6840B958,Woolworths Roxby Downs,-30.561912496547357,136.89800170008175,Chargefox,,2.0,12/28 Richardson Pl,Roxby Downs,5725,CCS (Type 2); Type 2 (Socket Only),2,150.0,2026-07-12T00:40:00Z
498406,014C88B4-F314-4810-A21D-05004238F3BC,Leigh Creek South Motors,-30.591813536503828,138.3992664786931,Chargefox,,1.0,18 Black Oak Dr,Leigh Creek,5731,CCS (Type 2); Type 2 (Socket Only),2,150.0,2026-07-12T00:34:00Z
498405,1984057C-201A-4564-8A46-6E8D46230A10,Hawker Visitor Information Centre,-31.887712332915605,138.42340228320154,Chargefox,,2.0,13 Flinders Ranges Way,Hawker,5434,CCS (Type 2); Type 2 (Socket Only),2,150.0,2026-07-12T00:29:00Z
498404,DD2D7F83-0DCE-44D9-9BEC-9C3B21DA6038,Steamtown Heritage Rail Centre,-32.9743837798443,138.8281439655599,Chargefox,,3.0,1/2 Telford Ave,Peterborough ,5422,Type 2 (Socket Only),1,7.0,2026-07-12T00:17:00Z
498403,AAFCBEAC-FD58-405F-BC61-CC087A0949B1,Peterborough Seniors Community Centre,-32.9734326739368,138.83353896606855,Chargefox,,3.0,251 Main St,Peterborough ,5422,CCS (Type 2); Type 2 (Socket Only),2,150.0,2026-07-12T00:14:00Z
498402,C08BC698-DFE4-44E9-9F34-84ED206FDA1A,Horrocks Hwy Parking,-32.64974476515834,138.09808961435238,Chargefox,,2.0,38 Horrocks Hwy,Wilmington,5485,CCS (Type 2); Type 2 (Socket Only),2,150.0,2026-07-12T00:03:00Z
498401,698EED84-6DA3-472D-8F6D-F8BCF245C59D,NRMA Camooweal,-19.92062659388445,138.11771491418892,NRMA,,2.0,26-36 Kennedy St,Camooweal,4828,CCS (Type 2); Type 2 (Socket Only),2,50.0,2026-07-12T02:15:00Z
498326,36852C5B-D4E9-49C0-92DC-10DC0915FC87,7-Eleven Wodonga West,-36.111345809597665,146.8644149516706,Evie,,4.0,196 Melbourne Rd,Wodonga,3690,CCS (Type 2),1,150.0,2026-07-14T05:27:00Z
498325,453497E9-0CE4-4553-9110-6BD6877DE1DA,Chiltern Community Hub,-36.14945183648287,146.61055297595806,Evie,,1.0,3 Crawford St,Chiltern,3683,CCS (Type 2); CHAdeMO,2,50.0,2026-07-14T05:02:00Z
498324,38F64D26-9D11-4727-94CB-A25198F140C4,Loch St Carpark,-36.35825318030495,146.68698070767823,Evie,,1.0,26A Loch Street,Beechworth,3747,CCS (Type 2); CHAdeMO,2,50.0,2026-07-14T04:52:00Z
498046,D59E6740-D781-45DB-A626-39A57A2AFB37,Woolworths Franklin,-35.19996279745976,149.14845924888368,Evie,,4.0,3 Clare Burton Cres,Franklin,2913,CCS (Type 2); CHAdeMO,2,75.0,2026-07-12T05:02:00Z
498045,C3B4E886-1D2D-49D4-9515-C2399D742EB7,Wilson Carpark King St,-35.3231680845083,149.09315028995252,Evie,,4.0,1 King St,Deakin,2600,CCS (Type 2); CHAdeMO,2,75.0,2026-07-12T04:57:00Z
498044,D255AB04-8F80-47E3-92F1-DE5A887AD807,Watson St,-35.27100605358091,149.12633533502367,Evie,,8.0,34 Watson St,Turner,2612,CCS (Type 2); CHAdeMO; Type 2 (Socket Only),3,75.0,2026-07-12T04:57:00Z
498043,352F5DA0-6621-4A90-BAD2-3AEC4C6E80CF,Southwell Park,-35.24792150423057,149.1329533391346,Evie,,8.0,1 Mouat St,Lyneham,2602,CCS (Type 2); Type 2 (Socket Only),2,75.0,2026-07-12T04:47:00Z
498042,9BC341F5-EF6F-4AB4-8ABE-8B5AB9E14B68,Southlands Shopping Centre,-35.36610802981789,149.09521379482794,BP Pulse (AU),,6.0,12 Heard St,Mawson,2607,CCS (Type 2),1,150.0,2026-07-12T04:47:00Z
498041,05005BD5-8CA1-403C-8E92-D04C578B9C7E,South.Point Tuggeranong,-35.416273227079664,149.06429331304798,Tesla (including non-tesla),,6.0,210 Anketell St,Greenway,2900,CCS (Type 2),1,250.0,2026-07-12T04:42:00Z
498040,5941A603-75B4-4B0F-939D-7566ECE54F7D,SolarHub Office,-35.21703265935601,149.1442670748155,SolarHub Charge (AU),,6.0,30 Darling St,Mitchell,2911,CCS (Type 2); Type 2 (Socket Only),2,40.0,2026-07-12T04:42:00Z
498039,66FA1525-6320-493A-8E0E-FBFC2AB053FD,Next Gen Canberra,-35.241810065898456,149.1267799483394,Exploren,,6.0,1 Riggall Pl,Lyneham,2602,CCS (Type 2),1,150.0,2026-07-12T04:37:00Z
498038,A36697C5-8038-4BC2-B1A8-3900FB176FFE,Manuka Shops,-35.32078244208179,149.13469808449076,Evie,,4.0,18 Captain Cook Crescent,Griffith,2603,CCS (Type 2),1,75.0,2026-07-12T04:32:00Z
498036,700344D7-EA81-4D62-A3FA-7C7B7F7627F9,Koko Molonglo Centre,-35.32108412289304,149.0375489852977,Evie,,4.0,76 Steve Irwin Ave,Wright,2611,CCS (Type 2); CHAdeMO,2,75.0,2026-07-12T04:27:00Z
497961,4CDE24AA-6710-4A7D-BF1D-9547E9F3BACA,Hobart Place,-35.278965615236515,149.12722404817941,Evie,,4.0,Hobart place,Civic,2601,CCS (Type 2),1,75.0,2026-07-12T03:42:00Z
497960,D3357D0A-B3C4-41AB-9EA9-92E91C981781,Hillside Lane,-35.281503668627316,149.13238164569964,Evie,,4.0,Hillside Lane,Civic,2601,CCS (Type 2),1,75.0,2026-07-12T03:32:00Z
497959,C0C11DBF-DFD9-4513-A701-9EA2B845242D,Gungahlin Village Shopping Centre,-35.1866972231221,149.1353467830902,Ampol AmpCharge,,6.0,Efkarpidis Street,Gungahlin,2912,CCS (Type 2),1,150.0,2026-07-12T03:32:00Z
497958,970F619D-8A07-400D-9666-992E42DA6B54,Marketplace Gungahlin,-35.18471118197023,149.13263014011295,Exploren,,6.0,33 Hibberson St,Gungahlin,2912,CCS (Type 2); CHAdeMO,2,150.0,2026-07-12T03:27:00Z
497957,5A10BAF4-5E1D-426F-84FC-39E2E1BD7F97,"Gordon St, Civic",-35.28235495272262,149.12508664662323,Evie,,4.0,1 Gordon St,Civic,2601,CCS (Type 2),1,150.0,2026-07-12T03:22:00Z
497956,42BC36B1-2196-46C6-9651-A8BE56656262,Gold Creek Village,-35.188726100812175,149.08218679532138,Tesla (including non-tesla),,4.0,48 O'Hanlon Pl,Nicholls,2913,CCS (Type 2),1,300.0,2026-07-12T03:17:00Z
497955,D9457CAB-DA86-4138-BCED-CF2A17D99347,Fyshwick Fresh Food Markets,-35.323276854784446,149.15426078056328,Evie,,4.0,36 Mildura St,Fyshwick,2609,CCS (Type 2); CHAdeMO,2,75.0,2026-07-12T03:17:00Z
497954,02190139-026E-4448-8BA2-B13F02244777,Curtin Shops,-35.32604892907426,149.08210891361387,Evie,,4.0,1 Curtin Pl,Curtin,2605,CCS (Type 2),1,50.0,2026-07-12T03:07:00Z
497953,6AC96C05-8057-4E10-B5C6-D50080284E4B,Casey Market Town,-35.174560771514685,149.09650050391156,Evie,,4.0,15 Kingsland Pde,Casey,2913,CCS (Type 2),1,75.0,2026-07-12T03:07:00Z
497952,0291E360-C71F-47FE-9A7C-4693F988357B,Bunnings Gungahlin,-35.18421693732623,149.13035477940002,Exploren,,2.0,5 Hibberson St,Gungahlin,2912,CCS (Type 2),1,120.0,2026-07-12T03:02:00Z
497951,5F01DE61-8C8E-475E-890E-9B914CF361BE,BP Kingston,-35.32002501849037,149.13894990544645,BP Pulse (AU),,2.0,77 Canberra Avenue,Griffith,2603,CCS (Type 2); CHAdeMO,3,150.0,2026-07-12T02:57:00Z
497950,A7C5BE6E-65FB-468D-97BF-D89B21200002,BP Chisolm,-35.41327395241389,149.12809990038704,BP Pulse (AU),,2.0,5 Benham St,Chisolm,2905,CCS (Type 2),1,75.0,2026-07-12T02:52:00Z
497870,928C7EFA-A1EC-4552-976F-4D344579F490,Calwell Shops - Exploren,-35.43424069680939,149.11380500368136,Exploren,,3.0,7 Webber Crescent,Calwell,2905,CCS (Type 2); Type 2 (Tethered Connector) ,2,40.0,2026-07-11T06:37:00Z
497869,A629B8B9-30CA-4F1C-8A72-02D2236F1C1A,Calwell Shopping Centre - Evie,-35.43432028153978,149.11325766152004,Evie,,4.0,9 Webber Crescent,Calwell,2905,CCS (Type 2); CHAdeMO,2,150.0,2026-07-11T06:32:00Z
497868,8B22F297-2CDC-4363-9764-CB4FD63C4FB0,ARTE Braddon,-35.27454989579267,149.1331637524337,Evie,,2.0,10 Lonsdale St,Braddon,2612,CCS (Type 2),1,75.0,2026-07-11T06:27:00Z
497867,D3240F22-4B6F-4950-84D7-06A6BDA34EFB,ANU - Fulton Muir Building,-35.273443925283914,149.12115126723074,Exploren,,5.0,95 Daley Road,Acton,2601,CCS (Type 2),1,160.0,2026-07-11T06:17:00Z
497866,E3D5BE28-4CB4-41F9-8F3C-5F1203542D48,ANU - School of Art & Design,-35.282076537555895,149.1220259901039,Exploren,,6.0,3 Repertory Lane,Acton,2601,CCS (Type 2); CHAdeMO,2,160.0,2026-07-11T06:17:00Z
497774,CBE9909E-D09C-4080-A348-EFE5A819D607,Wirib Store And Tourist Park,-15.663212693698824,130.48081641845965,(Unknown Operator),,1.0,"58 Victoria Hwy, Timber Creek NT 0852, Australia",,,Type 2 (Socket Only),1,22.0,2026-07-07T17:36:00Z
495517,76FCC975-68EA-42A9-AAA0-8703475EBC82,Diamond Valley Stadium,-37.689525209281314,145.11064748225635,Chargefox,free,2.0,44 Civic Drive,Greensborough,3088,Type 2 (Socket Only),1,7.0,2026-06-30T12:29:00Z
495253,56520B2D-547E-4239-A456-057A0EEA1924,Amaroo Shopping Centre,-35.16461102996581,149.13267691836063,Evie,,4.0,Emerald Way,Amaroo,2914,CCS (Type 2); CHAdeMO,2,75.0,2026-06-30T06:32:00Z
493410,A173FE4F-7007-4A78-B575-2E404C66DC13,Stephenson Avenue,-31.9535263892204,115.78251695651124,Exploren,,4.0,Stephenson Avenue,,6010,Unknown,1,22.0,2026-06-17T06:27:00Z
493220,D2159084-7186-4D56-AB97-7BEF6C7CF022,RACQ Camooweal,-19.92069312003943,138.1205261119792,(Unknown Operator),,1.0,"48 Kennedy St, Camooweal QLD 4828, Australia",,,Three Phase 5-Pin (AS/NZ 3123),1,,2026-07-12T01:04:00Z
493219,7687F80D-EE41-44C1-878B-791F93422E80,Barkly Homestead Wayside Inn,-19.711242654992517,135.82803240276598,(Unknown Operator),$45,1.0,"Tablelands Hwy, Tablelands Northern Territory 0862",,,Type I (AS 3112),1,3.6,2026-07-12T02:20:00Z
492650,4B309415-D6F3-4F55-96E8-C9D8C99BEB44,Overwrought Sculpture Garden and Gallery,-37.36910898843979,144.0382440134954,(Unknown Operator),$5 per 30 minutes,2.0,3409 Midland Highway,Blampied,3364,CCS (Type 2),1,7.0,2026-06-12T04:32:00Z
492649,14E3C38D-E657-4FCF-BA0B-F6A5C7687483,Overwrought Sculpture Garden And Gallery,-37.5729,143.8658,(Unknown Operator),$5 per half hour,1.0,3409 Midland Hwy,Balmpied,3364,Type 2 (Tethered Connector) ,1,7.0,2026-06-12T04:21:00Z
491984,81976FF5-A0FD-46BC-9470-203F12D77EA8,Collins Street,-37.81613406341241,144.96258058666876,(Unknown Operator),,1.0,Collins Street,,3000,Unknown,1,,2026-06-04T03:52:00Z
489896,721B79A7-D96B-43FC-BA45-1DC51FBFAAFA,7-Eleven ,-37.61945572537157,144.92769544567727,Chargefox,80c kWh,2.0,250 Bridgewater Road,Roxburgh Park,3064,Unknown,1,200.0,2026-09-07T08:36:00Z
489555,77B0BAD5-A855-420E-B472-8C2B2BAF65F0,Lake George Winery,-34.985300158763444,149.38404767579334,Exploren,$0.58/kWh,1.0,173 The Vineyards Road,Lake George,2581,CCS (Type 2),1,60.0,2026-05-18T12:30:00Z
488762,8D71FA97-233E-4084-BE8C-519A2A858BC7,Legana Park Drive,-41.37471020446324,147.05727844452383,Evie,0.62/kWh + 0.09/kWh (9:00 AM-9:00 PM),4.0,Legana Park Drive,,7277,CCS (Type 2),1,75.0,2026-05-13T01:52:00Z
488761,D5E31810-B1D2-4D88-9FAA-8D80A4881C79,Slim Dusty Museum (business hours only),-31.117509016152,152.82696562998012,Exploren,,2.0,49 Maclean Valley Way,South Kempsey,2440,Type 2 (Socket Only),1,7.0,2026-05-12T23:41:00Z
488760,62FB47DB-A280-4CDD-AFF1-210296960562,Woolworths Ormeau (underground carpark),-27.786461516470645,153.25194728524752,Evie,,2.0,19/21 Peachey Road,Ormeau,4208,CCS (Type 2),2,150.0,2026-05-12T23:31:00Z
487893,EA72B6B3-B7C4-405F-A815-DF9476523E64,Merimbula Supercharger,-36.885916759820965,149.90713541162972,Tesla (including non-tesla),,8.0,Sapphire Coast Drive,Merimbula,2548,CCS (Type 2),1,270.0,2026-05-06T00:08:00Z
487892,12E42CBA-0AE6-475C-8DE6-987409C5D7E5,Ampcharge Cheltenham,-37.96511823061312,145.05552611631492,Ampol AmpCharge,,2.0,Charman Road,,3192,CCS (Type 2),1,180.0,2026-05-05T23:53:00Z
487891,1F4297AE-481E-4F62-A4C6-F7F9BA425D1A,Ampcharge Mentone,-37.981666060368674,145.0657325145794,Ampol AmpCharge,,4.0,Balcombe Road,,3194,CCS (Type 2),1,150.0,2026-05-05T23:53:00Z
487890,3D049BBA-7575-428D-B10D-508586B5B55D,Bunnings Narre Warren,-38.02474639645431,145.31003231996522,Exploren,,2.0,Regency Drive,,3805,CCS (Type 2),1,,2026-05-05T23:48:00Z
486640,067A6129-A50E-4B11-85A8-485613A6C424,Nundroo Roadhouse,-31.79228651835076,132.22512133419514,NRMA,,3.0,61660 Eyre Highway,Coorabie,5690,CCS (Type 2); Type 2 (Socket Only),2,160.0,2026-04-26T07:33:00Z
481551,BD398F35-0BD3-4C41-9C39-A1A204A1B18E,RACV Stratford,-37.96498748573004,147.07965836210963,Chargefox,,2.0,12 Raymond St,Stratford,3862,CCS (Type 2),1,50.0,2026-04-12T00:42:00Z
481550,1EAAD915-A9B7-424D-8665-C47ADD52943D,NRMA Lakes Entrance,-37.88056405685817,147.98600184811744,NRMA,,4.0,Mechanics Street,Lakes Entrance,3909,CCS (Type 2),1,180.0,2026-04-13T01:37:00Z
480800,D87B15BA-12C7-4CD3-8BC7-8374B91CB31A,Vale 194 number 4 Ev Charger ,-35.214681756023786,138.53786206670543,(Unknown Operator),,1.0,4/194 Main Rd,McLaren Vale,5171,Type 2 (Socket Only),1,,2026-04-06T20:20:00Z
480799,1D7CA9DB-5D58-4F20-84BA-4BF08A76D0FB,Vale 194 No. 3 EV Charger for Guest use,-35.2148173751747,138.53809213717636,(Unknown Operator),,1.0,3/194 Main Rd,McLaren Vale,5171,Type 2 (Socket Only),1,,2026-05-08T02:02:00Z
480613,DB5ABDD4-F14E-4C13-905A-ACCEB71F0E9E,Park Lane,-35.91383761902494,150.0792414857017,NRMA,$0.74/kWh,1.0,Park Lane,Moruya,2537,CCS (Type 2),1,150.0,2026-04-04T16:14:00Z
480398,6C051185-440E-40A7-8AED-AAD3FECF002E,John Oxley Drive,-31.458200567763306,152.82699819893708,Tesla (including non-tesla),,12.0,John Oxley Drive,,2444,CCS (Type 2),1,250.0,2026-03-19T05:06:00Z
480188,C55E6D4B-E575-472C-9F44-1F39E3CC978F,Xpeng Parramatta,-32.07741625976311,152.48826050410653,(Private Residence/Individual),,1.0,21 Church Stree,Parramatta,2150,CCS (Type 2),1,4.0,2026-03-16T00:26:00Z
480135,2D078DA9-B0ED-4064-91B8-3A42C70C5160,NRMA EV Charger Walcha,-30.983013170871303,151.59251668897264,NRMA,,2.0,10W Apsley Street,Walcha,2354,CCS (Type 2); CHAdeMO,2,,2026-03-15T08:37:00Z
479894,46339AB9-9F02-4300-BCC0-2DDE8CBADFCC,Strathnairn - West Belconnen,-35.2320840816358,148.99442915180566,(Unknown Operator),free,1.0,Studio Road,Strathnairn,2615,Type 2 (Tethered Connector) ,1,7.0,2026-07-12T04:21:00Z
479893,06F7B40B-966E-42EC-AB84-91A1EEDDF760,The Link - Ginninderry Community & Information Centre,-35.23086287221697,148.99517242729212,Exploren,Free charging for 2hours then charging stopsIdle fee ($/min) = $0.50c / minuteIdle fee grace period (minutes) = 15 minutesIdle fees begin only after charging is complete and the grace period has ended,2.0,1 McClymont Wy,Strathnairn,2615,Type 2 (Socket Only),1,22.0,2026-07-12T04:21:00Z
479892,8FCBDB43-CA60-4526-B3A2-F657CA0563C2,Raiders Club Belconnen,-35.21529459165514,149.00429874537963,WeVolt (AU),35c/kWh + $1.21 service fee Idle fees See wevolt app for details,3.0,155 Hardwick Cres,Holt,2615,Type 2 (Socket Only),1,11.0,2026-07-12T04:21:00Z
479891,26C162BE-50A5-44E4-8107-0917405D1F67,Kippax Fair Shopping Centre,-35.223061356996645,149.01981009603946,BP Pulse (AU),$0.72/kWh,6.0,Hardwick Crescent,,2615,CCS (Type 2); CHAdeMO,2,150.15,2026-07-12T04:21:00Z
479817,7D7F41F7-48DF-4CE6-A037-3CB2E44B101B,Calderwood Village,-34.57238704885878,150.74596188386158,Chargefox,,4.0,Borjeson Circuit,,2527,CCS (Type 2),1,150.0,2026-03-09T04:16:00Z
479816,C85A5A00-4E1C-41A5-B9D9-A0C398A3D1D0,Shellharbour Ampcharge,-34.56282332623376,150.84003054738014,Ampol AmpCharge,$0.60/kWh for pay-as-you-go charging.,10.0,Lake Entrance Road,Shellharbour City Centre,2529,CCS (Type 2),1,180.0,2026-03-09T04:11:00Z
479813,26CC37B3-6B87-494F-89B1-76A80006F981,Ampcharge Dandenong,-37.97452580646607,145.20373217473298,Ampol AmpCharge,$0.60/kWh for pay-as-you-go charging.,4.0,Gladstone Road,Dandenong,3175,CCS (Type 2),1,180.0,2026-03-09T00:36:00Z
479812,2AF5B87E-7989-44C1-98C3-09D4EAE44A47,Hill Street Grocer,-41.587804823795224,147.1202882311427,Chargefox,,4.0,Wellington Street,Longford,7301,Type 2 (Tethered Connector) ,1,22.0,2026-03-08T23:51:00Z
479811,AC055B0C-E5EB-4B39-9CAD-DB3C7E4D0D81,Geelong Supercharger,-38.1708965134698,144.3922134665229,Tesla (including non-tesla),,8.0,Bellarine Highway,Newcomb,3219,CCS (Type 2),1,250.0,2026-03-08T23:51:00Z
479810,4E62D67C-FE14-4C1C-BFC8-2A8E9B8B696F,IKEA Springvale,-37.92633458005251,145.1437568373476,Chargefox,,4.0,Princes Highway,Springvale,3171,Type 2 (Tethered Connector) ,1,22.0,2026-03-08T23:46:00Z
479439,EB623374-75C1-40C6-9D30-6724FA430AA2,Hargreave st Car Park,-36.75920942467174,144.28152180874156,(Unknown Operator),"free, parking cost may apply",12.0,Hargreave St,Bendigo,,Type 2 (Socket Only),1,8.0,2026-03-03T08:37:00Z
475912,821682EA-5FAD-46D4-936D-0FF18192CD77,Mulberry Estate Charger,-31.886987128407867,115.97787623265958,Tesla (including non-tesla),,2.0,Swan Valley Path,,6935,CCS (Type 2),1,160.0,2026-02-10T18:58:00Z
475911,5CC59A5F-BF81-44E4-A8E8-3DEF15E529E3,Armadale Supercharger,-32.15052522037196,116.01440442440423,Tesla (including non-tesla),,6.0,Neerigen Street,Armadale,6112,CCS (Type 2),1,250.0,2026-02-10T18:51:00Z
475513,305C61F0-DDD0-4E52-BB31-0A88F2C78C87,Competitive Windscreens,-33.934893411978834,150.93591558152286,(Unknown Operator),-,1.0,Unit 6/14 Cunningham St,Moorebank,2170,Unknown,1,,2026-07-28T23:04:00Z
474459,96C5F68D-4253-4920-8A7F-404C327C56FA,Big Banana Tesla Supercharger,-30.274110914833187,153.13253636781275,(Unknown Operator),,16.0,351 Pacific Highway,Coffs Harbour,2450,CCS (Type 2),2,300.0,2026-01-25T00:52:00Z
474457,8FF2B688-CB4D-4A6E-BDAB-7EF5A1E4DF93,The Ponds Shopping Centre,-33.706177569208975,150.91276385955848,Ampol AmpCharge,0.75,4.0,The Ponds Boulevard,Sydney,2769,CCS (Type 2),1,150.0,2026-03-10T11:45:00Z
474435,4A8D8E4F-B40C-42CF-ACEE-C62EAAA9FE92,Merriden Supercharger,-31.48102875567887,118.27822516113406,Tesla (including non-tesla),,6.0,Barrack Street,Merredin,6415,CCS (Type 2),3,250.0,2026-01-21T10:52:00Z
473174,7D5F3F93-7BE9-4DC2-98D4-6513D99A62DE,Corrigin Charger,-32.33414525317049,117.87559193743596,Chargefox,,1.0,SR 40,Corrigin,6375,CCS (Type 2),1,20.0,2026-01-21T10:36:00Z
472991,F5AF2F90-343D-4946-B138-6FFEC4A86B4A,Mandurah Forum Mall,-32.53577960295785,115.74472408771112,Chargefox,,2.0,Mandurah Road,Mandurah,6210,CCS (Type 2),1,150.0,2026-01-12T08:04:00Z
472388,2F52EE60-807D-43AA-8DA1-DB5C4598244D,Balladonia - WA EV Network,-32.35432951007393,123.61954850785787,Chargefox,,3.0,Highway 1,Balladonia,,CCS (Type 2); Type 2 (Socket Only),2,50.0,2026-01-01T05:14:00Z
471411,0AAF1444-CE7F-4C77-A72A-7FA6487595E2,Kaniva Tesla Supercharger,-36.37875081316521,141.23908092739225,Tesla (including non-tesla),,10.0,Commercial hotel ,Kaniva,3149,Unknown,1,250.0,2025-12-27T12:48:00Z
471035,A46A1188-CD53-43D3-9E51-D277D4EC7774,"Gin Gin, QLD - Dear St",-24.989456028418857,151.95345505093815,Tesla (including non-tesla),,6.0,4 Dear Street,Gin Gin,4671,CCS (Type 2),1,250.0,2025-12-19T00:12:00Z
471034,25C53169-F4B9-4C2C-96DF-E50C4EA701BA,Albury Showground,-36.06509679862696,146.93423532068664,Exploren,$0.50 plus $0.22/kWh,1.0,21 Hague Ave,North Albury,2640,Type 2 (Socket Only),1,22.0,2025-12-18T23:32:00Z
471033,1A4AF84F-4AA6-4D6C-870D-3ADD5CC79C1A,Dog on the Tuckerbox,-35.00129644033861,148.11056333609463,NRMA,0.70/kWh,2.0,37 Annie Pyers Drive,Gundagai,2722,CCS (Type 2),1,60.0,2025-12-18T23:27:00Z
470793,43BEA53D-625B-41CA-9B96-C0A2309A4D79,Serpentine  Jarahdale Municipal Charger,-32.29770145683969,115.98462064728506,Chargefox,,1.0,Paterson Street,Mundijong,6123,Type 2 (Socket Only),1,22.0,2025-12-10T10:56:00Z
470672,3D7FD374-21FE-4C18-89C2-8795E6044D45,Manjimup NRMA,-34.23994388198981,116.1481549246804,NRMA,,4.0,Mottram Street,Manjimup,6258,CCS (Type 2); CHAdeMO,4,180.0,2025-12-14T06:18:00Z
470663,AB9DD511-E0EA-425A-8587-0CDFB62F00E7,Eneabba NRMA,-29.820973736299308,115.26611873091292,Chargefox,,4.0,Eneabba Drive,,,CCS (Type 2); CHAdeMO,4,180.0,2025-12-25T06:24:00Z
470502,781ACDAB-C97B-4501-B2AE-A2C0F3F6F1C2,The Promenade,-33.28240261266069,115.74093768217693,Chargefox,,2.0,The Promenade,Australind,6233,CCS (Type 2),1,100.0,2025-12-01T12:39:00Z
470328,80C1D498-BB22-4F87-8E22-9A1422A64F86,14 Pascoe Street Parking - Apollo Bay,-38.758398296255834,143.66892168961192,Evie,,1.0,14 Pasco Street,Apollo Bay,3233,CCS (Type 2); CHAdeMO,2,50.0,2025-12-02T01:28:00Z
470327,F777EE0E-A9F9-465C-9713-E29B167C83C7,Port Fairy Sea Scouts,-38.38374006982256,142.23858472162362,Evie,,2.0,5 Bank St,Port Fairy,3284,CCS (Type 2); CHAdeMO,2,50.0,2025-12-02T00:23:00Z
470301,DCBC5402-107F-4627-8861-FEA9E95B0979,Maule Road,-32.0859150105917,115.88137068079533,WeVolt (AU),,1.0,2 Maule Road,Jandakot ,,CCS (Type 2),1,100.0,2025-11-28T08:27:00Z
470244,E9659250-F0E9-460D-9984-2B67ACAF3F05,Scarborough Beach Road,-31.904578816550888,115.80624524662517,Chargefox,,2.0,488 State Route 75,Osbourne Park,6017,CCS (Type 2),2,120.0,2026-04-23T06:39:00Z
470243,D741DD2D-B275-4274-908E-39A15F0DFBB3,Osborne Park Supercharger,-31.90969571694111,115.81261416287998,Tesla (including non-tesla),,8.0,419 State Route 75,Osbourne Park,6017,CCS (Type 2),8,250.0,2026-04-23T06:44:00Z
470241,2715B425-E896-4F11-9D03-7E6BF5F5FF23,Subiaco DC Charger,-31.943967463962927,115.82864117108204,Chargefox,,4.0,201 Subiaco Rd,Subiaco,6008,CCS (Type 2); CHAdeMO,4,75.0,2025-11-26T17:20:00Z
462699,E482FF78-4DF4-4763-BF3A-C8C5C9DC942A,Donato,-38.256545398294726,145.0374398950537,(Unknown Operator),,2.0,88 craigie Rd,Mt Martha,3934,Unknown,1,,2025-11-04T11:49:00Z
462383,E517CE0E-A3BD-4CB9-826E-A021787694DB,Evie Mansfield,-37.05103784342149,146.08673665423203,Evie,,2.0,Early Street,Mansfield,,CCS (Type 2); CHAdeMO,2,50.0,2025-10-25T23:59:00Z
461964,DD2A2AB9-FD66-4D37-B909-66C2D00B990B,Kennington Village Shopping Centre,-36.77522424001277,144.305953060746,(Unknown Operator),Free,2.0,Condon St,Bendigo,3550,CCS (Type 2),1,,2025-10-12T01:39:00Z
461963,2E00B00C-3F82-426A-A1BC-B29CEA33B7CA,La Trobe University Bendigo,-36.778689772739966,144.30153718662336,(Unknown Operator),,10.0,Car Park 1,Bendigo,,CCS (Type 2),1,,2025-10-12T01:29:00Z
461814,1A21AE7E-8C43-44A4-BB5E-97F19B231B8C,Common People Brewing,-28.696494360025127,153.50949385748117,(Unknown Operator),free,2.0,9 Dudgeons Lane,Bangalow,2479,Type 2 (Tethered Connector) ,1,,2025-10-09T04:14:00Z
461735,78E00C52-2642-4B24-B692-9CC36FCBE16C,Tesla Supercharger Keysborough,-37.99265638766672,145.14482179447077,Tesla (including non-tesla),,6.0,Springvale Road,Keysborough,,CCS (Type 2),1,270.0,2025-10-05T04:09:00Z
461734,EB9F825E-7620-4248-AB6A-FF56285B4AE2,Tesla Supercharger Nhill,-36.332722244434336,141.651505985629,Tesla (including non-tesla),,4.0,Nelson Street,Nhill,,CCS (Type 2),1,270.0,2025-10-05T04:09:00Z
461732,808E3788-25AF-4771-A874-D9DC30AFBEEB,Shell Recharge Corio,-38.07542415453054,144.37025628239667,Ampol AmpCharge,,4.0,Princes Highway,Norlane,,CCS (Type 2),1,350.0,2025-10-05T04:04:00Z
461731,C0430411-90B1-47BD-83DF-FD9680DA3BEA,Ampcharge Waurn Ponds,-38.19919196237264,144.31698737047805,Ampol AmpCharge,,6.0,Colac Road,Waurn Ponds,,CCS (Type 2),1,150.0,2025-10-05T03:59:00Z
461730,7F58CF31-7679-41B0-BE06-3735EB5D36CE,Ampcharge Karingal Hub,-38.15191969262739,145.16596676548875,Ampol AmpCharge,,8.0,Karingal Drive,Karingal,,CCS (Type 2),1,180.0,2025-10-05T03:59:00Z
461729,AE3300F6-8509-4202-B068-B3E6FD2E1235,Bunnings Springvale,-37.931885715813294,145.1527741495313,Exploren,free,2.0,Princes Highway,Springvale,,CCS (Type 2),1,120.0,2025-10-05T03:54:00Z
461728,40CD4B1C-86BD-4BE2-8254-56CA44FF3E41,Evie Doncaster East,-37.7617875851612,145.16840228271178,Evie,,4.0,Blackburn Road,Doncaster East,,CCS (Type 2),1,50.0,2025-10-05T03:54:00Z
461335,86F1E3A8-C41C-470F-B862-B14E6774E97E,Tesla Supercharger Coolac ,-34.92406429306022,148.16582371947493,Tesla (including non-tesla),,12.0,477 Coolac Road ,Coolac ,2727,CCS (Type 2),1,300.0,2025-09-24T02:47:00Z
461192,24E4B43D-82BD-429E-932B-78721DBE4358,Equinox Business Park,-35.32076185148239,149.09758722281003,SolarHub Charge (AU),$0.45 per kWh,2.0,Level 1/70 Kent St,Deakin,2600,Type 2 (Tethered Connector) ,1,22.0,2025-09-20T15:15:00Z
460625,661DF780-F3E3-4E7B-A2C8-3E43014B8B7B,Tesla Supercharger Taree,-31.90775175578876,152.46206814642426,Tesla (including non-tesla),,12.0,37 Wynter Street,Taree,2430,CCS (Type 2),1,250.0,2026-09-05T11:22:00Z
460617,76238503-75E5-467B-9251-D5FA4B4AEA6C,Kew Tesla Supercharger,-31.63433387636207,152.7251587763015,Tesla (including non-tesla),$0.52/kWh - $0.72/kWh,8.0,2 Ocean Drive,Kew,2439,CCS (Type 2),1,250.0,2025-09-01T05:09:00Z
460615,F1007179-B0BC-4DCB-AC3C-7FA1CB24EA73,Tesla Supercharger Armidale,-30.51342702073365,151.66370928733022,Tesla (including non-tesla),,4.0,117 Jessie Street,Armidale,,CCS (Type 2),1,250.0,2025-09-01T05:09:00Z
460608,0D908900-F940-4C9A-90EE-844ED639FB2B,Evie Bruthen,-37.70832751627004,147.83442755187457,Evie,,2.0,79 Main St,Bruthen,3885,CCS (Type 2); CHAdeMO,2,50.0,2025-09-01T05:09:00Z
460474,6F6C8B6F-A8C8-43AA-9AAC-DDD27689DE17,Georges Place,-34.41859867256016,150.90226317639872,EVX (AU),0.55,2.0,Georges Place,Wollongong,2500,Type 2 (Socket Only),1,22.0,2025-08-25T07:52:00Z
460473,A6F56A8D-1FE2-40DF-AE67-D01DD40775E7,EVX Austinmer,-34.30096753205442,150.93993271999892,EVX (AU),0.55,2.0,Headland Avenue,Austinmer,2516,Type 2 (Socket Only),1,22.0,2025-08-25T07:52:00Z
460472,19B36FDF-0618-4C8B-8F46-74F26899FA50,Railway Parade Thirroul,-34.3177075435834,150.91844342618032,EVX (AU),0.5,2.0,Railway Parade,Thirroul,2515,Type 2 (Socket Only),1,22.0,2025-08-25T07:52:00Z
460406,7BDD0C3C-6570-4AD6-84B8-8B2A2D02BB4B,Yanchep Station,-31.531513065394773,115.64576693855976,WeVolt (AU),,10.0,Wellness Ave,Yanchep City,,Type 2 (Socket Only),10,22.0,2025-08-16T13:49:00Z
460405,88463BA0-2236-497E-87B7-171B7C0494FE,Egliton Station,-31.58244937544582,115.6710031952469,WeVolt (AU),,10.0,Pipidiny Road,Wanneroo City,,Type 2 (Socket Only),10,22.0,2025-08-16T15:41:00Z
460388,37612A7F-CAF7-4419-91FB-E3E3E3EFBFA9,Bridport Visitor Information Centre,-41.00362304292772,147.39490555873044,Chargefox,$10 flat fee for upto 3 Hours charging but subject to opening hours and availability.,1.0,75 Main Street,Bridport,7262,Type 2 (Socket Only),1,22.0,2025-08-25T07:53:00Z
460387,853BE7F9-1BA1-49C5-826E-A58EC6A19E18,Chargefox - Electric Highway Tasmania ,-41.29976674576168,146.95180996460158,Chargefox,$0.70 per kWh (at all times),2.0,67 Main Rd,Exeter,7275,CCS (Type 2); CHAdeMO,2,80.0,2025-08-25T07:53:00Z
460385,4B10F6B2-B2DB-4B6D-A2E6-C793796ACFB9,Fremantle Village Private Wall Charger,-32.08053323173767,115.7607985219131,Chargefox,,1.0,25 Cockburn Rd,Fremantle City,6173,Type 2 (Tethered Connector) ,1,22.0,2025-08-15T05:10:00Z
460280,855FBD33-7F5E-4E57-8400-0D17B8BE0CF9,New Italy Tesla SuperCharger,-29.153543930988555,153.29699805885593,Tesla (including non-tesla),,12.0,8725 Pacific Motorway,Richmond Valley New Italy,2472,CCS (Type 2),1,250.0,2025-08-25T07:52:00Z
460274,C20E8F04-C229-43A6-85F4-C1A850C1536F,Fremantle Village,-32.08049146557816,115.76093557216541,WeVolt (AU),,2.0,25 Cockburn Rd,Fremantle,6162,Type 2 (Tethered Connector) ,2,22.0,2025-08-15T05:01:00Z
460268,930C9A92-BAF4-4B0C-844E-6D45836AF5EA,Edgewater Mini Mall,-31.77279103960022,115.78903506332733,Chargefox,,2.0,Edgewater at Wisteria,Joondalup City,6027,CCS (Type 2),1,160.0,2025-08-09T08:44:00Z
460267,0D647E0A-059E-4D13-BE19-1DF66D342F09,Warrick Grove Mall,-31.844519570688263,115.81063291060804,Chargefox,$0.69 per kWh,2.0,Beach at Erindale,Stirling City,6024,CCS (Type 2); Type 2 (Socket Only),2,150.0,2025-08-09T08:31:00Z
460266,3A13D514-21C6-4BD0-BDC1-E6E76A17FA70,Armadale Shopping Center Mall,-32.15264094012242,116.01653885290102,Evie,,4.0,34 Prospect,Armadale,6112,CCS (Type 2),2,150.0,2025-08-09T08:12:00Z
460223,2E2FD90F-5FB9-447B-BE39-A9B2DFB1F13A,NRMA - Deloraine,-41.4839213062893,146.597764437431,NRMA,$0.74/kWh,2.0,10 Christmas Hills Road,Elizabeth Town,7304,CCS (Type 2); CHAdeMO,2,180.0,2025-08-07T05:39:00Z
460216,629AC3CF-7FED-4385-A1C7-DAEEC24F82C7,Waterview Motel,-29.44986685538678,153.20044831227457,(Unknown Operator),,4.0,121 River Street,Maclean,2463,CCS (Type 2),1,22.0,2025-08-06T02:54:00Z
460104,75D11F49-CA79-442C-A3BB-60926A11BF0D,Falls Creek Gully Carpark,-36.86168140570233,147.2772150957304,Chargefox,,1.0,Gully Carpark,Falls Creek,3699,CCS (Type 2),1,22.0,2025-07-30T00:34:00Z
460103,0AD8CCC5-1930-4562-9DB2-4ACD453683D7,Mallacoota,-37.55807482068432,149.75830562547122,Chargefox,,2.0,4 Greer St,Mallacoota,3056,CCS (Type 2); CHAdeMO,2,40.0,2025-07-30T00:24:00Z
459875,5DAA84D7-F8A6-4945-835E-D7280C7F3A94,Dunsborough Centerpoint,-33.615314287255,115.10430380966926,WeVolt (AU),$0.60 per kWh,4.0,4/16 Cyrillean Way,Dounsborough,,CCS (Type 2),2,400.0,2025-07-17T12:55:00Z
459866,E49AFC34-F6A0-42BB-9282-D872FBBD9387,Busselton Supercharger,-33.65033638751631,115.3419239059312,Tesla (including non-tesla),,6.0,23 Prince Street,Bussleton,6280,CCS (Type 2),1,250.0,2025-12-01T12:18:00Z
459819,2295FEE4-8EAF-4DE9-9E30-6EC8270A78BC,Erldunda Roadhouse,-25.197621043537964,133.2007686397002,NRMA,0.66,4.0,"Cnr Stuart Hwy &, Lasseter Hwy",Ghan,0872,CCS (Type 2),1,80.0,2025-07-16T04:34:00Z
459292,A340D5F4-4089-4334-869E-9561DA6BD377,Packenham Supercharger,-38.06062002503898,145.45191319274613,Tesla (including non-tesla),,1.0,825 Princess Highway,Packenham,3810,CCS (Type 2),1,270.0,2025-07-08T02:49:00Z
459291,7155B372-E226-4D02-87A8-E4703E5B378D,Abbotsford Supercharger ,-37.809084572181135,144.99588508312934,Tesla (including non-tesla),up to $0.92/kWh,1.0,"313 Victoria Street, Abbotsford Victoria Australia 3067",,,CCS (Type 2),1,250.0,2025-07-08T02:44:00Z
313013,8C2B74AA-86E3-410C-94FB-0306BC215472,RAC Rockingham,-32.278405892367665,115.73343448114483,Chargefox,,3.0,34 Rockingham Road,Rockingham,6168,CCS (Type 2); Type 2 (Socket Only),2,50.0,2025-06-03T07:52:00Z
312994,644CA6FA-049E-4C05-A51F-96EC36D88A5B,Friday Drive,-36.49933162239967,148.31394368312021,Exploren,0,5.0,Friday Drive,Thredbo,2625,Type 2 (Socket Only),5,22.0,2025-06-06T15:29:00Z
312659,7CD94BA8-8266-4892-97A8-191EFADE3E33,Evie 300kW Charger,-31.090167611011005,150.93009578041267,Evie,63c,1.0,Cooper Lane,Tamworth,2340,CCS (Type 2); Type 2 (Socket Only),2,300.0,2025-05-20T02:24:00Z
312348,6FE60986-E8FC-4D0B-9498-54748F5A018E,UQ Sport Synthetic Playing Fields Carpark,-27.49556916265702,153.01687437525777,(Unknown Operator),Free,1.0,Union Road,St Lucia,4067,Type 2 (Socket Only),2,22.0,2025-05-09T05:39:00Z
312274,82278223-084F-409E-9245-21ED0E81C9CB,Tesla Supercharger - Coles Tenterfield,-29.05609836727929,152.0175413889591,Tesla (including non-tesla),$0.69/kWh,3.0,1 Crown St,Tenterfield,2372,CCS (Type 2),1,250.0,2025-05-07T05:24:00Z
312205,A52CB806-7C90-4653-A4FE-941F4543F941,Raintrees Shopping Centre,-16.92767444041077,145.74067618608592,Evie,,1.0,Cochrane St,Manunda,4870,CCS (Type 2); CHAdeMO,2,150.0,2025-05-05T11:24:00Z
312202,0A457DFB-4724-42D9-AF6A-E2173299E55B,North Coogee,-32.103569887176576,115.76179172018556,Chargefox,,1.0,12 Calypso Parade,Cockburn,6163,CCS (Type 2),1,24.0,2025-05-02T08:23:00Z
311913,1B199357-EA08-4E80-AEC4-D5F2348B0189,Ibis Styles - Orange,-33.29624580559161,149.1158097006989,Chargehub,"$0.45 per kWh, may vary. See chargehub app.",3.0,146 Bathurst Road,ORANGE,2800,Type 2 (Socket Only),1,11.0,2025-04-28T10:59:00Z
311851,925F709D-A493-4FB6-B3EE-70F59B38B963,Ti Tree Food Barn And Accomodation,-22.128419686553514,133.41291638188062,(Unknown Operator),$5 per hour at 11kw,1.0,26 Spencer St,Ti Tree,0872,Type 2 (Socket Only),1,22.0,2025-04-28T11:02:00Z
311704,5DCC6551-19AC-4402-B830-49DA36881C2C,Moonee Beach,-30.204419650385248,153.14979824525767,Tesla (including non-tesla),$0.56/kWh,15.0,2 Moonee Beach Rd,Moonee Beach,2450,CCS (Type 2),1,250.0,2025-04-28T11:06:00Z
311439,36160976-BA1F-4ED8-AF9D-8FED366D632D,Mid Western - Rylstone Memorial Ha,-32.7975704730334,149.9704138553882,Smart Charge (AU),$0.33 + $0.35/kWh,1.0,73 Louee Street,Rylstone,2849,Type 2 (Socket Only),1,22.0,2025-04-01T20:29:00Z
311438,27D6B004-9B07-4E5C-89D1-43EE8690992B,Orange City Council - City Library,-33.280686670068434,149.10299728353368,Exploren,$0.47/kWh,2.0,259 Lords Place,Orange,2800,Type 2 (Socket Only),2,7.0,2025-04-01T20:24:00Z
311437,F4FAD277-A712-4809-8804-3646B0BCFA2B,Orange City Council - Lake Canobolas,-33.301609034288234,149.02770582128016,Exploren,$0.47/kWh,1.0,145 Lake Canobolas Road,Nashdale,2800,Type 2 (Socket Only),1,7.0,2025-04-01T20:19:00Z
311308,F5C00528-3C30-4853-A252-0551F881702D,Tesla Destination Charger,-33.883393295749826,151.1945968746586,Tesla (including non-tesla),0,3.0,1 Bay Street,Broadway,2007,CCS (Type 2),1,22.0,2025-03-29T03:34:00Z
311246,FAA5FBA9-5391-4C0E-AEBB-58CFC4998E6E,RAA Charge Burnside,-34.93801594919658,138.6425800415402,Chargefox,,3.0,401 Greenhill Road,Tusmore,5065,CCS (Type 2),1,200.0,2026-07-17T08:24:00Z
309473,5EED8E73-F582-461C-94C5-8D38791B07A9,Jamison Plaza,-35.253593432980516,149.07064139540887,Evie,,4.0,15 Jamison Centre,Macquarie,2614,CCS (Type 2); CHAdeMO,2,150.0,2026-06-30T06:32:00Z
309176,24746A3E-3A24-413C-B4F5-5A19A7320E2A,Margret River Tourist Park,-33.959075795124406,115.06844919683817,(Unknown Operator),Free,1.0,44 Station Rd,Margret River,6285,Type 2 (Tethered Connector) ,1,3.0,2025-03-02T22:02:00Z
309175,E63F8374-7B29-4CD6-A391-FA85C454011B,Voyager Estate,-33.996815152288036,115.05174922517313,(Unknown Operator),Free,2.0,41 Stevens Rd,Margret River,6285,Type 2 (Tethered Connector) ,2,22.0,2025-03-02T21:56:00Z
309174,65412192-C904-4397-B546-2C98166DFF81,Witchcliffe Eco Village Cluster 1B,-34.02471728976703,115.10472719347104,Chargefox,"$0.36 per kWh, 08h00 - 17h00. $0.45 per kWh ,17h00 - 08h00.",2.0,27 Yornitj Grv,Witchcliffe ,6286,CCS (Type 2),1,75.0,2025-03-02T21:39:00Z
309173,CBA4F204-A96B-49B4-AE28-57367BFAEEDB,Witchcliffe Eco Village Cluster 1C,-34.02340379655558,115.10517303012352,Chargefox,"$0.36 per kWh, 08h00 - 17h00. $045 per kWh, 17h00 - 08h00",2.0,41 Kulbardi Way,Witchcliffe,6286,CCS (Type 2),1,75.0,2025-03-02T21:40:00Z
309172,72EE30BA-F209-434D-A8B2-9BF326D74FB9,Witchcliffe Eco Village Cluster 1A,-34.02317492846884,115.10296392250677,Chargefox,"$0.36 per kWh, 08h00 - 17h00. $0.45 per kWh ,17h00 - 08h00.",2.0,Kulbardi Way,Witchcliffe,6286,CCS (Type 2),1,75.0,2025-03-02T21:32:00Z
309094,966EE088-80CD-4E74-B378-E5FFE9FDD1C4,Beverly Sonic Charge,-32.10997423531976,116.92472445036526,(Unknown Operator),$0.65 per Kwh,2.0,52 Dawson Street,Beverly,,CCS (Type 2),1,60.0,2025-02-24T10:40:00Z
308829,C99E50C1-3867-410E-9CF5-6664B1050F87,Tesla Supercharger Runaway Bay,-27.9133368394958,153.40052953561377,Tesla (including non-tesla),,6.0,Lae Drive,Runaway Bay,,CCS (Type 2),1,100.0,2025-03-04T03:29:00Z
308828,F4D4FF16-A798-4DBF-8E27-C79A72A9F78C,Ampcharge Reedy Creek,-28.093761590025125,153.39130286982396,Ampol AmpCharge,$0.60/kWh for pay-as-you-go charging.,1.0,Gemvale Road,Reedy Creek,,CCS (Type 2); CHAdeMO,2,180.0,2025-03-04T03:29:00Z
308827,1C6EDA5E-9C2D-4890-BE0E-28E29A2F0691,Evie Beenleigh,-27.714126734730037,153.18962982741107,Evie,,1.0,Loagan River Road,Beenleigh,,CCS (Type 2),1,50.0,2025-03-04T03:29:00Z
308826,89283AB3-EC89-48A9-8AFF-169DA0E52C0F,Evie Beaudesart,-27.989984369173,152.99919697266995,Evie,,1.0,William Street,Beaudesart,,CCS (Type 2),1,50.0,2025-03-04T03:29:00Z
308750,9347EEBD-7E62-485F-9EC3-011FE9E66B2F,Tesla Supercharger South Melbourne,-37.83227022248282,144.9609633571161,Tesla (Tesla-only charging),,6.0,Clarendon Street,South Melbourne,,CCS (Type 2),1,250.0,2025-03-04T03:29:00Z
308742,A16B3479-D91D-497A-AE58-7AC07198D7B7,Livingstone Market Mall,-32.08562557744585,115.915856491348,Chargefox,$0.65 per kWh,2.0,Nicholson Road ,Canning Vale,6155,CCS (Type 2),2,180.0,2025-02-12T07:02:00Z
308738,E8D9409E-6A9B-4C7F-94D9-08B14AA96693,Tesla Supercharger Bankstown,-33.933123083981414,151.0285550577326,Tesla (including non-tesla),$0.69/kWh,6.0,Chapel Road,Bankstown,,CCS (Type 2),1,250.0,2025-03-04T03:29:00Z
308599,62A2CF20-B000-4EE7-AAC6-783048C73166,RACV Healsville,-37.65071911937986,145.50301488024843,Chargefox,,7.0,Healsville - Yarra Glen Road,Healsville,,CCS (Type 2); Type 2 (Socket Only),2,50.0,2025-02-06T00:24:00Z
308598,E9A95406-9839-4492-A478-BAE92257ED63,Evie Healsville,-37.65406544922198,145.51428135787194,Evie,,1.0,River Street,Healsville,,CCS (Type 2); CHAdeMO,2,50.0,2025-02-06T00:19:00Z
308597,168EDAD8-559E-4BF5-80C6-B07FA0D2F4FA,Evie Chirnside Park,-37.761143550893365,145.3120760296531,Evie,,1.0,Fletcher Street,Chirnside Park,,CCS (Type 2); CHAdeMO,2,50.0,2025-02-06T00:19:00Z
308596,250594C4-B318-4BB3-9C10-BAD0EB333E01,Tesla Supercharger Oakleigh Repair Centre,-37.91568317695367,145.10327868938475,Tesla (including non-tesla),Supercharger rates,6.0,Huntingdale Road,Oakleigh South,,CCS (Type 2),1,250.0,2025-10-05T03:54:00Z
308595,850A3D0E-465A-4578-8BDB-CC2E1981D5F1,Jolt Cheltenham,-37.95675410011873,145.0413433811873,Jolt,,1.0,Bay Road,Cheltenham,,CCS (Type 2); CHAdeMO,2,50.0,2025-02-05T23:39:00Z
308594,A65E3119-2AAD-44D2-95FB-5DC31E6682D9,Jolt Black Rock,-37.97570246970103,145.01742302760965,Jolt,,1.0,Balcolme Road,Black Rock,,CCS (Type 2); CHAdeMO,2,50.0,2025-02-05T23:34:00Z
308593,EEF1D841-7106-429E-9ABB-5688A381D8D4,Jolt Berwick Springs Hotel,-38.05976565896848,145.33777518791914,Jolt,,1.0,Clyde Road,Berwick,,CCS (Type 2); CHAdeMO,2,50.0,2025-02-05T23:34:00Z
308267,4E8DEB7F-C549-49B3-BAB4-C1079C9548B4,CTR Foster,-38.65334183522216,146.20090536375835,Chargefox,,2.0,Station Road,Foster,,CCS (Type 2),1,50.0,2025-01-25T23:59:00Z
308266,C61AE8BF-D761-4F9B-B44C-4C524DDBC7AF,CTR Meeniyan,-38.577399770082174,146.01315810300719,Chargefox,,2.0,Tompkins Road,Meeniyan,,CCS (Type 2),1,50.0,2025-01-25T23:54:00Z
308265,C42BD908-6D1B-4209-A7DE-69FFB9B87871,Tesla Supercharger Goulburn South,-34.77317841750358,149.69280797132302,Tesla (including non-tesla),,12.0,Lockyer Street,Goulburn,,CCS (Type 2),1,250.0,2025-02-17T16:56:00Z
308264,BAFBF5AC-4A7C-4013-8EAC-21966B5E3992,Evie Yarra Juncion,-37.78094746065134,145.61331093083584,Evie,,1.0,Park Road,Yarra Junction,,CCS (Type 2); CHAdeMO,2,50.0,2025-01-25T23:19:00Z
308263,4AA7E11F-2550-4E80-9DFC-D566DA687AAD,Evie Bannockburn,-38.04790103443605,144.17035966698813,Evie,,1.0,High Street,Bannockburn,,CCS (Type 2); CHAdeMO,2,50.0,2025-01-25T23:19:00Z
308262,0ED601A3-D1C5-404D-99B3-CD3FBE734109,Coles Sebastopol,-37.599568029281286,143.84045921173038,Chargefox,,2.0,Midland Highway,Sebastopol,,Type 2 (Socket Only),1,22.0,2025-01-25T23:14:00Z
308229,9D866D76-F3B7-4F35-8AB7-F18717F8666F,Evie Glen Gala Village,-37.79308442111111,144.7896023171707,Chargefox,,4.0,Fitzgerald Road,Sunshine West,,CCS (Type 2); CHAdeMO,2,75.0,2025-01-25T05:49:00Z
308228,003CE8F4-A6E2-4F1F-B9CE-CEAFFF6B1500,Toyota Altona,-37.832781169763166,144.82753568527227,Chargefox,,3.0,Grieve Parade,Altona,,CCS (Type 2); CHAdeMO,2,75.0,2025-01-25T05:44:00Z
308227,894FEEB4-8D7F-4AE9-88FF-D1F0F29AD53A,Lollypop Creek Community Centre,-37.909988077571576,144.61367550280465,Chargefox,,2.0,Shipwright Parade,Harpley,,CCS (Type 2),1,50.0,2025-01-25T05:39:00Z
308226,565B03F9-5BA8-4A78-989E-DC8E8E03BE65,Ampcharge Werribee,-37.899759968148494,144.6650849021937,Ampol AmpCharge,,1.0,Cherry Street,Werribee,,CCS (Type 2),1,180.0,2025-01-25T05:39:00Z
308225,362E01AB-0D13-41DB-820E-14A19C6D88B5,BP Pulse,-37.7557555131601,144.7410636793341,BP Pulse (AU),,8.0,Ballarat Road,Caroline Springs,,CCS (Type 2),1,150.0,2025-01-25T05:14:00Z
308160,079D79F8-7B23-4C49-B9EB-77B886D0526E,RAA Kingston SE,-36.82862578575707,139.84961594515414,Chargefox,,3.0,Marine Parade,Kingston SE,,CCS (Type 2); CHAdeMO; Type 2 (Socket Only),3,200.0,2025-01-23T07:44:00Z
308159,E162EB96-DB7C-4CF0-B3FE-7EDF4E19F2B0,RAA Naracoorte,-36.957104904405874,140.74352876205376,Chargefox,,2.0,Robertson Street,Naracoorte,,CCS (Type 2); Type 2 (Socket Only),2,200.0,2025-01-23T07:44:00Z
308158,EF98E524-AEFE-4C87-8594-4936579E9218,RAA Coonalpyn,-35.69525828198586,139.85657638646347,Chargefox,,2.0,Richards Terrace,Coonalpyn,,CCS (Type 2); Type 2 (Socket Only),2,150.0,2025-01-23T07:44:00Z
308029,BCC42FA8-F77B-4FAC-994B-5C3FF79F59CE,RAA Charge Marla Travellers Rest,-27.30500995290457,133.62169364848148,Chargefox,Peak $0.32 per kWh (5:00PM - 10:00PM) Standard $0.25 other times,3.0,1 Stuart Highway,Marla,5724,Type 2 (Socket Only),1,7.0,2025-01-23T07:44:00Z
307990,2DE1C695-CDDE-4FF1-BCDC-069D29B7B7B1,Woolworths Yass,-34.845647791374056,148.9156385427242,Chargefox,,4.0,Comur Street,Yass,,CCS (Type 2),1,50.0,2025-01-23T07:44:00Z
307989,A69D56C0-75F6-4A70-9274-478BD8411E18,Woolworths Fishermans Bend,-37.8313475403691,144.92982685129846,Chargefox,,2.0,Plumber Street,Fishermans Bend,,CCS (Type 2),1,50.0,2025-01-23T07:44:00Z
307988,26DCDC42-8B0C-4D45-AB50-470E4E3AEDA7,Evie Richmond Library,-37.825531454943984,144.99874510755922,Evie,,1.0,Swan Street,Richmond,,CCS (Type 2),1,50.0,2025-01-23T07:44:00Z
307898,6C9CFC4F-AAE9-414D-8494-8AC9A166E2A6,Riverton Mall,-32.039141558623534,115.90778289825715,Evie,$0.64 per kWh,4.0,353 High,Riverton,6148,CCS (Type 2); CHAdeMO,4,75.0,2025-06-03T10:19:00Z
307788,36CD97A8-3670-4E5E-B717-BAB8993026E5,Ampcharge Barkly Square,-37.776585212413124,144.9639271835984,Ampol AmpCharge,,8.0,Barkly Street,Brunswick,,CCS (Type 2),1,150.0,2025-01-23T07:44:00Z
307787,A7D9A337-CCDD-49F2-BA49-2A124B5C9D7F,Tesla Supercharger Bordertown,-36.29806431043085,140.75704069780193,Tesla (Tesla-only charging),,4.0,Dukes Highway,Bordertown,,CCS (Type 2),1,250.0,2025-01-23T07:44:00Z
307786,3555A320-9E98-46B2-A3BB-60F1EADFCA4B,RAA Bordertown,-36.30916560839312,140.7802897527946,Chargefox,,3.0,Adamson Terrace,Bordertown,,CCS (Type 2); CHAdeMO; Type 2 (Socket Only),3,200.0,2025-01-23T07:44:00Z
307785,E6683D9E-1440-41B6-BE39-84A48614C035,RAA Mount Gambier,-37.83093305008087,140.7803969736217,Chargefox,,8.0,Sturt Street,Mount Gambier,,CCS (Type 2); CHAdeMO; Type 2 (Socket Only),3,200.0,2025-01-23T07:44:00Z
307784,695527B6-06AC-4F3E-8D6E-456E73FD511D,Tesla Supercharger Mount Gambier,-37.83518604477705,140.8022529347133,Tesla (including non-tesla),,6.0,Jubilee Highway,Mount Gambier,,CCS (Type 2),1,250.0,2025-01-23T07:44:00Z
307775,4B0AD37B-8014-4B26-8CA1-02BFCB7AD19C,ENGIE - Chadstone 2,-37.88820940951108,145.08494077130194,Engie,,4.0,Dandenong Road,Chadstone,,CCS (Type 2),1,120.0,2025-01-23T07:44:00Z
307774,6DDB62FE-761C-4287-9F35-F8A6A37835AE,Ampcharge Sandown,-37.94161999001956,145.16671110078272,Ampol AmpCharge,,2.0,Princes Highway,Sandown,,CCS (Type 2),1,180.0,2025-01-23T07:44:00Z
307773,26524B02-CEFA-48A1-807D-A3A89C4E66BA,Ampcharge Cheltenham,-37.99571529046778,145.182222569087,Ampol AmpCharge,,2.0,Cheltenham Road,Keysborough,,CCS (Type 2),1,180.0,2025-01-23T07:44:00Z
307772,6783EC65-0872-46E7-95DD-33DE9426DB31,Evie Portland,-38.34684478419478,141.60283197044578,Evie,,2.0,Henty Street,Portland,,CCS (Type 2); CHAdeMO,2,50.0,2025-01-23T07:44:00Z
307771,CCF53323-7435-4E9C-B570-E15B82B3BBAE,Evie Hamilton,-37.742657443427255,142.0204391323382,Evie,,2.0,Scoresby Street,Hamilton,,CCS (Type 2); CHAdeMO,2,50.0,2025-01-23T07:44:00Z
307770,A5B7BA5D-AA25-484F-805F-15F47931B0E0,Geelong West Veledrome,-38.129239527848746,144.34542725752488,Chargefox,,2.0,Weddell Road,Geelong West,,Type 2 (Socket Only),1,22.0,2025-01-23T07:44:00Z
307769,9CD12B47-863E-4B5C-9A94-0706258A4DD7,Evie Barabool Heights Plaza,-38.16095627974979,144.30595213669608,Evie,,4.0,Province Blvd,Highton,,CCS (Type 2); CHAdeMO,2,50.0,2025-01-23T07:44:00Z
307768,ABBDE75D-171C-423C-BD2D-197534E05D5B,Harden Country Club,-34.5627690756498,148.36103557280512,Exploren,Free,1.0,East Street,Harden,,Type 2 (Socket Only),1,22.0,2025-01-23T07:44:00Z
307767,16697CAC-B412-468D-8D9C-19CCAAD543E6,Cootamundra Library,-34.63980461006843,148.02613856207262,Exploren,,4.0,Wallendoon Street,Cootamundra,,Type 2 (Socket Only),1,22.0,2025-01-23T07:44:00Z
307766,A8CB174B-FEC7-40BA-9F3D-42A37BB2F642,Evie St Arnaud,-36.615281555447034,143.25846054416633,Evie,,2.0,Golden Street,St Arnaud,,CCS (Type 2); CHAdeMO,2,50.0,2025-01-23T07:44:00Z
307765,9D37CFE5-5FCF-40CC-9932-4879030F7442,Evie Avoca,-37.090140210860675,143.47445272035532,Evie,,2.0,High Street,Avoca,,CCS (Type 2),1,50.0,2025-01-23T07:44:00Z
307764,045232ED-0293-4CCE-B703-FD8C9D42E52D,Trentham Visitor Information Centre,-37.38857348160439,144.32539419117688,Chargefox,,2.0,Albert Street,Trentham,,CCS (Type 2); CHAdeMO,2,50.0,2025-01-23T07:44:00Z
307763,41CAD96F-0B51-49B8-8C67-B33A1C4FE5FB,Evie Cowes,-38.4507421042261,145.2404278198406,Evie,,4.0,Chapel Street,Cowes,,CCS (Type 2); CHAdeMO,2,50.0,2025-01-23T07:44:00Z
307762,37D426CC-B02D-4A4C-A3D1-45F2E7643142,Evie Traralgon,-38.19729526031544,146.54141869877014,Evie,,2.0,Princes Street,Traralgon,,CCS (Type 2); CHAdeMO,2,50.0,2025-01-23T07:44:00Z
307761,2A05EE34-A321-4D8A-A396-A6529B5C935F,Tesla Supercharger Traralgon,-38.192546578861105,146.527465028071,Tesla (Tesla-only charging),$0.66/kWh,4.0,Grey Street,Traralgon,,CCS (Type 2),1,250.0,2025-01-23T07:44:00Z
307760,695E7B89-2D54-4001-AC1C-D838B7BC03E8,Tesla Supercharger Lucas,-37.543339004512035,143.78422184851445,Tesla (including non-tesla),$0.78/kWh,10.0,Lilburne Street,Lucas,,CCS (Type 2),1,250.0,2025-01-23T07:44:00Z
307759,8EE747E1-A724-4BCE-8AB2-BF82A5C189D2,Ampol Foodary,-38.24620744489461,143.98330610676584,Ampol AmpCharge,$0.60/kWh for pay-as-you-go charging.,1.0,Princes Highway,Winchelsea,,CCS (Type 2); CHAdeMO,2,180.0,2025-01-23T07:44:00Z
307698,D24839AE-AD40-475E-B23B-5634403E10E5,Eastlake Parade - Streetlight SL217828,-35.312486897855344,149.14620754929297,Thundergrid,0,1.0,33 Eastlake Parade,Kingston,2604,Type 2 (Socket Only),1,22.0,2025-01-06T17:12:00Z
307478,73A3CDC3-4015-4DAA-AE58-0D86F618D648,Melville City - LeisureFit,-32.03968803198156,115.83200365710911,Chargehub,,2.0,521 Marmion St,Melville City,6154,Type 2 (Socket Only),1,22.0,2024-12-27T07:32:00Z
307477,F216B644-A0E7-4527-B7DD-3BBDAC70178F,Melville City - City Hall,-32.0322316337417,115.83247239799903,Chargehub,$0.55 per kWh,2.0,10 Almondbury Rd,Melville City,6154,CCS (Type 2),1,60.0,2025-11-23T04:53:00Z
306891,9A7966CF-9F0F-4CA6-9081-D2312CFF09E2,Buckland Kent St,-42.60668821556477,147.71852154472168,(Unknown Operator),64 cents per kW,1.0,"23 Kent Street, Buckland, Tasmania",Buckland,7190,Type 2 (Tethered Connector) ,1,22.0,2025-06-22T07:04:00Z
306858,55119A74-F84D-4843-9C98-BED4DDD47C9D,Buckland Kent St,-42.60669976786134,147.7185327664647,(Unknown Operator),64 cents per kW hour,1.0,"23 Kent Street, Buckland, Tasmania",Buckland,,Type 2 (Tethered Connector) ,1,22.0,2025-01-23T07:59:00Z
306743,BE47D8D3-DE12-458C-A702-D3DDF11919BE,Armadale Fitness and Auqatic Center,-32.13378217875158,116.00360230509733,Chargehub,,2.0,76 Champion Drive,Armadale City,,Type 2 (Socket Only),1,22.0,2024-12-04T16:58:00Z
306626,8CC6DC8E-D0E2-4CBA-A986-295D464D4E61,Port Headland (WA EV Network),-20.309214965529335,118.59299891016775,Chargefox,"$0.60 per kWh for fst DC, $0.35 per kWh for slow AC",1.0,3 Sutherland Road,Port Headland,6721,CCS (Type 2); Type 2 (Socket Only),2,150.0,2025-01-29T15:32:00Z
306581,C4440484-8E83-4DD6-B802-72C8DFDBE228,WA EV Network - Fortescue River,-21.295783915716314,116.13807973599131,Chargefox,"$0.60 per kWh for fast DC, $0.22 per kWh for slow AC.",1.0,51 Highway 1,Mardie,6714,CCS (Type 2); Type 2 (Socket Only),2,50.0,2024-11-27T15:33:00Z
306224,494A3A8C-149F-4001-867B-37787314FAF3,Perth City Supercharger,-31.953457974189973,115.83912294028778,Tesla (including non-tesla),,6.0,Kulunga Grove,Perth,6005,CCS (Type 2),1,250.0,2024-12-22T14:52:00Z
306096,D664B99A-2F08-4A07-AAC5-B5B47C248FD9,Sandfire (WA EV Network),-19.768818135351367,121.09160068026648,Chargefox,"$0.60 per kWh for fast DC, $0.35 per kWh for slow AC",2.0,Highway 1,Sandfire,6725,CCS (Type 2); Type 2 (Socket Only),2,50.0,2025-01-29T15:33:00Z
306095,9B78D669-9DA3-4E58-BA78-9CC43887C3BA,WA EV Network - Whim Creek,-20.838466287478184,117.83409361484922,Chargefox,"$0.60 per kWh fast DC, $0.35 per kWh slow AC.",2.0,Lot 58,Whim Creek,6718,CCS (Type 2),1,150.0,2024-11-15T15:56:00Z
306072,4B498211-4731-4CB5-A911-EADB1FD5B604,Ampol Foodary North Yunderup,-32.5671631849554,115.79829772601357,Ampol AmpCharge,$0.60 per kWh,1.0,741 Pinjarra Rd,North Yunderup,6208,CCS (Type 2); CHAdeMO,2,180.0,2024-11-14T15:49:00Z
306018,E922546B-A2E0-47AC-87D8-DA7F20B3709F,Redgrave Park,-34.81320838371845,147.20146957248267,Exploren,$0.25 each 30 mins plus $0.28/kWh,1.0,Loughnan Street,Coolamon,,Type 2 (Socket Only),1,22.0,2024-12-08T01:54:00Z
306017,E6F4CEA1-E797-4DFC-BBEB-EA1BAAB8739B,Ganmain Craft Cottage,-34.79340665268592,147.03869475917048,Exploren,$0.50 per hour plus $0.28/kWh,2.0,76 Ford Street,,2702,Type 2 (Socket Only),1,7.0,2024-12-08T01:54:00Z
306016,6DAB807E-A2F4-45FF-B7EA-770B12F6BAD2,Middy's Wagga East,-35.123640112987474,147.3992802491099,Everty,$0.35/kWh,1.0,Stuart Road,,2650,CCS (Type 2); CHAdeMO,2,25.0,2024-12-08T01:54:00Z
306015,D3015427-ACDF-4CDE-B4A6-28A9AF74AD9C,Griffith City Volkswagen,-34.30220873271793,146.0827951103297,Chargefox,$0.40/kWh,1.0,Kurrajong Avenue,,2680,CCS (Type 2),1,24.0,2024-12-08T01:54:00Z
306014,8A6B1087-1905-4678-B134-CB9713F8C46E,Owen Toyota,-34.299877486665665,146.0781598113113,Chargefox,$0.40/kWh,2.0,Owen Drive,,2680,CCS (Type 2),1,50.0,2024-11-14T09:54:00Z
306013,69630032-91B9-4C2F-B5EF-590872DA49D4,Griffith Leagues Club Southside,-34.29247666125356,146.05114295544826,Tesla (including non-tesla),up to $0.92/kWh,6.0,2 Bridge Road,Griffith,2680,CCS (Type 2),1,250.0,2024-12-08T01:54:00Z
305980,EC9A011A-394A-4D17-9C78-27C6CFFA8EED,NRMA Ararat,-37.28516365724295,142.92645264670017,NRMA,66c / 60c for members,4.0,Taylor Street,Ararat,3377,CCS (Type 2); CHAdeMO,2,150.0,2024-11-12T01:29:00Z
305979,7020C89D-D467-4913-A427-E648CACAB912,NRMA Marong,-36.73483353372276,144.13365887284453,NRMA,66c / 60c for members,4.0,32 High Street,Marong,3515,CCS (Type 2); CHAdeMO,2,180.0,2026-05-13T00:41:00Z
305978,90BB449B-879C-488C-BDEF-C5360AE9C3E0,NRMA Wycheproof,-36.07623961780974,143.22518416666645,NRMA,66c / 60c for members,4.0,361 Broadway,Wycheproof,3527,CCS (Type 2); CHAdeMO,2,150.0,2024-11-12T01:19:00Z
305977,85C384F7-A8C1-4D04-9852-87EF1041F978,NRMA Ouyen,-35.071599703997784,142.31988019027813,NRMA,66c / 60c for NRMA Members,4.0,8 Hughes Street,Ouyen,3490,CCS (Type 2); CHAdeMO,2,150.0,2024-11-12T01:14:00Z
305975,5C1C58CE-8D11-4D49-87D6-5E1126DC5131,Armadale City,-32.150681222892466,116.01697710197169,(Unknown Operator),,2.0,Jull Street,Armadale,6112,CCS (Type 2); Type 2 (Socket Only),4,60.0,2024-12-04T05:15:00Z
305540,D8E333F9-7F6E-4C95-B32D-DAB49A713C4B,Autobahn Armadale,-32.14798632595281,115.98536350907739,Chargefox,$0.55kWh,2.0,1256 Armadale Road,"Armadale, ",6112,Type 2 (Socket Only),1,22.0,2024-10-20T06:05:00Z
304459,07400EE6-532F-418A-8EA5-3E096ACFC026,RAA Charge Brickworks,-34.9131230518513,138.56301692754607,Chargefox,"DC is Evening peak 68c kWh (5:00pm to 10:00pm), Standard 59c kWh (all other times), AC is Evening peak 32c kWh (5:00pm to 10:00pm), Standard 25c kWh (all other times)",3.0,2 Ashwin Parade,Torrensville,5031,CCS (Type 2); CHAdeMO; Type 2 (Socket Only),3,200.0,2024-10-14T08:09:00Z
304358,6CCE2F5F-45CA-4338-9751-348A0D5729A1,NRMA Mandurah,-32.50979875144507,115.73981288369129,Chargefox,$0.65 per kWh ,2.0,Magenta Terrace,Mandurah,6210,CCS (Type 2); CHAdeMO,2,120.0,2024-09-24T10:58:00Z
304335,866F681A-78A4-4E81-AB55-40CFBEEAD479,All Saints College,-32.048870705546086,115.86542217360795,WeVolt (AU),$0.25 per kWh,2.0,28 Ewing Ave,Bull Creek,6163,CCS (Type 2),1,50.0,2024-09-23T10:23:00Z
304318,1B4E3A02-F221-4FA7-9AA9-29EB1433467E,Hunter Street,-27.596393387636958,152.7462094147789,Ampol AmpCharge,,2.0,Hunter Street,,4305,CCS (Type 2); CHAdeMO,2,120.0,2024-10-14T08:09:00Z
304196,A579991F-B900-4339-A97C-7C9AE8C0D3C7,Monto's Grand Hotel,-24.862625832767137,151.12151830708194,NRMA,,4.0,32 Lister Street,Monto,4630,CCS (Type 2); CHAdeMO,2,,2024-09-17T13:28:00Z
303938,340A6698-FC6B-4B1A-BEF2-9DEA18B536C9,Bidyadanga Turnoff (WA EV Network),-18.721350107077058,121.87899345971687,Chargefox,"$0.60 per kWh for fast DC, $0.35 per kWh for slow AC.",1.0,Bidyadanga Road,Lagrange,6725,CCS (Type 2); Type 2 (Socket Only),2,50.0,2025-01-29T15:34:00Z
303937,E1703A01-0D86-4C25-90B2-1359F5FABE5A,Ngumpan (WA EV Network),-18.749254525895964,126.11371953941125,Chargefox,$0.60 per kWh at all times.,1.0,Great Nirthern Highway,,,CCS (Type 2),1,75.0,2024-09-10T09:37:00Z
303716,A405122A-D3C0-4D2E-899E-F66653CDBCD1,NRMA Midland ,-31.8962683,116.01022,Chargefox,$0.65 per kWh,1.0,Clayton St,Midland ,,CCS (Type 2); CHAdeMO,2,120.0,2024-09-01T05:20:00Z
303446,37B1510D-762B-4998-9892-6DE2B9AC7FB1,K Park Playhouse Lane,-34.925115,138.595206,Chargefox,$0.50/kWh,1.0,20 Playhouse Ln,Adelaide,5000,CCS (Type 2); CHAdeMO,2,125.0,2024-08-25T01:12:00Z
302585,2700862A-909F-48A0-93D8-83CFA5593669,BP South Bound,-32.30983528619279,115.83240066607163,BP Pulse (AU),65c/kWh,6.0,Leary Road,,6171,CCS (Type 2),1,150.0,2024-08-14T03:03:00Z
302397,D3C20FB4-E2AE-4F1F-89D3-7FABA3C17762,Miller Grove,-37.875016711913474,145.128081929617,Exploren,free,2.0,Miller Grove,,3149,CCS (Type 2),1,22.0,2025-01-06T17:09:00Z
302211,50C40FF6-BFF0-4573-B61C-F6A4CEE0A302,Green Head Supercharger,-30.070090453487722,114.96554294156368,Tesla (Tesla-only charging),,6.0,Ocean View Drive,Green Head,6514,CCS (Type 2),6,250.0,2025-05-05T03:02:00Z
301868,33498C34-5C0B-448E-B567-B8AAC892ED90,Eli Waters Shopping Centre,-25.286041551013156,152.8158038522372,Evie,0.68,4.0,2 Ibis Boulevard,Hervey Bay,,CCS (Type 2),1,150.0,2024-07-29T05:35:00Z
301260,B60E0DDF-09EB-4438-AECA-4DF1090A6BEA,Minilya WA EV Network,-23.752240907122726,114.01430399748614,Chargefox,,2.0,Minilya-Exmouth Road,,,CCS (Type 2); Type 2 (Socket Only),2,50.0,2024-07-17T14:38:00Z
300856,826913CD-7E19-4728-BC55-BA2BB02E7D73,BP Pulse Northbound ,-32.30935248843228,115.83043488599236,BP Pulse (AU),65c/kWh,6.0,191 Paparone Road,Perth,6171,CCS (Type 2),1,150.0,2024-08-14T02:59:00Z
300802,DFC905F9-AD96-456F-96ED-A9157DEF04A0,Gunabul HomeStead,-26.199375967349063,152.6570568531024,(Unknown Operator),$0.70/kWh,2.0,9 Power Road,Southside,4570,CCS (Type 2),1,160.0,2024-07-13T01:09:00Z
300801,4612E140-1191-4D36-8B8D-149B6CCC6A70,Willowbank Raceway,-27.68917090278832,152.6532223508002,Elanga (AU),,2.0,133 Champions Way, Willowbank,4306,CCS (Type 2),1,300.0,2024-07-26T06:19:00Z
300463,2F6C71BA-3CA7-4B88-AC2D-5002C4858938,Spotted Gum Retreat Holiday Accommodation,-36.30497745879883,150.12519241466634,(Unknown Operator),enquire,1.0,Lamont Young Drive,Mystery Bay,2546,Type 2 (Tethered Connector) ,1,7.0,2024-09-22T14:55:00Z
300418,1CD807F2-2ADC-43C6-BA6F-9A0912AC740D,Watermarc Carpark (LG),-37.70397622211952,145.10521824749753,(Unknown Operator),0,3.0,Greensborough Walk,,3088,Type 2 (Socket Only),1,11.0,2024-07-08T03:19:00Z
300155,9631A45F-5E28-4554-9B29-2EF397378C88,Tesla Supercharger Campbellfield,-37.68912458660884,144.95662465559099,Tesla (Tesla-only charging),69c / KwH,1.0,Camp Road,Campbellfield,3060,CCS (Type 2),1,250.0,2024-06-25T11:24:00Z
300154,53427D63-0B3F-419B-90F8-BE378D8FBF58,Tesla Supercharger Albury,-36.07928408317759,146.91360130129283,Tesla (including non-tesla),$0.69/kWh,12.0,Stanley Street,Albury,2640,CCS (Type 2),1,250.0,2024-06-25T11:24:00Z
300153,5278919B-0FBC-4F35-A56A-4E6D0E057921,Tesla Supercharger Wagga Wagga,-35.13104690746256,147.3397865366278,Tesla (including non-tesla),$0.69/kWh,6.0,Fernleigh Road,Wagga Wagga,2650,CCS (Type 2),1,250.0,2024-06-25T11:19:00Z
300152,22B48BD3-2512-4D76-B800-ACB1A06FDF04,Evie Cranbourne Homemaker Centre,-38.08489638497555,145.27849713747787,Evie,,1.0,South Gippsland Highway,Cranbourne,3977,CCS (Type 2); CHAdeMO,2,50.0,2024-06-25T11:14:00Z
300151,0E7AE399-1493-424C-9749-9FA4ABD370C8,Engie Cranbourne Park,-38.10907515763703,145.28176239248455,Engie,,3.0,Cranbourne Drive,,3977,CCS (Type 2); CHAdeMO,2,120.0,2024-06-25T11:14:00Z
300150,6DFB4BAB-0AE3-4EF6-9E7A-F014F9BF1D82,BP Pulse Cranbourne,-38.110286646748186,145.2640707648552,BP Pulse (AU),$0.55/kWh,1.0,Cranbourne-Frankston Road,Cranbourne West,3977,CCS (Type 2); CHAdeMO,2,75.0,2024-06-25T11:14:00Z
300149,58B95FA8-0E1E-41B0-8B0E-C341EA36B693,Telsa Supercharger Box Hill,-37.837816422984424,145.1346849142019,Tesla (including non-tesla),,12.0,Ailsa Street,Box Hill South,3128,CCS (Type 2),1,250.0,2024-06-25T11:14:00Z
300148,E77DE053-5408-4E6E-B4CE-FCBA56851A0A,Tesla Supercharger Brighton East,-37.907528089556905,145.01117779850802,Tesla (including non-tesla),$0.69/kWh,3.0,Hope Street,Brighton East,3186,CCS (Type 2),1,250.0,2024-06-25T11:09:00Z
300147,1F235752-DCFF-432E-A241-BC7DFC7BA6AA,Bridge Street,-37.94495495500977,145.00192929573643,Ampol AmpCharge,$0.60/kWh for pay-as-you-go charging.,1.0,Bridge Street,Hampton,3191,CCS (Type 2); CHAdeMO,2,180.0,2024-06-25T11:09:00Z
300146,299B76E7-4AA0-4BBE-92C6-596611C23A03,Bay Trail,-38.00841347461177,145.0848841496986,Evie,,1.0,Bay Trail,Moordialloc,3195,CCS (Type 2); CHAdeMO,2,50.0,2024-06-25T11:04:00Z
299958,4EF01999-6A69-4428-934B-FFA417DC9A24,Dongra Electrical,-29.251767146809307,114.93533678947051,Exploren,$0.35 per KwH,2.0,Point Leander Drive,Dongara,6525,Type 2 (Tethered Connector) ,2,22.0,2024-06-13T15:43:00Z
299904,8590DDE8-0402-4A04-9EED-0D8813E41BC9,Club Lithgow,-33.485305997724765,150.1520457902966,Exploren,See Exploren app.,4.0,"2c Lithgow St, ",Lithgow,2790,Type 2 (Socket Only),1,22.0,2024-06-17T11:11:00Z
299879,797473D2-D572-4D0A-9141-81A5F0C95BBE,Chargefox Charging Station,-34.07085887727317,150.80665583075495,Chargefox,$0.60/kWh,1.0,38 Camden Rd,Campbelltown,2560,CCS (Type 2); CHAdeMO,2,75.0,2024-06-11T09:50:00Z
299804,7DDC5CFB-3EC9-4AE2-A4B3-EF6B263DB493,EPM,-31.97974757849547,115.97197588423592,Chargefox,$0.45 per kWh,2.0,Baldwin Street,,6105,CCS (Type 2),1,75.0,2024-06-05T16:09:00Z
298483,BFACB6EE-C799-4D7B-942D-E143521CDF4B,Pardoo Road House (WA EV Network),-20.05385007735012,119.8271567468621,Chargefox,,3.0,Highway 1,Pardoo,6721,CCS (Type 2); Type 2 (Socket Only),2,50.0,2024-05-09T00:19:00Z
298208,255A6AF1-2354-4EBD-88D8-3A9369CF7055,Blackbutts Road,-33.741938777072164,151.21364536627425,(Unknown Operator),,1.0,Blackbutts Road,Frenchs Forest,2085,CCS (Type 2),1,,2024-05-10T08:24:00Z
298207,C0201F83-3576-4EB2-AD4E-79CEA0D152BD,Opposite Malbara Crescent,-33.741938777072164,151.21364536627425,(Unknown Operator),,1.0,Blackbutts Road,Frenchs Forest,2085,Unknown,1,,2024-05-10T08:24:00Z
298092,4F969ED5-E93C-4AA2-8D58-37BCD041D187,Waikerie Civic Centre,-34.18231041374674,139.98631021340225,Chargefox,"DC is Evening peak 68c kWh (5:00pm to 10:00pm), Standard 59c kWh (all other times), AC is Evening peak 32c kWh (5:00pm to 10:00pm), Standard 25c kWh (all other times)",7.0,1A Strangman Road,Waikerie,5330,CCS (Type 2); CHAdeMO; Type 2 (Socket Only),3,200.0,2024-05-10T08:24:00Z
298091,408D0C1F-E0E0-4C60-B34F-9215323EDE6B,Kirriemuir Motel and Cabins,-34.18605180138638,139.99661283387684,Chargefox,"Evening peak 32c kWh (5:00pm to 10:00pm), Standard 25c kWh (all other times)",3.0,108 Ian Oliver Drive,Waikerie,5330,Type 2 (Socket Only),1,7.0,2024-05-10T08:24:00Z
297859,D946117E-3CC0-4E98-BB80-89C24A41AA19,Terrace Central [Tesla],-32.76374294675019,151.742101372786,Tesla (including non-tesla),$0.68/kWh,12.0,Glenelg Street,Raymond Terrace,2324,CCS (Type 2),1,250.0,2026-03-05T09:39:00Z
297730,D10A4A56-E4AC-4443-97B3-B57EC596B3BD,Ellendon Street,-35.25805966511065,149.4398991158709,Exploren,,8.0,Ellendon Street,Bungendore,2621,Type 2 (Socket Only),1,22.0,2024-04-25T11:18:00Z
297509,CCD83987-4198-42F0-A44E-23FC91FE153C,Bannister Road,-32.80115991667573,116.47522932344805,Chargehub,"$0.45 per kWh, may vary. See chargehub app.",1.0,20 Bannister Road,Boddington,6390,Type 2 (Socket Only),1,22.0,2024-04-12T09:56:00Z
297166,76BC10CE-463A-4E17-A808-5C6795F2BEAE,Spud's Roadhouse Motel,-31.2557851,136.80266,Chargefox,,2.0,Stuart Highway,Pimba,5720,CCS (Type 2); Type 2 (Socket Only),2,150.0,2024-04-02T11:44:00Z
297165,3B065345-B397-434A-AE0E-A75E44C6F7FD,Kulgera Roadhouse and Caravan Park,-25.840736817666908,133.29974959294498,(Unknown Operator),$10 per hour @22kw,1.0,Kulgera Crescent,Kulgera,0872,Three Phase 5-Pin (AS/NZ 3123),1,22.2,2024-04-02T11:29:00Z
297042,5B7A437F-8969-43D8-BDD9-F1A1AA699D9D,AmpCharge Charging Station,-33.765456662016454,150.62149884005026,Ampol AmpCharge,,1.0,78 Great Western Highway,Glenbrook,2773,CCS (Type 2); CHAdeMO,2,150.0,2024-03-30T04:59:00Z
296683,DDA74C11-D6A8-4CB2-AF87-D7846C343D16,Margaret River (WA EV Network),-33.953590454066756,115.07079111266364,Chargefox,$0.60 per kWh at all times.,4.0,Wallcliffe Road,Margaret River,6285,CCS (Type 2),2,150.0,2024-03-16T01:49:00Z
296536,9B6DB00D-66CA-4F76-B250-BC614C71221F,Kalgoorlie (WA EV Network),-30.750111329876674,121.47511538931815,Chargefox,"$0.60 per kWh for high power DC, $0.35 per kWh for low power AC.",3.0,Cassidy Street,Kalgoorlie ,,CCS (Type 2); Type 2 (Socket Only),2,150.0,2024-03-16T01:57:00Z
296045,9738C105-BB11-470C-B9AB-D912716047F2,Tesla Superchargers Yass,-34.84380365342569,148.9141018891671,Tesla (including non-tesla),$0.52/kWh,1.0,Lead Street,Yass,2582,CCS (Type 2),1,250.0,2024-03-06T09:49:00Z
296044,7CE28C64-6585-4068-BC3E-46522189C8B4,Tesla Supercharger Holbrook,-35.7229067434558,147.3171930996939,Tesla (Tesla-only charging),$0.69 / kWh,1.0,Swift Street,Holbrook,2644,CCS (Type 2),1,250.0,2024-03-06T09:49:00Z
296038,74329DCD-F506-442C-8C24-03644C065663,KFC Goulburn,-34.772316512568395,149.69267286725506,Chargefox,,2.0,Lockyer Street,Goulburn,2580,CCS (Type 2),1,75.0,2025-01-24T09:21:00Z
296037,B60BF20F-CCCE-44D4-BDBF-1DDCE45E81C3,Evie Leongatha,-38.47811653249701,145.94369632320195,Evie,,1.0,McCartin Street,Leongatha,3953,CCS (Type 2); CHAdeMO,2,50.0,2025-01-24T09:21:00Z
296036,88DFB190-4A87-4CDB-B6DF-9FD04BA227F6,CTR Leongatha,-38.47607406598741,145.9449660995017,Chargefox,,1.0,Pern Lane,Leongatha,3953,CCS (Type 2); CHAdeMO,2,50.0,2025-01-24T09:21:00Z
296035,951C8CF9-CB4F-4CB2-B1AB-0B069208CA2A,Evie Korumburra,-38.43454681668418,145.82550050274392,Evie,,1.0,Mine Road,Korumburra,3950,CCS (Type 2); CHAdeMO,2,50.0,2025-01-23T11:01:00Z
296034,F0CC2DCB-668C-4BA5-A5E5-1B62C2E00EC2,CTR Korumburra,-38.43293285267044,145.82559498595492,Chargefox,,1.0,Commercial Street,Korumburra,3950,CCS (Type 2); CHAdeMO,2,50.0,2025-01-24T09:20:00Z
296033,B66A0BE9-DAB5-4DA6-BAB8-673E0BF1A64D,Evie Warrigul,-38.16759449972774,145.95340965722312,Evie,,1.0,Queen Street,Warragul,3820,CCS (Type 2); CHAdeMO,2,50.0,2024-03-06T05:39:00Z
296032,E80E8B9B-4DB4-483B-925D-37A618C8D79B,Engie Monash University,-38.15200425352916,145.13493764315962,Engie,,3.0,McMahons Road,Melbourne,3199,CCS (Type 2); CHAdeMO,2,120.0,2025-01-09T08:53:00Z
295995,43D49AEC-D127-46F0-B6A1-413A827489AF,RAA Ceduna,-32.12627372979047,133.6729436190849,Chargefox,0.59 - 0.68 AUD kWh,2.0,McKenzie Street,Ceduna,5690,CCS (Type 2),1,150.0,2024-03-01T08:45:00Z
295994,AA3C677E-BE8B-4E21-9CB8-7F93C0C786F6,NRMA Cabarita Beach,-28.33164512189506,153.56421838432203,NRMA,$0.60/kWh,4.0,45 Cabarita Road,Bogangar,2488,CCS (Type 2); CHAdeMO; Type 2 (Socket Only),4,300.0,2024-03-06T17:53:00Z
295993,A11F6554-6028-4B9C-9359-853EEEBD6D46,Evie Ararat,-37.282013366626494,142.9297245107835,Evie,,1.0,Western Highway,Ararat,3377,CCS (Type 2); CHAdeMO,2,50.0,2024-03-04T03:24:00Z
295992,99EDD644-46EC-4818-A5CA-AB4473B9C6F4,Tesla Superchargers Stawell,-37.054694820216696,142.7814197610627,Tesla (including non-tesla),$0.66/kWh,12.0,Church Street,Stawell,3380,CCS (Type 2),1,250.0,2025-01-09T08:52:00Z
295991,DC789A39-8504-4175-96D8-BF7EAE121813,Evie Stawell,-37.05706536578791,142.78103976991747,Evie,,1.0,Skene Street,Stawell,3380,CCS (Type 2); CHAdeMO,2,50.0,2024-03-04T03:24:00Z
295990,27D08670-6570-4691-A5B8-9A75D636DC4B,Evie Benalla,-36.55114428189935,145.98425664687772,Evie,,1.0,Denny Street,Benalla,3672,CCS (Type 2); CHAdeMO,2,50.0,2024-03-04T03:19:00Z
295989,7B310C1D-27CC-4976-A1B4-5689F6064953,Evie Mornington,-38.22449869065465,145.03964281641652,Evie,,2.0,Cromwell Street,Mornington,3931,CCS (Type 2); CHAdeMO,3,50.0,2024-06-25T11:04:00Z
295979,4A47EACD-B9EC-48F5-8DCD-15DFA845E9F7,Barrenjoey Road,-33.597285174014345,151.31997898476163,Jolt,"First 7kWh free, then $0.49 per kWh thereafter. $5/hr idle time",1.0,Barrenjoey Road,,2108,CCS (Type 2); CHAdeMO,2,25.0,2024-03-03T23:09:00Z
295940,B50FD272-35AB-460F-BAF4-55DFE8916ABB,Nanutarra (WA EV Network),-22.543198410447303,115.50141571783809,WA EV Network (AU),"$0.60 per kW for fast DC charger, $0.36 for slow AC charger,",2.0,North West Coastal Highway,,,CCS (Type 2); Type 2 (Socket Only),2,50.0,2024-03-03T09:23:00Z
295863,2C218C1D-6F70-4958-8128-3212E6BE9E9A,Puma INGLEWOOD,-28.41795526622294,151.07778635013676,(Unknown Operator),,1.0,Albert Street,Inglewood,4387,Unknown,1,,2024-02-28T02:54:00Z
290685,0C632EFE-707A-424A-B5E9-D64EAD36F0FE,RAA Charge Marla Travellers Rest,-27.303895427172144,133.62317371162635,Chargefox,Evening Peak 32c per kWh (5:00PM to 10:00PM) 25c all other times,3.0,Wattle Street,Marla,5724,CCS (Type 2); Three Phase 5-Pin (AS/NZ 3123),2,15.0,2025-01-20T16:05:00Z
289988,3035725C-7D28-46C2-B45F-3C6B76284F14,Kojonup Supercharger,-33.83754542029569,117.1578115341685,Tesla (including non-tesla),,4.0,Benn Parade,Kojonup,6395,CCS (Type 2),1,250.0,2024-03-28T12:18:00Z
289972,08BC76D8-075A-4AFC-B903-125F4FB57724,Narrogin Trailer Park,-32.937064398774,117.16399188426647,Chargefox,$0.45 per kWh ,1.0,80 Williams Road ,Narrogin ,6312,Type 2 (Socket Only),1,22.0,2024-02-05T05:41:00Z
289971,58F3BBF1-985D-49A2-8520-37F6055CFF70,Narrogin Memorial Park ,-32.934143432527556,117.17480124057863,Chargefox,$0.45 per kWh. ,1.0,6312/9 Williams Narrogin Highway ,Narrogin ,6312,Type 2 (Socket Only),1,22.0,2024-02-05T04:19:00Z
289970,BD2E0CF1-1000-4401-9B84-9CBED9982FB5,Old Courthouse Museum ,-32.933670519982606,117.17677737808447,WA EV Network (AU),$0.45 per kWh ,1.0,Harris Street,Narrogin,6312,Type 2 (Socket Only),1,22.0,2026-02-14T08:27:00Z
289312,D38AC108-7F0A-45FF-A280-BE9515746694,Wyalkatchem Community Resource Center,-31.179597642152913,117.37944093832061,(Unknown Operator),$5.00 per hour.,1.0,5700 Railway Terrace,Wyalkatchem,6485,Type 2 (Tethered Connector) ,1,22.0,2024-08-31T06:43:00Z
289309,926617FF-AA46-4706-ADA5-5065CCD4939F,Car Park,-28.21735094177685,152.03086649397966,iCharge (AL),free,4.0,Acacia Avenue ,Warwick,4370,CCS (Type 2); CHAdeMO,2,,2025-12-29T06:02:00Z
289009,8D57D217-91D2-4ED6-924A-F0A7617E7D7A,Warnambool Tourist Information Centre,-38.389181,142.484993,Chargefox,payment may be required,1.0,91 Merri Street,Warnambool,2380,CCS (Type 2); CHAdeMO,2,50.0,2023-12-30T23:34:00Z
288968,91C2BA4C-1C60-457A-A674-305FF4DCC5F5,Coles Bairnsdale,-37.82480937950314,147.63246014953563,Tesla (Tesla-only charging),0.70c/kwh,3.0,35 Nicholson St,Bairnsdale,3875,CCS (Type 2),1,250.0,2024-01-15T02:41:00Z
288939,61206D16-A649-4BA7-9D08-907EA3F9754E,Bairnsdale Coles,-37.82454530904592,147.6327352303539,Tesla (Tesla-only charging),$0.70 per kWh,3.0,35 Nicholson Street,Bairnsdale,3875,CCS (Type 2),1,250.0,2024-01-15T02:41:00Z
288618,99B84274-FFCC-42E3-B3F1-F8B62054E222,WA EV Network - Bunbury,-33.32517168635446,115.642665842138,WA EV Network (AU),$0.60 per kWh,4.0,Cobblestone Street,,6230,CCS (Type 2),2,150.0,2024-09-25T21:28:00Z
288441,8D17E045-F4C9-41D9-A5EE-89F678469B36,Roma Explorer Inn,-26.575093433135848,148.80762514285902,(Unknown Operator),,2.0,44778 Warrego Hwy,Roma,4455,Type 2 (Tethered Connector) ,1,22.0,2023-12-24T05:29:00Z
281066,10A776C4-188B-41C9-9A9B-DA742B6B7BE5,RAA Charge Whyalla Westland Shopping Centre,-33.02641308008939,137.53226864294578,Chargefox,59c-68c/kWh,1.0,10 Nicolson Avenue,Whyalla Norrie,5608,CCS (Type 2),1,150.0,2023-12-05T03:49:00Z
281065,86E59BDD-109E-4EA4-9392-1F199A4BC3DC,RAA Charge Wharflands,-32.48927,137.7612186,Chargefox,0.59-0.68,1.0,Lot 2 Warflands Esplanade,Port Augusta,,CCS (Type 2); CHAdeMO,2,200.0,2023-12-04T23:49:00Z
280995,3D4C6F5A-DA1D-40AE-8971-6E257941D08B,Overlander Roadhouse (WA EV Network),-26.41184549747159,114.46404594375008,Chargefox,"$0.60 per kWh for high power DC, $0.35 per kWh for low power AC.",2.0,North West Coastal Highway,,6532,CCS (Type 2); Type 2 (Socket Only),2,50.0,2024-01-10T13:30:00Z
280715,285A798E-77C9-4189-BCCB-E206C4D309BB,Thornlie Square Mall,-32.05512902897771,115.96339054908071,Evie,,4.0,Spencer Road,Thornlie,6108,CCS (Type 2); CHAdeMO,3,,2023-11-29T11:17:00Z
280371,AE760227-72C0-495F-AF76-E6325C927CC3,Wells Street,-32.79758493806768,134.19831799463498,Chargefox,0.59 - 0.68 AUD kWh,2.0,82 Wells Street,The District Council of Streaky Bay,5680,CCS (Type 2),1,150.0,2023-11-28T10:24:00Z
280253,73D1F197-52DE-4AF8-B4ED-88D88DC72BD5,Beatty Park Leisure Centre,-31.936258468207264,115.8497013709943,WeVolt (AU),"Free, with idle time penalty.",2.0,220 Vincent St ,North Perth,6006,Type 2 (Socket Only),1,22.0,2023-11-25T15:44:00Z
280226,9AC74D23-A608-400F-A71A-0A0737F0BEDE,Rocland Nuriootpa,-34.4602252,138.9866954,Chargefox,,6.0,7 Belvidere Road,Nuriootpa ,5355,CCS (Type 2); CHAdeMO,3,120.0,2023-11-25T00:49:00Z
280205,825EFEBA-58B6-4D41-8B74-EF996F5CD9C9,NRMA - Joondalup,-31.75771714527498,115.77154643221121,Chargefox,$0.66 per kWh,2.0,Sundew Rise,Joondalup,6027,CCS (Type 2); CHAdeMO,2,120.0,2025-02-02T10:30:00Z
280195,AA2A2858-89EC-4F36-B89D-95DEA2531DB9,BP Pulse Ferny Grove,-27.402355423317843,152.93697981150945,BP Pulse (AU),,2.0,1312 Samford Road,Brisbane,4055,Unknown,1,75.0,2023-11-24T12:59:00Z
280046,98CB51F6-B1E5-46FE-AE3A-8FA7C23F7D93,RRA Charge Wudinna Hall - Chargefox,-33.047159,135.461943,Chargefox,59c-68c/kWh,1.0,44 Ballantyne Street,Wudinna,5652,CCS (Type 2),1,150.0,2023-11-30T09:57:00Z
280045,DE18AAA5-6E59-4F4E-AB13-96742DA19DC0,Kimba Roadhouse - Chargefox,-33.14584,136.415203,Chargefox,59c-68c/kWh,1.0,15542 Eyre Highway,Kimba,5641,CCS (Type 2),1,150.0,2023-11-30T15:16:00Z
280044,D923387D-5C44-4C1E-ACE2-78142AB71D32,Apex Energy Australia,-34.991588982756106,138.57595688588066,(Business Owner at Location),Free,1.0,Allan Street,,5039,Type 2 (Socket Only),1,22.0,2023-11-20T08:49:00Z
280043,550466EA-99D6-46FD-A72A-18A76C7C46F7,Arkaroola Road,-30.311578112924515,139.33620167274148,(Business Owner at Location),1,1.0,Arkaroola Road,Arkaroola Village,5701,Type 2 (Socket Only),1,22.0,2023-11-20T08:49:00Z
279254,3E4165D9-C0B3-41BE-AF74-6261F6F38ADC,Coogee Supercharger,-32.102866290875234,115.76244884692244,Tesla (Tesla-only charging),,6.0,Calypso Parade,,6163,CCS (Type 2),1,250.0,2024-01-15T10:46:00Z
279252,A5B658DE-F6D4-4937-B1BE-C0EB48658297,Kununarra (WA EV Network),-15.779058583778237,128.74043814383487,Chargefox,"$0.60 per kWh for high power DC, $0.35 per kWh for kow power AC.",2.0,Messmate Way,Kununurra,6743,CCS (Type 2); Type 2 (Socket Only),2,150.0,2023-10-18T15:33:00Z
279192,54D981DF-90DC-4404-BF77-944132A07B67,Heathcote Visitor Centre,-36.923705481847556,144.7100660165538,Evie,$0.50/kWh,1.0,126 High Street ,Heathcote,3523,CCS (Type 2); CHAdeMO,2,50.0,2023-10-30T19:17:00Z
279191,5B761CAA-8EB7-436D-8985-5FD41D41F1A9,Wallan,-37.413967109460415,144.9791065326649,Evie,,1.0,85 High Street,Wallan,3756,CCS (Type 2); CHAdeMO,2,50.0,2023-10-22T08:33:00Z
279180,7685925E-6794-4616-B71E-A6746D4AA573,Ampol Foodary Pheasants Nest Southbound,-34.2834466714301,150.63939668827243,Ampol AmpCharge,AUD 0.69/kWh,6.0,Lot 12 Hume Hwy,Pheasants Nest ,2574,CCS (Type 2); CHAdeMO,2,150.0,2023-10-29T11:00:00Z
279179,525E8CEE-F4AC-4B48-AAD6-8F0D698D2FBE,Ampol Foodary Pheasants Nest Northbound,-34.2829974272134,150.63679286992692,Ampol AmpCharge,$0.69 per kWh,1.0,Lots 1 & 2 Hume Hwy,Pheasants Nest,2574,CCS (Type 2); CHAdeMO,2,150.0,2023-10-18T01:57:00Z
279052,DCA72B44-D718-487D-A033-CBFAC568C582,Blue Marlin Court,-37.051215336112,149.90155657766792,(Unknown Operator),?,1.0,Blue Marlin Court,Eden,2551,Type 2 (Socket Only),1,22.0,2023-10-18T01:57:00Z
279051,157672FF-3F5F-45A7-8CE8-F4F139F23F9D,Seahorse Inn Hotel,-37.10326647778291,149.87937771549701,(Unknown Operator),unsure,2.0,Boydtown Park Road,,2551,Type 2 (Tethered Connector) ,1,22.0,2023-10-18T01:57:00Z
278691,782E87D8-B9A4-4D80-93F6-DB7FD0E77A2F,RAA Charge Cowell,-33.68530286444153,136.92905700914315,Chargefox,59c-68c/kWh,2.0,9 Jetty Road,Cowell,,CCS (Type 2),1,150.0,2023-12-04T18:29:00Z
278667,89FBC3A3-EE7A-452B-AC9C-D07F3235A93E,Dalwallinu,-30.27621389393004,116.66182170267825,Chargefox,0.55 / kWh ,2.0,49 Johnston Street,Dalwallinu,6609,CCS (Type 2); CHAdeMO,2,50.0,2023-10-17T10:58:00Z
278575,63422EC5-7F50-41D8-A3A8-0F83D28AE358,Exmouth (WA EV Network),-21.937404564407117,114.13060539906303,WA EV Network (AU),,1.0,2 Truscott Crescent,Exmouth,6707,CCS (Type 2); Type 2 (Socket Only),2,150.0,2023-10-02T13:05:00Z
278541,D8C32348-D364-4CB2-8FDD-1F8514399EA0,HBF Arena - Joondalup,-31.73530856799269,115.76057078337675,Exploren,Free,2.0,Kennedya Drive,Joondalup,6027,Type 2 (Socket Only),1,22.0,2023-10-09T02:47:00Z
278525,C242DF3D-1E1D-4B57-B25D-F66AF4A5E15F,Ampol Waitara,-33.71060645301792,151.1025062095589,Ampol AmpCharge,,1.0,"Corner Pacific Highway, Unwin Road",Waitara,2077,CCS (Type 2),1,,2023-10-09T02:47:00Z
274740,1521886A-0C67-4BE7-8BDD-C0E1F12524B3,Bicheno Town Centre,-41.87471231875492,148.3041358766775,(Unknown Operator),See https://electrona.au/evc/bchno/bchno-001.html,2.0,Opposite 39 Foster Street,Bicheno,7215,CCS (Type 2); CHAdeMO; Type 2 (Socket Only),3,50.0,2025-06-22T07:09:00Z
274592,F8A7B177-0BBD-4FC0-B78C-8DBF3C187228,Cedar Lodge Motel,-30.5168745388638,151.66662986871611,(Business Owner at Location),$15 for guest who do not book direct.  Free for guest who book direct.,2.0,119 Barney Street,Armidale,2350,Type 2 (Socket Only),1,7.0,2023-10-09T02:47:00Z
274586,45C33A9A-3129-4E21-9974-E444112B9F87,Ampol Kilsyth,-37.82365941817221,145.2959481777906,Ampol AmpCharge,$0.69/kWh for pay-as-you-go charging.,1.0,Canterbury & Gatwick Road,Kilsyth South,3153,CCS (Type 2); CHAdeMO,2,150.0,2023-09-18T14:17:00Z
274485,0B461963-36E1-4A14-BAB6-5DF7FE53A3FD,Hilton Garden Inn Albany,-35.029504038354794,117.88711964420804,EVUp (AU),,3.0,3 Toll Place ,Albany ,6330,Type 2 (Tethered Connector) ,1,11.0,2023-09-20T23:03:00Z
274480,C7011C00-8A71-45D2-BF64-5B68F017C34B,Brookton (WA EV Network),-32.36748025468421,117.00946148863972,WA EV Network (AU),DC Charging $0.35 - $0.60 per kWh at all times.,1.0,Robinson Road,Brookton,6306,CCS (Type 2); Type 2 (Socket Only),2,150.0,2026-01-21T06:50:00Z
274452,9A82E035-DB71-41F3-8269-528C8586AEE7,NRMA Fast Charger Gunnedah,-30.978295982227706,150.25129064038157,(Unknown Operator),"$0, but payment will be required Oct-Dec 2023",1.0,Kepreotes Carpark,Gunnedah,2380,CCS (Type 2); CHAdeMO,2,50.0,2023-09-18T01:27:00Z
274407,1FB95B54-36AC-4718-A4E0-EEDFD5E1AD44,Hyden (WA EV Network),-32.44938187858875,118.86590392183905,WA EV Network (AU),"$0.60 per kWh DC, $0.35 per kWh AC",3.0,Marshall Street,Hyden,6359,CCS (Type 2); Type 2 (Socket Only),2,150.0,2026-01-27T10:00:00Z
274395,4A341C9F-F110-4F2A-84F1-AE039C25121B,Morowa Destination Charger,-29.210721611002967,116.00847792163336,Exploren,Free,4.0,Jubilee Park,Morawa,6623,Type 2 (Socket Only),2,22.0,2023-09-10T10:40:00Z
274390,85B00557-4DA1-433A-AE48-FDA33B33B963,Bicheno East Coast Holiday Park - EV charging station ,-41.87508668420113,148.30190462959308,(Unknown Operator),,2.0,4 Champ Street,Bicheno,7215,Type I (AS 3112),1,,2023-09-18T01:27:00Z
274329,99FEA6A5-32B4-44A5-86A7-771A83610FE9,Heyfield Apex Park,-37.98035192583418,146.7866369371215,Chargefox,$0.40/kWh,2.0,Davis St & George Street,Heyfield,3858,CCS (Type 2),1,50.0,2023-09-08T03:22:00Z
274328,6AD97D83-451A-4A29-80BA-59BA8B6CD5F4,North Bellarine Aquatic Centre,-38.188088367705056,144.55520001587047,Chargefox,$0.45/kWh,2.0,30 Peninsula Drive,Curlewis,3222,CCS (Type 2); CHAdeMO,4,50.0,2023-09-08T03:19:00Z
274302,DCCEDF6B-486C-40CC-AD2F-5A4A636E9733,Jerramungup (WA EV Network),-33.93987597013291,118.92073932501205,WA EV Network (AU),DC Charging $0.60 per kWh at all times.,1.0,Tobruk Road,Jerramungup,6337,CCS (Type 2); Type 2 (Socket Only),2,150.0,2023-12-14T09:38:00Z
274300,00DE088E-71D6-4456-975E-C502184BED94,Ravensthorpe (WA EV Network),-33.58080346048715,120.04577841886328,WA EV Network (AU),Fast DC charging $0.60 per kWh at all times. Slow AC charging $0.35 per kWh at all times.,1.0,28 Dunn Street,Ravensthorpe ,,CCS (Type 2); Type 2 (Socket Only),2,150.0,2024-07-03T11:41:00Z
274299,ED6AAABE-A153-43EA-BC3E-A7A96CE974EC,RAA Charge - Kimba Bowling Club,-33.135121425836196,136.41678887852186,Chargefox,Evening peak 32c/kWh (5pm - 10pm) Standard 25c/kWh (all other times),2.0,North Terrace,Kimba,5641,Type 2 (Socket Only),1,7.0,2023-11-30T09:55:00Z
274204,8FA4C2A3-C424-4351-AED3-43D3288EC647,Denham (WA EV Highway),-25.927965006899086,113.53579323666713,WA EV Network (AU),DC Charging $0.35 - $0.60 per kWh at all times.,1.0,Barnard Street,Denham,,CCS (Type 2); Type 2 (Socket Only),2,150.0,2023-10-24T08:45:00Z
274144,F6D3CAA6-28EF-497F-91DA-D7B68440CDE0,NRMA Short Street Car Park,-32.58948930999341,149.58496449340686,NRMA,60c / 54c for NRMA Members,4.0,47 Short Street,Mudgee,2850,CCS (Type 2); CHAdeMO,2,180.0,2024-06-14T12:05:00Z
274115,561592A1-0D10-4CFA-9434-D923BE073CF0,Karratha (WA EV Network),-20.73538816872096,116.84749086556644,WA EV Network (AU),DC Charging $0.35 - $0.60 per kWh at all times.,2.0,Centro Car Park,Karratha,6714,CCS (Type 2); Type 2 (Socket Only),2,150.0,2023-09-11T13:26:00Z
274108,4ED74632-8598-4CAC-A14B-ED072C7BC27F,Wongan Hills Vistor Center,-30.89283905452806,116.71613902661392,(Unknown Operator),Unknown,2.0,Wongan Road,Wongan Hills,6603,Type 2 (Socket Only),1,22.0,2023-09-01T11:09:00Z
274102,4368B92A-CE09-4C75-9924-E6B9272B45B4,Morley Sport and Recreation Centre,-31.89248383322912,115.89594640150904,Exploren,Free,2.0,Wellington Road,Morley,6062,Type 2 (Socket Only),2,22.0,2023-09-01T07:29:00Z
274078,B70FB2E2-6518-4EFC-9AD6-ADEE58900019,Warnambool Supercharger,-38.380939,142.518958,Tesla (including non-tesla),$0.78/kWh,3.0,21-23 Gateway Road,Warnambool,3280,CCS (Type 2),1,250.0,2023-08-31T12:12:00Z
274077,A5E2ADA0-B1A3-4889-A5A6-1A910660E331,Colac Supercharger,-38.34137606647682,143.59297402313945,Tesla (including non-tesla),$0.78/kWh,3.0,144-158 Bromfield Street,Colac,3250,CCS (Type 2),1,250.0,2023-08-31T12:10:00Z
274075,086042C0-1634-4617-907D-68A80F51E061,Corio Supercharger,-38.064796504586276,144.38238251338635,Tesla (including non-tesla),$0.78/kWh,6.0,470-510 Princes Highway,Corio,3214,CCS (Type 2),1,250.0,2026-03-08T23:51:00Z
274074,6653DD1F-AC38-454F-8A7C-C1AFB908E2CE,Yea Supercharger,-37.21006161015167,145.4261473877039,Tesla (including non-tesla),$0.78/kWh,4.0,10 High St,Yea,3717,CCS (Type 2),1,135.0,2023-08-31T22:11:00Z
274073,B533603A-E680-48CD-B28E-2FE930F1A878,ENGIE - Royal Australian Mint,-35.31872,149.093821,Chargefox,$0.60/kWh,6.0,62-114 Denison Street,Deakin,2600,CCS (Type 2); CHAdeMO,2,150.0,2023-08-31T11:13:00Z
274072,DBD42D47-191C-4003-AC1F-DA11ADF3A764,Electric Highway Tasmania - Kingston,-42.975674,147.311542,Chargefox,$0.40 - $0.50/kWh,2.0,15 Channel Highway,Kingston,7050,CCS (Type 2); CHAdeMO,2,120.0,2023-08-31T11:09:00Z
274056,3729E7A3-20E2-43A4-945D-A5C5E2071083,Ampol Foodary Penrith,-33.7430336465433,150.69296375875626,Ampol AmpCharge,$0.69/kWh for pay-as-you-go charging.,1.0,153 Coreen Ave,Penrith,2750,CCS (Type 2); CHAdeMO,2,180.0,2023-08-31T09:47:00Z
274000,4A1FF879-17F6-48CF-9561-A1D1EF0C0DD7,Kings Park (WA EV Network),-31.966752218660034,115.8223778363822,WA EV Network (AU),DC Charging $0.35 - $0.60 per kWh at all times.,2.0,50 May Drive,West Perth,,CCS (Type 2); Type 2 (Socket Only),2,150.0,2023-09-07T10:26:00Z
273935,1B16A2A0-0CE0-461A-B113-05D3AA472285,The Mount Druitt Hub,-33.767499717192706,150.82239944831394,Chargefox,,1.0,Ayres Grove Carpark,Mount Druitt,2770,Type 2 (Socket Only),1,7.4,2023-09-06T03:31:00Z
273933,27AED96B-FA13-494A-8828-20BC27F356DF,Chargefox,-33.770837178135245,150.84515556849738,Chargefox,,10.0,Level 4,Rooty Hill,2766,Type 2 (Socket Only),1,7.4,2023-09-06T03:31:00Z
273905,A1376471-9C05-4979-B678-6E5CC489AC4C,Cowra Driver Reviver Rest Area,-33.8356251851398,148.68186745491857,Tesla (including non-tesla),,2.0,2 Lachlan Valley Way,Cowra,2794,Type 2 (Tethered Connector) ,1,22.0,2023-08-25T08:22:00Z
273904,EBCD56F3-4BE4-4CB4-81B4-BCD616F3356C,Leppington Village Shopping Centre,-33.961508128351525,150.80570305129015,Chargefox,Free,6.0,108 Ingleburn Rd,Leppington,2179,Type 2 (Socket Only),1,7.0,2023-09-06T03:31:00Z
273903,365F2EED-8171-445D-8771-8B83DD6E01FA,Boorowa Ex-services and Citizens Club,-34.43723217352768,148.7237343048496,Elanga (AU),,4.0,55-59 Pudman Street,Boorowa,2586,Type 2 (Tethered Connector) ,1,22.0,2023-08-25T08:22:00Z
273870,8E1156CD-2E4B-4A16-B6E8-DA81C708FDD3,bp pulse Seven Hills,-33.76725,150.952041,BP Pulse (AU),55c/kWh,2.0,26 Abbott Road,Seven Hills,2147,CCS (Type 2),1,75.0,2023-08-23T12:22:00Z
273869,48C2018D-616F-46C4-8DB5-BF08F88038EC,bp pulse Blacksoil,-27.579063,152.712931,BP Pulse (AU),55c/kWh,2.0,1420 Warrego Highway,Blacksoil,4306,CCS (Type 2),1,75.0,2023-08-23T12:21:00Z
273868,F58C2474-B769-4FAC-BBAE-89B090676BEF,bp pulse Nambour,-26.630979038266453,152.960453125286,BP Pulse (AU),,2.0,Currie Street,Nambour,4560,CCS (Type 2),1,75.0,2023-08-23T12:20:00Z
273867,D820B317-EF51-463C-BC99-DA4B6254130C,bp pulse Hamilton,-27.437537,153.07008,BP Pulse (AU),55c/kWh,2.0,126 Kingsford Smith Drive,Hamilton,4007,CCS (Type 2),1,75.0,2023-08-23T12:16:00Z
273755,DE3B23A7-06C5-4EB8-AB6F-174EB7D27617,Civic Centre,-37.897374392712145,144.67054059560462,Chargefox,Free,4.0,45 Princes Highway,Werribee,3030,CCS (Type 2); CHAdeMO,3,50.0,2023-08-23T00:56:00Z
273535,71EA7DF4-173F-440F-958C-D8F2097CD672,EV Charging Australia,-27.973719,152.994503,Chargefox,$0.60 per kWh,2.0,168 Brisbane St,Beaudesert,4285,CCS (Type 2),1,40.0,2025-12-27T11:24:00Z
273534,EDFE9045-5BEB-4500-BF5A-FDDB0640F9B5,ENGIE - Chadstone,-37.884370226319035,145.08316779641655,Chargefox,$0.45 per kWh,4.0,1341 Dandenong Rd,Chadstone,3148,CCS (Type 2); CHAdeMO,2,100.0,2023-08-16T11:02:00Z
273474,0836E34B-CBCF-4ED0-A155-5DBF3B0C7010,Merredin (WA EV Highway),-31.482505370896668,118.2781852110237,WA EV Network (AU),"Fast DC Charging $0.60 per kWh, slow AC charging $0.35 per kWh (at all times).",4.0,45 Barrack Street,Merredin,6415,CCS (Type 2); Type 2 (Socket Only),2,150.0,2026-01-21T10:39:00Z
273458,399F29E7-80C4-4144-8B94-A2D04665A971,Carnarvon (WA EV Network),-24.883472420392252,113.65628450455051,WA EV Network (AU),DC $0.60/kWh (at all times),2.0,Camel Lane,Carnarvon,6701,CCS (Type 2); Type 2 (Socket Only),2,150.0,2024-02-23T10:11:00Z
273437,ADACE205-4721-4352-B414-1AFAA52D4651,East Brisbane [bp pulse],-27.479742,153.043682,BP Pulse (AU),55c/kWh,2.0,74 Latrobe Street,East Brisbane,4169,CCS (Type 2),1,75.0,2023-08-09T12:52:00Z
273436,BBDA4F03-D3F0-4766-998F-3C9AFE0335AD,Wiley Park [bp pulse],-33.919392020719556,151.06669418522023,BP Pulse (AU),55c/kWh,1.0,24-42 King Georges Road,Wiley Park,2195,CCS (Type 2); CHAdeMO,2,75.0,2023-08-09T12:50:00Z
273435,5A428883-AA55-44FA-B1ED-6197D0A2F93E,Logan Motorway [bp pulse],-27.640356550632916,153.0095965529904,BP Pulse (AU),$0.55/kWh,1.0,92 Radius Drive,Larapinta,4115,CCS (Type 2); CHAdeMO,2,75.0,2023-08-09T12:45:00Z
273434,70EDF294-EC6B-4B0F-B4A0-32D3B7B6E055,Springwood [bp pulse],-27.622308783587712,153.12819192141268,BP Pulse (AU),55c/kWh,1.0,3388 Pacific Highway,Springwood,4127,CCS (Type 2); CHAdeMO,2,75.0,2023-08-09T12:40:00Z
273433,D31939C5-A76F-4E99-A9FF-86B93E2CD55B,Coffs Harbour [bp pulse],-30.291705053434413,153.1183335669906,BP Pulse (AU),$0.55/kWh,1.0,136 Pacific Highway,Coffs Harbour,2450,CCS (Type 2); CHAdeMO,2,75.0,2023-08-09T12:33:00Z
273432,6B2B4A53-7707-4BC5-AA40-D3245059C652,bp pulse Loganholme,-27.684545775335394,153.18963641316446,BP Pulse (AU),55c/kWh,1.0,4080 Pacific Highway,Loganholme,4129,CCS (Type 2); CHAdeMO,3,75.0,2023-08-09T12:27:00Z
273431,1396408E-7102-44D1-BCD3-165263419ADE,bp pulse Dandenong North,-37.970797096657705,145.22316104545723,BP Pulse (AU),55c/kWh,2.0,Heatherton Rd & Stud Rd,Dandenong North,3802,CCS (Type 2),1,75.0,2023-08-09T12:14:00Z
273430,9097946D-9454-472F-B185-0989DBA3701C,bp pulse Rye,-38.37130601612926,144.8277248633259,BP Pulse (AU),55c/kWh,2.0,Cnr Weir St & Point Nepean Road,Rye,3941,CCS (Type 2),1,75.0,2023-08-09T12:12:00Z
273429,FF613257-0F20-4388-9672-0F89861F6E29,bp pulse Albany Forrest,-27.357963044567576,152.96944606011124,BP Pulse (AU),$0.55/kWh,1.0,Old Northern Road,Albany Creek,4037,CCS (Type 2); CHAdeMO,2,75.0,2023-08-09T12:08:00Z
273428,6DF3C0DB-1DA9-422F-B696-1ED07A01D484,bp pulse Rosehill,-33.818996055217895,151.02170364175703,BP Pulse (AU),55c/kWh,2.0,Hassall Street,Rosehill,2142,CCS (Type 2),1,75.0,2023-08-09T12:02:00Z
273427,E46D80F0-2F95-40B8-B3A7-1F2FE4090428,bp pulse Sydenham,-33.916260575133784,151.17311326359567,BP Pulse (AU),55c/kWh,2.0,339 Princes Hwy,St Peters,2044,CCS (Type 2),1,75.0,2023-08-09T11:35:00Z
273426,5A5FFFA3-DB56-4131-BD6D-199B8ED0B09D,Maroochy Plaza [bp pulse],-26.65561596418697,153.07350136591492,BP Pulse (AU),55c/kWh,2.0,185 Maroochydore Rd,Maroochydore,4558,CCS (Type 2),1,75.0,2023-08-09T11:32:00Z
273425,63F01FDD-15F6-412E-BCFF-54A4C78D2802,Fairy Meadow [bp pulse],-34.40299801963799,150.89157957672126,BP Pulse (AU),55c/kWh,2.0,224 Princes Hwy,Fairy Meadow,2519,CCS (Type 2),1,75.0,2023-08-09T11:24:00Z
273394,C2A71003-FE77-4A01-85F7-CC7D07B15EA8,Glenrowan South [bp pulse],-36.43943308112671,146.2499032852465,BP Pulse (AU),55c/kWh,2.0,Hume Freeway,Glenrowan,3675,CCS (Type 2); CHAdeMO,2,75.0,2023-08-08T00:03:00Z
273393,7E15CAA2-7BA2-492E-8D74-1C0101537AE5,Glenrowan North [bp pulse],-36.43833642761878,146.2481571029768,BP Pulse (AU),$0.55/kWh,4.0,Hume Freeway,Glenrowan,3675,CCS (Type 2); CHAdeMO,3,75.0,2023-08-08T00:02:00Z
273356,F534EF89-46FC-47B5-9F38-6DB0760F769D,Macquarie Regional Library Wellington,-32.555451644419065,148.94186794794365,Smart Charge (AU),FREE,2.0,Cnr Percy & Maughan Streets,Wellington,2820,Type 2 (Socket Only),1,22.0,2023-08-24T08:47:00Z
273341,AE5C66F1-A97A-47F5-AF47-1563F8B7361E,bp pulse Merrifield,-37.53426998045639,144.89828573356567,BP Pulse (AU),55c/kWh,4.0,470 Donnybrook Road,Mickleham,3064,CCS (Type 2),2,75.0,2023-08-04T22:53:00Z
273318,23A1EED8-CCDD-4349-9862-5A709EA9E9B8,Newling Reserve,-38.2451409999477,144.17299786561424,Jolt,,1.0,Newling Drive,,3240,Type 2 (Socket Only),1,7.0,2023-08-04T06:02:00Z
273238,E8FE99E6-37ED-4D9F-8929-CB80F8D9F129,Ampol Foodary Baldivis,-32.33110206204209,115.82079377764967,Exploren,$0.60 per kWh,2.0,Safety Bay Road,Baldivis,6171,CCS (Type 2); CHAdeMO,2,150.0,2023-08-01T07:22:00Z
273235,8E55C5F5-CDD3-455D-A099-C32A4480D127,Kwinana City Centro,-32.24065444817922,115.81355718837756,Exploren,"$1.00 per kWh from 17:00 to 21:00, $0.45 other times.",1.0,Sulphur Road,,6167,CCS (Type 2),2,60.0,2023-08-01T05:49:00Z
273227,BA61042A-DE3A-474C-A84A-8866AAA61FAE,Electric Highway - Kingaroy,-26.540236121911178,151.83832086354795,Chargefox,$0.30 per kWh,4.0,20 Glendon St,Kingaroy,4610,CCS (Type 2); CHAdeMO; Type 2 (Socket Only),3,75.0,2023-07-29T10:22:00Z
273226,25DB1C5E-80C2-43F9-A5B6-0782E188E58E,Nerang Admin,-27.98457931723788,153.33902087264016,Chargefox,$0.30 per kWh,1.0,833 Southport Nerang Rd,Nerang,4214,CCS (Type 2); CHAdeMO,2,50.0,2023-07-29T10:13:00Z
273225,DFEC5DAE-76D1-48B1-93D6-2110BB8D8DFC,Soldiers Point Marina,-32.70132961987918,152.06273775785866,Chargefox,$0.45 per kWh,1.0,Sunset Blvd,Soldiers Point,2317,CCS (Type 2); CHAdeMO,2,24.0,2023-07-29T10:08:00Z
273224,D47FF8C4-8657-414C-ADF8-027B8DB196F8,New Broadwater Parklands,-27.960063068781317,153.41231494799337,Chargefox,$0.30 per kWh,1.0,124 Marine Parade,Southport,4215,CCS (Type 2); CHAdeMO,2,75.0,2023-07-29T10:05:00Z
273223,2D02CFD8-AC6A-4C81-A6F1-83A31DDF4FFE,Kurrawa Surf Club,-28.029580796113862,153.43460209485096,Chargefox,$0.30,1.0,Old Burleigh Road,Broadbeach,4218,CCS (Type 2); CHAdeMO,2,75.0,2023-07-29T10:02:00Z
273222,A4BA1CA3-FE0A-4728-8630-680DCEA5557E,Vicinity Centres - Grand Plaza,-27.66241706105511,153.0403591131698,Chargefox,Free,2.0,27 - 49 Browns Plains Road,Browns Plains,4118,Type 2 (Socket Only),2,22.0,2024-11-28T08:55:00Z
273221,371D3A92-82CD-4714-BCF8-3E670B53961E,27 - 49 Browns Plains Road,-27.663992390175515,153.0411196361111,Chargefox,$0.45 per kWh,2.0,Browns Plains Road,Browns Plains,4118,CCS (Type 2),1,120.0,2023-07-29T09:57:00Z
273220,36654DEF-3EAA-499D-AD7E-8651F2A9DF5F,Lismore City Council,-28.806512,153.278955,Chargefox,$0.50 per kWh,1.0,44 Molesworth St,Lismore,2480,CCS (Type 2); CHAdeMO,2,75.0,2025-09-05T00:49:00Z
273219,37ED0BFA-BF4B-4D96-A892-2239607C3830,Bundall Chamers,-28.001849617468316,153.41528386738196,Chargefox,$0.30 per kWh,1.0,135 Bundall Road,Surfers Paradise,4217,CCS (Type 2); CHAdeMO,2,75.0,2023-07-29T09:44:00Z
273206,F1B8B101-43BF-410A-8E7F-AB0C275BDCF9,Rydges Port Macquarie,-31.42838118857074,152.908821311353,(Unknown Operator),0,3.0,1 Hay Street,Port Macquarie,2444,Type 2 (Tethered Connector) ,1,22.0,2023-08-24T08:47:00Z
273195,29488DD8-8A8B-4969-A2D6-34E7A8332A33,Byron Bay Library,-28.643331391697856,153.61569695569148,Chargefox,$0.40 per kWh,1.0,Lawson Street,Byron Bay,2481,CCS (Type 2); CHAdeMO,2,50.0,2023-07-28T12:55:00Z
273194,7503C40A-55DB-49CC-949C-42602B31CFB9,Hepburn Springs Bathhouse,-37.31033013058219,144.14010887525797,Chargefox,$0.45 per kWh,2.0,1 Mineral Springs Reserve Road,Hepburn Springs,3461,CCS (Type 2); CHAdeMO,2,50.0,2023-07-28T08:17:00Z
273073,55D9DFFA-EAC2-44AE-AD02-892EEFE1EABB,Warmun Roadhouse (WA EV Network),-17.017056005797656,128.21775683357424,WA EV Network (AU),"High power DC $0.60 per kWh, low power AC $0.35 per kWh.",2.0,"Lot 22, Great Northern Highway",Warmun,6743,CCS (Type 2); Type 2 (Socket Only),2,150.0,2023-10-20T03:16:00Z
272905,C28F5AB1-6668-4B89-8FA9-97DFA4D4156F,Billabong Homestead Hotel,-26.81653584774535,114.6141092018064,WA EV Network (AU),DC Charging $0.60 per kWh at all times.,2.0,,,,CCS (Type 2),1,50.0,2024-09-06T12:00:00Z
272784,B368389E-345D-4310-AFD1-B915DEEE3B0A,Lancaster Motor Group,-32.576825359627556,151.18453691259265,Everty,.35,2.0,1 waddells lane ,Singleton,2330,CCS (Type 2),1,100.0,2023-08-24T08:47:00Z
272714,C69FC592-312F-41B6-B310-F64216488B14,Electric Highway - Dingo,-23.646873090081343,149.3325053332834,Chargefox,,1.0,2 Palmer Street,Dingo,4702,CCS (Type 2); CHAdeMO; Type 2 (Socket Only),3,75.0,2023-07-17T13:39:00Z
272713,226C11F5-1A1E-41D6-B206-B6A905130E4C,Electric Highway - Ipswich,-27.616321690924863,152.75861722481307,Chargefox,,2.0,56 South Street,Ipswich,4305,CCS (Type 2); CHAdeMO; Type 2 (Socket Only),3,50.0,2023-07-17T12:51:00Z
272712,E510B28B-2ED4-4511-A396-6CB473145ECE,Gold Coast Sports & Leisure Centre,-28.004299394733387,153.36456618761417,Chargefox,,1.0,296 Nerang - Broadbeach Road,Carrara,4214,CCS (Type 2); CHAdeMO,2,75.0,2023-07-17T12:45:00Z
272711,2D0A59B9-1D75-437B-AE25-20E79CD85C70,Bus Stop Sales - Rocklea,-27.552386663917353,153.00880127325075,Chargefox,,1.0,1543 Ipswich Road,Rocklea,4106,CCS (Type 2); CHAdeMO,2,75.0,2023-07-17T12:39:00Z
272709,940187B0-43CC-4E10-BDED-03AD128F1157,Electric Highway - Esk,-27.239039102114774,152.42027885374284,Queensland Electric Super Highway,$0.30/kWh,2.0,Pryde Street,Esk,,CCS (Type 2); CHAdeMO; Type 2 (Socket Only),3,75.0,2023-07-17T12:37:00Z
272708,FC84BBEC-96F4-4193-86F9-006428265C7E,ENGIE - Lake Haven Centre,-33.24078932377033,151.50325247968817,Chargefox,,2.0,Lake Haven Drive,Lake Haven,2263,CCS (Type 2),1,120.0,2023-07-17T12:19:00Z
272707,354CB753-2EAB-4D88-89EF-02322AC25271,Miami Aquatic Centre,-28.061726469417813,153.4293860165546,Chargefox,,1.0,80 Pacific Avenue,Miami,4220,CCS (Type 2); CHAdeMO,2,75.0,2023-07-17T11:22:00Z
272702,F8DF5D5E-B332-483E-AB4E-5247E9D1220D,The Station Oxley,-27.553059245373817,152.97525758314129,Evie,,1.0,72 Cook Street,Oxley,4075,CCS (Type 2); CHAdeMO,4,50.0,2023-07-17T06:54:00Z
272701,0090D4DA-5FAB-4AD2-B04B-4F2F1883B2CF,Indooroopilly,-27.49838316297592,152.97362245069473,Evie,,1.0,34 Stamford Rd,Indooroopilly,4068,CCS (Type 2); CHAdeMO,4,50.0,2023-07-17T06:52:00Z
272700,EB5194AF-5760-4537-9A0F-4AF896114304,Red Rooster Guildford,-33.85283452159095,150.99575854229482,Evie,,2.0,322 Woodville Road,Guildford,2161,CCS (Type 2); CHAdeMO,4,50.0,2023-07-17T06:55:00Z
272695,6C7F0E74-7F7E-4029-B25C-AF176089C9B3,Best Western Ranges Hotel,-20.752161296542837,116.84864209690846,(Unknown Operator),Per agreement with front desk.,2.0,1090 De Witt Road,Karratha,6714,Type 2 (Tethered Connector) ,1,22.0,2023-07-17T00:36:00Z
272694,DC0CE0EA-8CBF-4073-8B40-F66169A10FE5,Northbridge Plaza,-33.809374,151.208591,Evie,,1.0,9 Eastern Valley Way,Northbridge,2063,CCS (Type 2); CHAdeMO,4,50.0,2023-07-16T23:09:00Z
272693,FD2982A4-A67F-45E7-8AD3-94A7CF9F798B,Jamisontown,-33.770379031934034,150.67371849780716,Evie,,2.0,221 Wolseley Street,Jamisontown,2750,CCS (Type 2); CHAdeMO,2,350.0,2023-07-16T23:05:00Z
272689,A53FCFD8-3146-4499-8A03-158472EFBEDC,Dorhauer Lane,-33.88847179022024,151.23760032945688,Evie,,1.0,Dorhauer Lane,Woollahra,2025,CCS (Type 2); CHAdeMO,2,50.0,2023-07-16T22:09:00Z
272688,4933A40D-47C9-4E7C-BC64-9183936554DD,Casula Mall,-33.947906375047246,150.90105410921717,Evie,,2.0,1 Ingham Dr,Casula,2170,CCS (Type 2); CHAdeMO,4,50.0,2023-07-16T22:04:00Z
272687,0194394C-FC90-48B6-AB50-96481AFC369D,Brendale Service Centre,-27.328346265392916,152.98746683129355,Evie,,1.0,2 Linkfield Road,Brendale,4500,CCS (Type 2); CHAdeMO,4,50.0,2023-07-17T06:54:00Z
272686,E14A5CAD-D0A4-412A-B0B4-D663B5B0E010,Raglan Street West,-33.83121718107124,151.24368057896396,Evie,,1.0,188 Raglan St,Mosman,2088,CCS (Type 2); CHAdeMO,4,50.0,2023-07-16T22:00:00Z
272685,5E3F5D50-720F-4BF7-8444-8FC90DC877B6,Springwood,-27.612304,153.124421,Evie,,2.0,17-27 Cinderella Drive,Springwood,4127,CCS (Type 2); CHAdeMO,4,50.0,2023-07-16T21:58:00Z
272684,DB7C5FED-6EE1-40D8-87D4-78287899DD5D,BP Ashfield,-33.87421821418127,151.12682969039508,Evie,,2.0,586A Parramatta Rd,Croydon,2132,CCS (Type 2); CHAdeMO,4,50.0,2023-07-16T21:56:00Z
272676,415531AF-97F7-49B5-AEFB-3639048B1135,Jindalee Home,-27.533780259789047,152.94849091743436,Evie,,2.0,168 Sinnamon Road,Jindalee,4073,CCS (Type 2); CHAdeMO,4,50.0,2023-07-16T12:54:00Z
272675,4F563CCD-65C6-4121-9346-2AE9C9C7E49B,Swansea,-33.0833,151.6333,Evie,,2.0,152 Pacific Hwy,,2281,CCS (Type 2); CHAdeMO,4,50.0,2023-07-16T12:52:00Z
272674,A440DF6D-E4F1-49C5-9A9A-6846991B32E2,Noosa Village,-26.400474,153.064833,Evie,,2.0,27 Mary St,Noosaville,4566,CCS (Type 2); CHAdeMO,4,50.0,2023-07-16T12:49:00Z
272673,BABB850E-5C86-4588-9882-76ADF421384C,Leichhardt Marketplace,-33.883514,151.150017,Evie,,2.0,128 Flood Street,Leichhardt,2040,CCS (Type 2); CHAdeMO,4,50.0,2023-07-16T12:44:00Z
272672,3810807A-22BA-497A-A292-B838DF4FCE8C,Victoria Point,-27.5867871,153.283693717,Evie,,2.0,349-369 Colburn Avenue,Victoria Point,4165,CCS (Type 2); CHAdeMO,4,50.0,2023-07-16T12:41:00Z
272671,0287658A-B7AB-41E7-BB45-6F710F098C61,Pacific Fair,-28.0353512,153.4274028,Evie,,2.0,"2726 Hooker Blvd , QLD 4218",Broadbeach,4218,CCS (Type 2); CHAdeMO,4,50.0,2023-07-16T12:38:00Z
272670,4C1AD1FA-EEC3-4209-A110-26293160F499,Caloundra Shopping Centre,-26.803426,153.12491,Evie,,2.0,47 Bowman Road,Caloundra,4551,CCS (Type 2); CHAdeMO,4,50.0,2025-10-13T23:15:00Z
272666,0CD8306C-1FFF-4A33-B7E1-030E13371F45,Barossa Central Shopping Centre,-34.4790652,138.9615012,Chargefox,Payment Required Evening peak 68c kWh (5:00pm to 10:00pm) Standard 59c kWh (all other times),,1 Murray Street,Nurioopta,5355,CCS (Type 2),1,150.0,2023-07-16T06:32:00Z
272665,3AF17DAC-35DF-4A4F-8239-EEC5E4BB997A,"Elizabeth City Centre, ",-34.7189959,138.6663354,Chargefox,$0.45 per kWh (at all times),1.0,Shop 95c/50 Elizabeth Way,Elizabeth ,5112,CCS (Type 2),1,120.0,2023-07-16T06:21:00Z
272661,84C12AA8-556E-4B12-B3FE-4834EB4DBD40,Billabong Trailer Park,-26.817509801079424,114.61472149842416,(Unknown Operator),,1.0,North West Coastal Highway,Billabong Hotel Motel,,Three Phase 5-Pin (AS/NZ 3123),1,22.0,2024-11-15T08:43:00Z
272644,057E43D4-A4C4-40AD-8E00-55AC0163A551,Northpoint Shopping Centre,-27.541346,151.952256,Evie,,2.0,103A North St,Harlaxton,4350,CCS (Type 2); CHAdeMO,2,350.0,2023-07-15T14:00:00Z
272643,88E44A92-7BE9-497A-8A25-2CDFE01ABC64,Lutwyche Market Central,-27.422167,153.034685,Evie,,2.0,543 Lutwyche Road,Lutwyche,4030,CCS (Type 2); CHAdeMO,4,50.0,2023-07-15T13:57:00Z
272642,F4F1BEE0-FEA6-4328-8977-2D7E11E4D80B,Montague Markets,-27.4856857,153.00120821,Evie,,2.0,405 Montague Rd,West End,4101,CCS (Type 2); CHAdeMO,4,50.0,2023-07-15T13:52:00Z
272641,C58DBFB2-8EEF-4B51-8161-D85CE36B91CA,Ashfield Mall,-33.8895642,151.1235986,Evie,,2.0,260A Liverpool Rd,Ashfield,2131,CCS (Type 2); CHAdeMO,4,50.0,2023-07-15T13:50:00Z
272640,0FBF4889-78F6-416E-A830-2CAB7E0DD754,Birkdale Fair,-27.4915472,153.2179852,Evie,,2.0,190 Birkdale Road,Birkdale,4159,CCS (Type 2); CHAdeMO,4,50.0,2023-07-15T13:39:00Z
272639,C948C058-BCEB-438F-A8F1-36DD8D289DF9,Bundamba,-27.588131,152.821959,Evie,,2.0,60 Hawkins Cres,Bundamba,4304,CCS (Type 2); CHAdeMO,2,350.0,2023-07-15T13:31:00Z
272638,85A8EFCD-D7F9-489D-9196-DBBC68DD79F8,Gasworks Plaza,-27.4504829,153.0443855,Evie,,2.0,76 Skyring Terrace,Newstead,4006,CCS (Type 2); CHAdeMO,4,50.0,2023-07-15T13:24:00Z
272637,90F2208E-A545-4458-9E11-18B41AF9C9E1,Allambie Grove Business Park,-33.751303,151.2433284,Evie,,4.0,25 Frenchs Forest Rd E,Frenchs Forest,2086,CCS (Type 2),2,150.0,2023-07-15T12:27:00Z
272636,56B158A6-CB8E-4DBD-8E93-9BE6F7CB54ED,Red Rooster ,-12.396092,130.8968483,Evie,,2.0,3293 McMillians Road,Marrara,0812,CCS (Type 2); CHAdeMO,4,50.0,2023-07-15T12:24:00Z
272635,BCCF2288-FE8F-4122-8431-E73BCA624149,BP Caringbah,-34.03295211277035,151.12520883189632,Evie,,2.0,54-76 Captain Cook Drive,Caringbah,2229,CCS (Type 2); CHAdeMO,4,50.0,2023-07-15T12:20:00Z
272634,418E95AC-D335-43E7-B4AE-954DA58D2715,Eastgate Bondi Junction,-33.892967,151.248028,Evie,,2.0,"91 Spring St , NSW 2022",Bondi Junction,2022,CCS (Type 2); CHAdeMO,4,50.0,2023-07-15T12:17:00Z
272633,43CE4C0E-4303-451A-A19F-C2A2AAA34A71,Belrose Home,-33.703118,151.212917,Evie,,2.0,4-6 Niangala Close,Belrose,2085,CCS (Type 2); CHAdeMO,4,50.0,2023-07-15T12:14:00Z
272632,0E8762EC-1B81-4C3D-A80C-BC9DC25BF935,Civic Plaza 88 Christie,-33.823861,151.195326,Evie,,2.0,88 Christie St,St Leonards,2065,CCS (Type 2); CHAdeMO,4,50.0,2023-07-15T12:12:00Z
272631,F4A54E1A-A3BE-4FCF-B913-8A80AF6B5978,Evie Darwin,-12.459284,130.836153,Evie,,2.0,96 Mitchell Street NT,Darwin,0800,CCS (Type 2); CHAdeMO,4,50.0,2023-07-15T12:09:00Z
272630,F6CBCC16-EDED-4AFE-A324-9C692F44AFF4,Royal Randwick,-33.915187,151.240972,Evie,,2.0,73 Belmore Road,Randwick,2031,CCS (Type 2); CHAdeMO,4,50.0,2023-07-15T12:06:00Z
272629,8CD3A932-320C-4272-AD69-7ED9A67AF960,Robina Central,-28.081588,153.381888,Evie,,4.0,8 Laver Dr,Robina,4226,CCS (Type 2),2,50.0,2023-07-15T12:00:00Z
272628,CCB4C136-ABD7-4BB1-BDF9-23821371D4B5,Brickworks Ferry Road,-27.980749,153.409711,Evie,,2.0,107 Ferry Rd,Southport,4215,CCS (Type 2); CHAdeMO,4,50.0,2023-07-15T12:01:00Z
272627,120AC6BD-3CD8-4331-973C-3228F12C4285,Macquarie Centre,-33.777565954445315,151.12056384466786,Evie,,2.0,Cnr Herring Rd & Waterloo Rd,North Ryde,2113,CCS (Type 2); CHAdeMO,4,50.0,2026-03-05T06:26:00Z
272624,14FD3EDF-276D-4923-9455-BB6BF98CB23C,ENGIE - Greenway Wetherill Park,-33.850403,150.89840155,Chargefox,$0.55/kWh,2.0,1183-1187 The Horsley Drive,Wetherill Park,2164,CCS (Type 2),1,120.0,2023-07-15T09:24:00Z
272622,A929E019-7BBF-4E02-B414-FBC5BAACF158,Pennant Hills Toyota,-33.7366211,151.0743388,Chargefox,$0.60/kWh,2.0,330 Pennant Hills Road,Pennant Hills,2120,CCS (Type 2),1,50.0,2023-07-15T09:21:00Z
272620,D92740C5-0AFA-47D9-94D1-0FD88E84AA7E,Berowra Tennis Centre,-33.621379,151.1494478,Chargefox,$0.60/kWh,2.0,6 Boundary Street,Berowra,2081,CCS (Type 2),1,75.0,2023-07-15T09:11:00Z
272619,E3871118-A7CA-4A0F-9185-C366EE36EC35,The Heffron Centre,-33.97374,151.236646,Chargefox,Free - $0.42/kWh,8.0,439 Bunnerong Road,Chifley,2036,CCS (Type 2); CHAdeMO,8,25.0,2023-07-15T09:08:00Z
272618,CD309E1D-D888-429B-93B9-F06A3B40D461,ENGIE - DFO Homebush,-33.855576,151.076681,Chargefox,$0.45/kWh,2.0,3 -5 Underwood Road,Homebush,2140,CCS (Type 2),1,120.0,2023-07-16T13:41:00Z
272617,A2FCC2E2-090E-4164-A844-F9ABA495B15A,ENGIE - Roselands Shopping Centre,-33.935,151.069205,Chargefox,$0.45/kWh,2.0,24 Roselands Drive,Roselands,2196,CCS (Type 2),1,120.0,2023-07-15T09:01:00Z
272616,9F1797CC-8007-4FAF-894B-2E6A194C061A,NRMA - Sydney,-33.9055215,151.2128,Chargefox,$0.45 - $0.60/kWh,4.0,4 Defries Avenue,Zetland,2017,CCS (Type 2); CHAdeMO,3,350.0,2023-07-15T08:58:00Z
272615,BA9CFD4F-1D8F-4C6E-8C48-34BC807A33E9,ENGIE - Warriewood Square,-33.695602,151.2962878,Chargefox,$0.45/kWh,2.0,12 Jacksons Road,Warriewood,2101,CCS (Type 2),1,120.0,2023-07-15T07:59:00Z
272614,30AF930C-E48E-4B41-99D9-B8D880352C3F,Mirvac South Eveleigh,-33.8955812,151.1958121,Chargefox,Free,4.0,2 Central Avenue,Eveleigh,2015,CCS (Type 2); CHAdeMO; Type 2 (Socket Only),6,50.0,2023-07-15T07:56:00Z
272613,34663A3E-0D92-42A2-A6C4-A6EC44525A0B,TLE Electrical Artarmon,-33.81845312500111,151.18932889926964,Chargefox,$0.30/kWh,1.0,65 Reserve Road,St Leonards,2065,CCS (Type 2); CHAdeMO,2,22.0,2023-07-15T07:52:00Z
272612,E3A3F91D-CA6E-4694-813A-8C6BEA918287,Bendigo Kangan Institute,-36.7527695,144.2940181,Chargefox,$0.40/kWh,2.0,62-104 Charleston Road,East Bendigo,3550,CCS (Type 2); Type 2 (Socket Only),2,80.0,2023-07-15T07:35:00Z
272611,46BAC9D3-E4C6-43B2-9083-96963590151A,Motors Devonport,-41.179441,146.341294,Chargefox,$0.23/kWh,1.0,1 Don Road,Devonport,7310,CCS (Type 2); CHAdeMO,2,24.0,2023-07-15T07:29:00Z
272610,111BF766-A240-4579-96A1-C6268987FED2,10 Esplanade,-42.155391,145.32604,Chargefox,$0.40 - $0.52/kWh,1.0,The Esplanade,Strahan,7468,CCS (Type 2); CHAdeMO; Type 2 (Socket Only),3,50.0,2023-07-15T07:25:00Z
272608,46AF5D8C-27D4-4200-80B5-8AF711DA48E5,Strata Equity – Hunter Werribee,-37.901930594530896,144.6625784145474,Chargefox,Free,3.0,22 Synnot Street,Werribee,3030,Type 2 (Socket Only),3,22.0,2023-07-15T07:15:00Z
272607,AF269651-5768-4449-B28F-A71BA76BAC3C,Electric Highway Tasmania - Maydena,-42.754949,146.628993,Chargefox,$0.27 - $0.40/kWh,1.0,38a Kallista Road,Maydena,7140,CCS (Type 2); CHAdeMO; Type 2 (Socket Only),3,24.0,2023-07-15T07:12:00Z
272606,C9126FB8-E9F0-48A6-A924-4D9E8F6A0792,Electric Highway Tasmania - Dunalley,-42.886808,147.81389,Chargefox,$0.40 - $0.50/kWh,1.0,Imlay Street,Dunalley,7127,CCS (Type 2); CHAdeMO,2,60.0,2023-07-15T07:05:00Z
272605,78B135D2-A3C7-448F-B3E9-E84306949B2A,Electric Highway Tasmania - Derby,-41.149411,147.803691,Chargefox,$0.27 - $0.40/kWh,1.0,99 Main Street,Derby,7264,CCS (Type 2); CHAdeMO; Type 2 (Socket Only),3,24.0,2023-07-15T07:03:00Z
272604,C8CF14B7-C7F8-4812-A0C9-AF3E43C033ED,Electric Highway Tasmania - Fingal,-41.638,147.9681,Chargefox,$0.27 - $0.40/kWh,1.0,17A Talbot Street,Fingal,7214,CCS (Type 2); CHAdeMO; Type 2 (Socket Only),3,24.0,2023-07-15T07:00:00Z
272603,430EC08F-386F-420D-9A97-18263697F084,The Isla,-35.731097,150.197277,Chargefox,$0.60/kWh,1.0,222 Beach Road,Batehaven,2536,Type 2 (Socket Only),1,7.0,2023-07-15T06:56:00Z
272602,62537DA5-4147-4FF8-8E0B-7DFF2E9A2712,Rocket @ The End Of The Road,-43.43165,146.97408,Chargefox,$0.50/kWh,1.0,8856 Huon Highway,Southport,7109,Type 2 (Socket Only),1,22.0,2023-07-15T06:55:00Z
272601,19AFF5F1-6A2C-4674-8575-2357E1C6F920,Mansi on Raymond,-38.101629,147.065543,Chargefox,$0.40/kWh,1.0,476 Raymond Street,Sale,3850,Type 2 (Socket Only),1,22.0,2023-07-15T06:53:00Z
272600,EC7E2007-98FA-49F0-8250-FD74079CA275,Electric Highway Tasmania - Cygnet,-43.161979080863325,147.07772323414196,Chargefox,$0.27 - $0.40/kWh,1.0,14 Mary Street,Cygnet,7112,CCS (Type 2); CHAdeMO; Type 2 (Socket Only),3,24.0,2023-07-15T06:49:00Z
272599,6B90F368-D4B6-497E-BB26-3A21EA60BFEE,Inveresk QVMAG Car Park,-41.425875,147.139979,Chargefox,$0.30/kWh,1.0,2 Invermay Road,Invermay,7250,Type 2 (Socket Only),1,22.0,2023-07-15T06:46:00Z
272598,7175A8C6-8A59-4CE7-95A5-932273D42196,George Town Council Chambers,-41.105627281858055,146.82315392988272,Chargefox,$0.40 - $0.55/kWh,1.0,16 - 18 Anne Street,George Town,7253,CCS (Type 2); CHAdeMO,2,75.0,2024-09-27T12:46:00Z
272592,60C1A8AB-25CE-4E10-A693-EF0799721BB6,Jolt Bayswster,-37.84108696617519,145.2666187431746,Jolt,"First 7kWh free, then $0.40 per kWh thereafter. $5/hr idle time",1.0,Station Street,,3153,CCS (Type 2); CHAdeMO,2,25.0,2023-07-15T02:32:00Z
272574,501B742F-392A-4D3C-BEE5-6BE439C4F569,Electric Highway Tasmania - Triabunna,-42.50810955517955,147.91002661194875,Chargefox,,2.0,3A Vicary Street,Triabunna,7190,CCS (Type 2); CHAdeMO; Type 2 (Socket Only),3,24.0,2023-07-14T14:34:00Z
272573,D119E226-665E-4789-8186-72065ACF36C1,50 Learmonth Street,-38.26770792670353,144.6589785355144,Chargefox,$0.45 per kWh,2.0,50 Learmonth Street,Queenscliff,3225,CCS (Type 2); CHAdeMO,4,50.0,2023-07-14T14:26:00Z
272572,50958688-E5F0-4A6A-B38F-E984CA10B5B7,Armstrong Creek East Community Hub,-38.231759419255376,144.36927996323692,Chargefox,Free,6.0,46 Central Boulevard,Armstrong Creek,3217,Type 2 (Socket Only),3,22.0,2023-07-14T14:24:00Z
272571,EF4882BF-35B0-48E1-8BA0-5E1373914C38,Wuality Resort Siesta,-36.045905,146.943511,Chargefox,Free,4.0,422 Wagga Road,Lavington,2641,Type 2 (Socket Only),4,7.0,2023-07-14T14:20:00Z
272570,BB7A4CD1-DAED-41A2-89D9-AF5A3B6E187B,Blue Tongue Industries,-38.197502248120415,144.34395122104382,Chargefox,$0.30 per kWh,1.0,8 Lewalan St,Grovedale,3216,Type 2 (Socket Only),1,22.0,2023-07-14T14:16:00Z
272569,A8F2BC21-8435-4481-99E4-9385085D8E30,RACV Solar Grovedale,-38.197594122360314,144.34487185372615,Chargefox,$0.25 per kWh,1.0,8 Lewalan Street,Grovedale,3216,Type 2 (Socket Only),1,22.0,2023-07-14T14:14:00Z
272568,F2FF0CE3-F191-4A68-B799-CCB79BC486CB,Chadstone Shopping Centre,-37.884974305769425,145.08243117285895,Chargefox,Free,6.0,1341 Dandenong Rd,,3148,Type 2 (Socket Only),6,7.0,2023-07-14T14:12:00Z
272567,1324399A-EF07-4C9C-9F79-F10B330E1BA2,Eltham Leisure Centre,-37.72302764419204,145.14217983897862,Chargefox,Free,4.0,40 Brougham Street,Eltham,3095,Type 2 (Socket Only),2,7.0,2023-07-14T13:59:00Z
272566,E371AE83-DD70-4402-97F0-88C7E1F740FD,Devon Street Car Park,-37.79675756180921,145.27982712620957,Chargefox,Free,4.0,4 - 16 Devon Street,Croydon,3136,Type 2 (Socket Only),2,7.0,2023-07-14T17:37:00Z
272565,CFA357A6-761F-466C-9670-CE0A9D691197,Callaghan Motors,-38.36320203022315,142.4561073425345,Chargefox,$0.50 per kWh,2.0,1165 Raglan Parade,Warnambool,3280,Type 2 (Socket Only),1,22.0,2023-07-14T13:54:00Z
272564,6D0620A2-5ADE-4ADE-98A2-A859AA1660A7,Midlands Golf Club,-37.52794764296954,143.85802750554984,Chargefox,$0.35 per kWh,6.0,330 Heinz Lane,Invermay Park,3350,Type 2 (Socket Only),3,22.0,2023-07-14T13:52:00Z
272563,D76D49E7-4416-43B9-BDA3-92CF889998C3,Deakin University Waurn Ponds,-38.19671590570452,144.29935439201148,Chargefox,Free,4.0,Carpark 1 Kings Way,,3216,Type 2 (Socket Only),2,22.0,2023-07-14T13:49:00Z
272562,4CF3C07F-8D94-4ED1-AFB9-59A9D99D8FC0,Woolworths Heidelberg,-37.75910544295768,145.06876762326635,Chargefox,Free,16.0,451 Lower Heidelberg Road,Heidelberg,3084,CCS (Type 2); Type 2 (Socket Only),8,44.0,2024-07-03T08:41:00Z
272561,BBD2759B-B6A1-4D1C-AE51-DB02D79320AC,Austin Tower Carpark Level B1,-37.75745813437603,145.05918510936715,Chargefox,$0.25 per kWh,4.0,145 Studley Road,Heidelberg,3084,Type 2 (Socket Only),2,22.0,2023-07-14T13:41:00Z
272542,C9DA4D17-CC45-4926-8A4C-F0937D2DCEC6,Cobblebank Village,-37.7144019574638,144.60143699904745,Chargefox,Free,1.0,201 Ferris Road,,3338,CCS (Type 2); CHAdeMO,2,22.0,2023-07-14T13:35:00Z
272541,5FC099EA-46E3-482F-8AAD-218497480C02,Dindi Naturals,-37.10296645372912,145.61620856939197,Chargefox,Free,1.0,6572 Maroondah Highway,Yarck,3719,Type 2 (Socket Only),1,7.0,2023-07-14T07:26:00Z
272540,DEC2A37C-4DFE-4540-951A-CC4DB1961A92,Stewarts Bay Lodge,-43.13907166604574,147.8548439357172,Chargefox,$0.55 per kWh,2.0,6955 Arthur Highway,Port Arthur,7182,Type 2 (Socket Only),2,22.0,2023-07-14T07:25:00Z
272537,CB67A4ED-7668-4E27-A2BE-5147CB752574,Electric Highway Tasmania - Ouse,-42.48504801756201,146.7100908639125,Chargefox,"0.25 per kWh + 0.15 per minute 9am - 6pm, 0.10 per minute other times",1.0,6955 Lyell Highway,Ouse,7140,CCS (Type 2); CHAdeMO; Type 2 (Socket Only),3,24.0,2023-07-14T06:08:00Z
272536,0C38ADA5-A09F-405E-A6F2-B24E97CF9365,Yarra Valley Nissan,-37.754997221186045,145.3637260206866,Chargefox,$0.31 per kWh,2.0,460 - 462 Maroondah Highway,Lilydale,3140,Type 2 (Socket Only),1,11.0,2023-07-14T06:05:00Z
272535,8C5F0DB5-2992-4F9D-A267-D1BDB57B7B07,Brighton Council Chambers,-42.75097184541446,147.27872555026147,Chargefox,Free,1.0,1 Tivoli Road,Old Beach,7017,Type 2 (Socket Only),1,22.0,2023-07-14T06:03:00Z
272534,C205391D-B9DF-4589-91E7-996B13584E09,Fleming Park,-37.769132479580406,144.9747860386588,Chargefox,Free,2.0,4 -6 Cross St,Brunswick East,3057,Type 2 (Socket Only),2,7.0,2023-07-14T05:59:00Z
272533,DB7AB9A6-B9C2-4E2A-8BF5-CE6B50014155,David Street Car Park,-37.771645139851486,144.96173089792444,Chargefox,Free,2.0,1 David St,Brunswick,3056,Type 2 (Socket Only),1,22.0,2026-03-09T20:30:00Z
272532,9FCAC278-1B39-4B76-B9B4-59B3DFCD18D5,RMIT Brunswick,-37.7716796666272,144.95818485880557,Chargefox,$0.30 per kWh,1.0,25 Dawson St,Brunswick,3056,Type 2 (Socket Only),1,22.0,2023-07-14T05:55:00Z
272531,BB452380-94A5-46F5-B561-F958D5474433,Moonee Ponds Central,-37.76583087874345,144.92352649174768,Chargefox,Free,1.0,14 - 16 Hall St,Moonee Ponds,3039,Type 1 (J1772); Type 2 (Socket Only),2,22.0,2023-07-14T05:53:00Z
272521,99D35B44-B880-47A5-A21D-B10630EDF71C,BP Pulse Eastern Creek,-33.811041669720204,150.85030018744214,BP Pulse (AU),$0.55/kWh,2.0,BP Truckstop,Eastern Creek,2766,CCS (Type 2),1,75.0,2023-08-09T12:21:00Z
272511,98068381-37A1-4A7A-856F-64E3A26B23EF,Cataract Gorge Basin Car Park,-41.44637646555024,147.12284889511938,Chargefox,AUD 0.30 per kWh,1.0,72 Basin Road,Launceston,7520,Type 2 (Socket Only),1,7.0,2023-07-13T07:59:00Z
272510,BF5E1564-5F3F-4167-B666-81355A51C488,Jackson Volkswagen,-41.45022658817194,147.14154103560344,Chargefox,AUD 0.50 per kWh,1.0,Galvin St,South Launceston,7249,CCS (Type 2); CHAdeMO,2,50.0,2023-07-13T07:50:00Z
272508,C67F3EFD-63BB-4DDF-A233-C6F50A2F9924,Audi Centre Hobart,-42.87538883111667,147.32416098548657,Chargefox,AUD 0.50 per kWh,1.0,152-170 Campbell Street,Hobart,7000,CCS (Type 2),1,50.0,2023-07-13T07:43:00Z
272507,F32B6A04-C233-4B29-B12F-97DF85815339,Electric Highway Tasmania - Waratah,-41.4429562299098,145.52665769580165,Chargefox,"0.25 per kWh + 0.15 per minute 9am - 6pm, 0.10 per minute other times",1.0,Bishoff Hotel,Waratah,,CCS (Type 2); CHAdeMO,2,24.0,2023-07-13T07:39:00Z
272506,9A47BA8F-8BE9-48FC-B6C4-F65B48CBBB93,Tas Hydro Power Station Heritage Site,-42.12462669442656,146.74664613345436,Chargefox,Free,1.0,2693 Waddamana Road,Waddamana,7030,CCS (Type 2); CHAdeMO,2,60.0,2023-07-13T07:35:00Z
272504,C3428C7F-9130-455F-B817-5B27F583A5D7,Hotel Bruny,-43.321799726979194,147.2422590158638,Chargefox,"AUD 0.50 per kWh 7am - 10am/4pm-9pm, AUD 0.40 other times",1.0,3959 Bruny Island Main Road,Alonnah,7150,CCS (Type 2); CHAdeMO,2,25.0,2023-07-13T07:30:00Z
272501,61F481F9-DB65-4199-85DF-39EA347B451B,Tuggeranong CSCC,-35.41502698377792,149.06342879909937,Evie,Pricing set to 40c per kWh of charging.,2.0,Cnr Pitman & Holwell St,Greenway,2900,Type 2 (Socket Only),2,22.0,2023-07-12T23:13:00Z
272500,035C3AEB-7CB0-42AE-9C12-18ED8A22080A,Murrumbateman Country Inn,-34.96941392055333,149.03001688933142,Evie,Pricing set to 50c per kWh of charging.,1.0,2 Hercules Street,Murrumbateman,2582,CCS (Type 2); CHAdeMO,2,50.0,2023-09-18T05:45:00Z
272499,0034CF66-FA41-42A9-902A-66AB6C052B9F,Evie Adelaide Hills,-35.00971247867212,138.75901747075886,Evie,60c per kWh energy consumed.,1.0,399 Mount Barker Road,Bridgewater,5245,CCS (Type 2); CHAdeMO,3,150.0,2023-07-13T03:54:00Z
272498,BDB29806-F564-4A52-B09A-5E74CD326B13,Evie Woden,-35.348299676937806,149.08890913353355,Evie,Pricing set to 40c per kWh of charging.,4.0,92 - 96 Corinna St,Phillip,2606,Type 2 (Socket Only),2,22.0,2023-07-12T22:33:00Z
272497,F894B092-1DF0-4A5E-B4F6-5F2F4A226A47,Hotel REalm,-35.312198318325976,149.1333088744247,Evie,50c per kWh energy consumed.,2.0,6 Burbury Close,,2600,CCS (Type 2); CHAdeMO,4,50.0,2023-07-12T21:55:00Z
272496,DC7677DE-60AC-44D2-9057-D6E948806BCF,Evie Dapto Mall,-34.49497612676224,150.79547723050382,Evie,50c per kWh energy consumed.,2.0,Moombara Street,Dapto,2530,CCS (Type 2); CHAdeMO,4,50.0,2023-07-12T21:47:00Z
272486,CCD720D8-74CA-4B57-BC89-A10CC3311F62,Evie Mildura,-34.183567985291354,142.1585658445057,Evie,50c per kWh energy consumed.,1.0,Pine Avenue,Mildura,3500,CCS (Type 2); CHAdeMO,2,50.0,2023-07-12T14:18:00Z
271067,7DA4CFC1-A7D7-45C7-A98C-89F755A4C1CF,Evie Wangaratta,-36.35361729522813,146.3252141757206,Evie,$0.45 per kWh,1.0,2 - 6 Docker St,Wangaratta,3676,CCS (Type 2); CHAdeMO,2,50.0,2023-07-10T02:38:00Z
271066,46D6E7E3-0B16-41D4-8EB2-832BF6764259,Charging the Regions Traralgon,-38.19562583791989,146.5329076841424,Evie,$0.45 per kWh,1.0,49 Breed St,,3844,CCS (Type 2); CHAdeMO,2,50.0,2025-01-09T08:52:00Z
271065,88C54EDC-D5C5-4D95-A29B-7B9CC00D8664,Evie Alexandra,-37.19177622193456,145.71117802098246,Evie,$0.45 per kWh,1.0,8 - 10 Webster Street,Alexandra,3714,CCS (Type 2); CHAdeMO,2,50.0,2023-07-22T23:09:00Z
271064,B6D2CA85-A6F8-4310-ABA1-A56FE8BC42E6,Evie Dunkeld,-37.65017530125832,142.34254760364854,Evie,$0.45 per kWh,1.0,83 Wills St,Dunkeld,3294,CCS (Type 2); CHAdeMO,2,50.0,2023-07-10T02:38:00Z
271063,9604748B-D07C-4D2D-99A4-6B0D0685D000,Evie Camperdown,-38.230321252822165,143.1458213510811,Evie,$0.45 per kWh,1.0,2 Bath Street,Camperdown,3260,CCS (Type 2); CHAdeMO,2,50.0,2023-07-10T02:38:00Z
271062,0CC58E88-93A0-4714-A264-5577232BB351,Victoria Street,-37.42305178823792,144.562626054862,Evie,$0.45 per kWh,1.0,Victoria Street,Macedon,3440,CCS (Type 2); CHAdeMO,2,50.0,2023-07-10T02:38:00Z
271060,206046AA-57DD-4912-BA6F-AE391B5D2C77,Evie Yarrawonga,-36.010175172605514,146.00330137579863,Evie,$0.45 per kWh. Parking overstay charges may apply,1.0,6 - 12 Hovell Street,Yarrawonga,3730,CCS (Type 2); CHAdeMO,2,50.0,2023-07-10T02:38:00Z
271037,CC4665AE-408D-481B-B630-8F8F6FCBFDD5,Evie Warracknabeal,-36.25068312709375,142.39379449793637,Evie,$0.45 per kWh,1.0,18 - 20 Woolcock Street,Warracknabeal,3393,CCS (Type 2); CHAdeMO,2,50.0,2023-07-10T02:38:00Z
271033,CCD7A952-C7BD-4E62-AD5A-3080C983DD66,Evie Cohuna,-35.80838371437618,144.22123701963017,Evie,$0.40 per kWh,1.0,King George St,Cohuna,3568,CCS (Type 2); CHAdeMO,2,50.0,2023-07-10T02:38:00Z
271024,22EF38CC-07FF-4B5F-A66E-FA09F57FFEAA,Evie Lakes Entrance,-37.88192619723392,147.97348946515365,Evie,$0.45 per kWh. Parking overstay charges may apply,1.0,2 Marine Pde,Lakes Entrance,3909,CCS (Type 2); CHAdeMO,2,50.0,2023-07-10T02:38:00Z
271022,AF87055E-AA12-4CE0-BBC8-867751CB63BD,Evie Meredith,-37.84437816290739,144.0768346824019,Evie,$0.45 per kWh,1.0,12 Wallace St,Meredith,3333,CCS (Type 2); CHAdeMO,2,50.0,2023-07-10T02:38:00Z
271017,4B8025B2-75E3-45D6-9F72-F3D4AC775D72,Evie Maffra,-37.96731873526982,146.97479206718913,Evie,$0.45 per kWh,1.0,4 Purdy Ln,Maffra,3860,CCS (Type 2); CHAdeMO,2,50.0,2023-07-10T02:38:00Z
271014,8803D55D-EB39-4AE3-A289-19E15819D1DC,Evie Flinders,-38.474526184383976,145.01862334358879,Evie,$0.45 per kWh,1.0,33 Cook St,Flinders,3929,CCS (Type 2); CHAdeMO,2,50.0,2023-07-10T02:38:00Z
271011,199BC716-3F89-4A2A-B0D1-42253145DEDE,Kingston Town Shopping Centre,-42.980209156103385,147.30374043545635,Evie,$0.45 per kWh,2.0,57 Maranoa Rd,Kingston,7050,CCS (Type 2); CHAdeMO,4,50.0,2023-07-10T02:38:00Z
271006,F2A88717-BC3D-490A-B9E1-47ED6AD51BF4,Evie Dartmoor,-37.92221290806473,141.27619651056017,Evie,$0.45 per kWh,1.0,73 Greenham St,Dartmoor,3304,CCS (Type 2); CHAdeMO,2,50.0,2024-01-05T00:51:00Z
271003,DD6DB737-E0B2-434D-A71F-CFDFB4C2ED0C,Evie Kerang,-35.734343178074404,143.92168541640507,Evie,$0.40 per kWh. Idle fee $4 per hour,1.0,1 -3 Albert St,Kerang,3579,CCS (Type 2); CHAdeMO,2,50.0,2023-07-10T02:38:00Z
270996,B051B910-F054-4BB7-8776-02B3B7199561,Local Village Carrum Downs,-38.088427053571266,145.1825268436774,Evie,$0.45 per kWh. Parking overstay charges may apply,2.0,1066 Frankston - Dandenong Rd,Carrum Downs,3201,CCS (Type 2); CHAdeMO,4,50.0,2023-07-10T02:38:00Z
270994,E0852AE1-5B9D-403C-8130-B8D6B91703E1,Bayside Willansby Ave,-37.90610169777272,145.00363488616335,Evie,$0.45 per kWh,2.0,47 Willansby Ave,Brighton,3186,CCS (Type 2); CHAdeMO,4,50.0,2023-07-10T02:38:00Z
270950,AEB4DA6F-D412-4796-A011-FF18B0DA7AB8,JET Charge Office,-37.82858393063794,144.93443851602245,Chargefox,AUD 0.60 per kWh,1.0,350 Bridge Street,Port Melbourne,3207,CCS (Type 2); CHAdeMO; Type 2 (Tethered Connector) ,3,80.0,2023-07-10T02:38:00Z
270949,9D84AFCB-E170-4595-809B-7D86AF8F9737,RMIT - City Campus,-37.80624795114712,144.96401596254236,Chargefox,AUD 0.30 per kWh,1.0,17-21 Cardigan Street,Carlton,3053,CCS (Type 2); Type 2 (Socket Only),2,75.0,2023-07-10T02:38:00Z
270947,9B98EBA4-241C-421A-AD8F-50E4378D6A13,Hilton Coles,-32.06408827282525,115.78180730214649,Chargefox,$0.45 per kWh,2.0,South Street,,6183,Type 2 (Socket Only),1,22.0,2025-03-21T05:15:00Z
270936,AD1D3468-E233-4042-83A5-F8461A60FB14,City of Stonnington,-37.8558376330929,145.0295635713096,Chargefox,AUD 0.45 per kWh,1.0,290 Glenferrie Road,Malvern,3144,CCS (Type 2); CHAdeMO,2,50.0,2023-07-10T02:38:00Z
270935,E7A31266-4624-4BC9-B811-8804DC1C9572,ClydeStone Square,-38.09340993256419,145.34171416795755,Chargefox,AUD 0.40 per kWh,1.0,Matterhorn Drive ,Clyde North,3978,CCS (Type 2); CHAdeMO,2,50.0,2023-07-10T02:38:00Z
270934,0BAE6FA9-808B-4653-A2D3-B27FEA02EF4B,ENGIE - Bayside Centre,-38.13983274747568,145.12422212753893,Chargefox,AUD 0.45 per kWh,1.0,15 Beach Street,Frankston,3199,CCS (Type 2),1,50.0,2023-07-15T07:36:00Z
270933,E8376CB1-BA47-4EC6-9783-C5AB5CC5D981,Creswick Vicitors Information Centre,-37.42256775700739,143.89407103114934,Chargefox,AUD 0.45 per kWh,1.0,41-43 Albert Street,Creswick,3363,CCS (Type 2); CHAdeMO,2,50.0,2023-07-10T02:38:00Z
270910,71B236D7-D09A-4CFA-9137-6C7EFEF43F5C,Penguin Parade Car Park,-38.505470002342136,145.14849508723148,Chargefox,AUD 0.37 per kWh,1.0,995 Ventor Rd,Summerlands,3922,CCS (Type 2); CHAdeMO,2,50.0,2023-07-10T02:38:00Z
270909,C864FEDB-B429-4DDF-B57E-993BD5C0B40D,Engie - The Glen,-37.87707026526765,145.16444504069057,Chargefox,AUD 0.45 per kWh,1.0,235 Springvale Rd,Glen Waverley ,3150,CCS (Type 2); CHAdeMO,2,100.0,2023-09-28T21:51:00Z
270908,39531E9C-35EB-4C05-8822-F2B34A025321,ENGIE - VIctoria Gardens,-37.81230000849669,145.01104431147348,Chargefox,AUD 0.54 per kWh (3pm-10am) AUD 0.37 per kWh (10am - 3pm),1.0,620 Victoria St,Richmond,3121,CCS (Type 2); CHAdeMO,2,100.0,2023-07-10T02:38:00Z
270905,8EA29351-53C5-4658-8108-501F813B9E63,Omeo - Tongio Road,-37.10120685500498,147.5913216311938,Chargefox,AUD 0.40 per kWh,2.0,Tongio Road,Omeo,3898,CCS (Type 2); CHAdeMO,2,50.0,2023-07-10T02:38:00Z
270904,73DE864D-6533-4523-8C19-C0E45F150A4E,Wine by Sam,-37.02797706541075,145.14294410402647,Chargefox,AUD 0.40 per kWh,1.0,69 Anzac Ave,Seymour,3660,CCS (Type 2); CHAdeMO,2,25.0,2023-07-10T02:38:00Z
270903,2E501A70-42E8-4ADF-B9E2-6AA0317E8054,Monash Caufield,-37.87609755140018,145.0437890823424,Chargefox,Free,1.0,880 Dandenong Rd,Malvern East,3145,CCS (Type 2); CHAdeMO,2,50.0,2023-07-10T02:38:00Z
270902,599FDC04-A8C8-4273-92EE-F5E0B63738EE,Yackandandah Community Development Company,-36.31377673712394,146.838576031665,Chargefox,AUD 0.54 per kWh (3pm-10am) AUD 0.37 per kWh (10am - 3pm),2.0,16 Windham Street,Yackandandah,3749,CCS (Type 2); CHAdeMO,2,50.0,2023-07-10T02:38:00Z
270847,3980B152-54F3-413D-BEEF-F13EABE23EAD,Evie - Bright,-36.72909821085958,146.9621075161064,Evie,$0.45 per kWh,1.0,24 Wills St,Bright,3741,CCS (Type 2); CHAdeMO,2,50.0,2023-07-09T10:10:00Z
267588,947D46E5-9460-492B-81FE-479F3C45C7EE,Deni RSL,-35.535453,144.967298,(Unknown Operator),FREE,8.0,72 End St,Deniliquin,2710,Type 2 (Socket Only),1,22.0,2023-06-30T17:31:00Z
267563,7E4DA7CD-3C5D-4D84-85DD-0A0B0EA5FC04,Ampol Melville ,-32.031412015833354,115.81520749424499,Ampol AmpCharge,$0.60 per kWh,1.0,587 Highway 6,Melville,,CCS (Type 2); CHAdeMO,2,180.0,2023-07-28T09:03:00Z
267547,A710350B-FA64-456F-BE77-E1E589283625,Bunnings Tarneit,-37.83430858506595,144.69884313714417,Chargefox,Free,2.0,83 Leakes Rd,Tarneit,3029,Type 2 (Socket Only),1,22.0,2023-07-13T08:06:00Z
267498,A9F82F2F-99C8-422E-8255-D11AE0FEB3CB,Evie Beaufort,-37.428865575035715,143.38285570096986,Evie,$0.45 per kWh. Parking overstay charges may apply,4.0,19 Willoby St,Beaufort,3373,CCS (Type 2); CHAdeMO,3,50.0,2023-07-10T02:38:00Z
267345,B7F306E7-9BDF-4B55-915B-654293179687,Chargefox Teachers Mutual Bank,-33.77239824531827,150.84348282464293,Chargefox,,1.0,Teachers Mutual Bank,Rooty Hill,2766,Type 2 (Socket Only),1,,2023-07-13T08:39:00Z
267315,B6F8EBA2-0CD4-4D8D-893C-7359C3C0EC7E,Ampol Derrimut,-37.80519464533884,144.75198926317552,Ampol AmpCharge,$0.60/kWh for pay-as-you-go charging.,1.0,354a Robinsons Rd,Derrimut,3026,CCS (Type 2); CHAdeMO,2,180.0,2023-07-04T03:26:00Z
267111,7E70F137-C12E-4539-8667-E1FB30C3BDB5,Ampol East Perth,-31.948662865419386,115.86948347276189,Ampol AmpCharge,$0.60 per kWh,1.0,157 Lord Street,East Perth,6000,CCS (Type 2); CHAdeMO,2,180.0,2023-06-21T07:34:00Z
267110,17540D7D-2267-4596-BB23-C08C8A971C23,Broome (WA EV Network),-17.970280524476166,122.23554864906441,WA EV Network (AU),DC Charging $0.35 - $0.60 per kWh at all times.,1.0,90 Robinson Street,Broome,6725,CCS (Type 2); Type 2 (Socket Only),2,150.0,2023-07-16T03:56:00Z
266872,E765EC33-7621-4BA1-A7F0-C0C51AEA90CF,Chatswood Chase Chargefox,-33.79511781061279,151.18644036778977,Chargefox,$0.45/kWh,2.0,345 Victoria Avenue,Chatswood,2067,CCS (Type 2),1,120.0,2023-07-13T08:44:00Z
266767,8289C80A-827F-48F7-A0DA-6CBB8123B033,BP Pulse,-33.36290641211102,151.44446174596283,BP Pulse (AU),$0.55/kwh,2.0,Cnr Mingara Dr & Wyong Rd,Tumbi Umbi,2261,CCS (Type 2); CHAdeMO,2,75.0,2023-08-09T11:36:00Z
266620,69E2E649-819B-4341-87A6-B53316AFAB80,Exeter Supercharger,-34.60933240617118,150.22984763276781,Tesla (Tesla-only charging),$0.66/kWh,6.0,Sallys Corner Rd,Exeter,2579,CCS (Type 2),1,250.0,2023-06-08T12:43:00Z
266586,E61074C9-10AF-4C2B-B15A-34951D01E9D8,EVIE Cameron Park,-32.8964286163983,151.59758681049271,Evie,0.60c per kWh,2.0,119 Stenhouse Drive,Cameron Park,2285,CCS (Type 2); CHAdeMO,2,350.0,2023-09-18T17:57:00Z
266540,0132276D-33F1-4879-8C73-AB1433672BCE,Evie Lawson,-33.72070368975226,150.4297109802278,Evie,$0.45 per kWh. ,2.0,4-6 New Street,Lawson,2783,CCS (Type 2); CHAdeMO,4,50.0,2023-07-15T13:41:00Z
266538,84002073-8BC7-4AC9-984D-EB9CF9E96AB6,Blaxland Supercharger,-33.74525300296909,150.61025805036633,Tesla (Tesla-only charging),Supercharger rates,6.0,126 Hope St,Blaxland,2774,CCS (Type 2),1,250.0,2023-06-08T12:45:00Z
266501,ADF40A1E-1A11-49B0-A30D-9B9166995536,Campbelltown Supercharger,-34.07151792013103,150.80730085250025,Tesla (Tesla-only charging),$0.66/kWh,12.0,20-22 Camden Road,Campbelltown,2560,CCS (Type 2),1,250.0,2023-06-08T03:24:00Z
266500,2A55D1F0-1FD8-4DC5-9007-CC79E2BDEDF9,NRMA Scone,-32.050443549876185,150.86657130895486,NRMA,FREE,1.0,116 Liverpool Street,Scone,2337,CCS (Type 2); CHAdeMO,2,50.0,2023-06-08T03:24:00Z
266499,EA965ADF-1D98-4486-8FB6-80C31B0BF96F,NRMA Glen Innes,-29.738464518791687,151.7363027621517,NRMA,FREE,1.0,Sommerlad Lane,Glen Innes,2370,CCS (Type 2); CHAdeMO,2,50.0,2023-06-08T03:24:00Z
266480,CAB98FE4-4111-4943-9F50-AE20AAA601B5,NRMA Inverell,-29.774658191367415,151.11461977623674,NRMA,FREE,1.0,59 Evans Street,Inverell ,2360,CCS (Type 2); CHAdeMO,2,70.0,2023-06-06T12:14:00Z
266384,E514FB42-C3E3-4B25-98FC-D048643ECFEC,Coles South Perth,-31.981184422636147,115.86248950002266,(Unknown Operator),Free,4.0,Angelo Street,,6151,Type 2 (Socket Only),4,7.0,2023-06-01T08:07:00Z
266253,5C9743A0-6DA4-4AEF-BE64-DCF3B12A1173,Whyalla Veterinary Clinic,-33.03010493946057,137.52930357434326,Noodoe EV,,1.0,97 McDouall Stuart Avenue,,5608,CCS (Type 2); Type 2 (Socket Only),2,75.0,2023-06-08T03:24:00Z
266022,6010BC9B-C19F-4144-8138-5C9C74263D9C,Ampol Gosnells,-32.080050874907705,115.98798052330272,Ampol AmpCharge,$0.60/kWh for pay-as-you-go charging.,1.0,158 Corfield Street,Gosnells,6110,CCS (Type 2); CHAdeMO,2,180.0,2023-06-21T07:27:00Z
265655,3249B2DB-628A-4444-9515-A3946C7926AC,Westfield Carousel,-32.022177407350696,115.93916843857136,(Unknown Operator),Free,10.0,Albany Highway,Cannington City,6107,Type I (AS 3112),1,2.5,2023-05-16T23:59:00Z
265390,4A756D8C-4B9F-43C2-A8FD-3671F1DEB96D,HomeCo Castle Hill,-33.72778176586396,150.976245622693,Evie,$0.45 per kWh. Parking overstay charges may apply,2.0,18 Victoria Avenue,Castle Hill,2154,CCS (Type 2); CHAdeMO,4,50.0,2023-07-15T14:02:00Z
265199,F45C85B3-922E-4263-B4FB-A91F05B6524B,Bairnsdale Chargefox,-37.82556535406092,147.62768829827212,Chargefox,AUD 0.40 per kWh,1.0,Nicholson Street Carpark,Bairnsdale,,CCS (Type 2); CHAdeMO,2,50.0,2023-07-05T13:15:00Z
260774,633B975A-4CFD-486E-A1DA-47EB5D9EFC69,Tooleybuc Sporting Club,-34.729549625149865,143.19430431482874,(Unknown Operator),,8.0,Lot 1 Lockhart Road,Tooleybuc,,CCS (Type 2); Unknown,2,22.0,2023-05-04T09:14:00Z
260617,18FA1286-707C-4F77-B819-11EEE694934B,Marnong Estate,-37.53036061112412,144.88047325188313,,,4.0,2335 Mickleham Road,Mickleham,3064,Type 2 (Socket Only),1,22.0,2023-07-13T22:24:00Z
260420,C97E718A-2B25-4193-A540-1A96FB299A13,diamond creek community bank stadium,-37.673614374174896,145.16604356699168,Chargefox,currently free,1.0,Main Hurstbridge Road,diamond creek,3089,Type 2 (Socket Only),1,22.0,2023-07-13T09:19:00Z
260392,3CFB106B-7A6C-4EEC-A5A3-A042C7B12DAE,Little Walker Street,-28.865746474795223,153.04878848507587,NRMA,,2.0,Little Walker Street,,2470,CCS (Type 2); CHAdeMO,2,50.0,2023-04-23T10:48:00Z
260229,1E24EF3C-7D93-4FAB-A732-63DD3BDF1E9B,Point Cook Town Centre,-37.88439995231257,144.73403564973228,Chargefox,Free,1.0,Dunnings Road,Point Cook,3030,Type 2 (Tethered Connector) ,1,7.0,2023-04-19T11:39:00Z
260185,2FDA2A71-2555-43B2-8AA0-4D6BA988E743,Technology Place,-32.80989381760532,151.8440351156935,(Unknown Operator),Free,2.0,Technology Place,Williamtown,2318,Type 2 (Tethered Connector) ,1,7.2,2023-04-18T15:28:00Z
260085,BC5E0362-E50A-4989-A09B-3854F01F6CBE,EHT - Sandy Bay,-42.903116,147.336466,Electric Highway Tasmania,0.25c/kWh + 0.25c/min (peak)  [or 0.15c/min off-peak],2.0,410 Sandy Bay Road,,7005,CCS (Type 2); CHAdeMO,2,80.0,2023-07-14T14:30:00Z
259795,DD7D80D3-5B5B-4AA7-A92E-559B428B2FE0,Subiaco One Chargefox,-31.946094566198234,115.82508951776464,Chargefox,$0.30/KW,1.0,24 Rockeby Road,Subiaco,6008,Type 2 (Socket Only),1,22.0,2023-07-13T09:21:00Z
259710,E189CBA7-3998-4F63-8DBA-E25E6E32B01D,Electric Highway Tasmania - Oatlands,-42.29898,147.37111,Electric Highway Tasmania,0.25c/kWh + 0.25c/min (peak)  [or 0.15c/min off-peak],2.0,70 High Street,Oatlands,,CCS (Type 2); CHAdeMO,2,80.0,2023-07-15T07:07:00Z
259692,EDF542C6-6C4D-4539-A56A-DBCC8EF43A84,Evie Chelsea,-38.054822504708284,145.11600913546908,Evie,$0.40 per kWh. Parking overstay charges may apply,1.0,1 Swansea Rd,Chelsea,3196,CCS (Type 2); CHAdeMO,4,50.0,2023-07-06T20:53:00Z
259691,57B356A4-46E9-4856-97DB-C9C394F19608,Scorseby Engie,-37.91344215822404,145.21852997218298,Chargefox,AUD 0.55 per kWh,2.0,,,3179,CCS (Type 2); CHAdeMO,2,100.0,2023-07-07T10:39:00Z
259690,DF8C81CA-BBB6-4A80-BF93-F1B787E183DB,Mornington Super Charger,-38.23466432711377,145.05094693515247,Tesla (including non-tesla),,6.0,Mornington-Tyabb Road,,3931,CCS (Type 2),1,250.0,2024-06-25T11:04:00Z
259607,A0BAE79D-5942-440B-93FC-5631567083A2,Whitsunday Gold - Evie,-20.392030162735637,148.58120604948056,Evie,0.60c per kWh,2.0,Bruce Highway,,,CCS (Type 2); CHAdeMO,2,350.0,2023-07-15T13:08:00Z
258483,10A017C6-6DC5-4ED4-A935-9D77476D3A3F,Tom Price DC Charger,-22.69369679043048,117.7962538370137,(Unknown Operator),Free,1.0,2 Stadium Road,Tom Price,,CCS (Type 2); CHAdeMO,2,25.0,2023-06-12T00:28:00Z
258482,33FA9C69-61DD-4098-8B3F-8A6343A3383D,sgfleet,-35.3227262052871,149.1655969874277,Chargefox,$0.30/kWh,2.0,Building 2,Fyshwick,2609,CCS (Type 2); CHAdeMO,2,25.0,2023-07-13T09:22:00Z
257192,FC681069-BF8E-4D62-8DC8-1A5BD57C33A0,Williams (WA EV Network),-33.030413391586315,116.87831212111337,Chargefox,DC - $0.60 per kWh AC - $0.35 per kWh at all times,4.0,22 Albany Highway,Williams,6391,CCS (Type 2); Type 2 (Socket Only),2,150.0,2023-06-26T02:56:00Z
238412,D23D0F79-CABB-43B6-9E5C-BE3D8A47463A,Orbost Chargefox,-37.70569202931135,148.45599196799412,Chargefox,AUD 0.40 per kWh,1.0,Wolseley Street,Orbost,,CCS (Type 2); CHAdeMO,2,50.0,2023-07-05T13:15:00Z
238126,9FB7029D-4669-4DD7-8428-FB2AD5112664,Marulan Roadhouse Northbound,-34.71913537033707,149.99575545222547,BP Pulse (AU),$0.55/kWh ,1.0,Hume Highway,Marulan,2579,CCS (Type 2); CHAdeMO,2,75.0,2023-08-09T12:16:00Z
238125,B1CBCA59-66F9-4C43-8542-5014F6271652,Marulan Roadhouse Southbound,-34.71861069630692,150.0006732657858,BP Pulse (AU),$0.55/kWh,1.0,15597 Hume Hwy,Marulan,,CCS (Type 2); CHAdeMO,2,75.0,2023-08-09T12:16:00Z
238124,89A32458-1EA9-4459-8F95-40D2F3CBC7D9,Sally’s Corner,-34.607284700423534,150.22517362271452,Evie,65c per kWh energy consumed.,4.0,Hume Hwy,Sutton Forest Service Centre,,CCS (Type 2); CHAdeMO,4,350.0,2023-07-12T22:58:00Z
235461,78643962-EC03-4BBA-BE1F-365B8D9F2B63,Wollongong Central - Regent St Carpark,-34.423975432207065,150.8913817469645,Evie,50c per kWh energy consumed.,1.0,Regent Street,Wollongong,2500,CCS (Type 2); CHAdeMO,4,50.0,2023-07-12T21:49:00Z
235460,43C6F632-3187-476B-8816-F86CA6FB8E26,Chargefox Yarram,-38.564408,146.67454,Chargefox,Payment Required $0.40 per kWh (at all times),1.0,156 Grant Street,Yarram,3971,CCS (Type 2); CHAdeMO,2,50.0,2023-07-05T13:15:00Z
235459,F1FC54B5-6146-4FFB-92CE-E0F790B4852E,Bairnsdale,-37.823977,147.629556,Evie,$0.45 per kWh. Parking overstay charges may apply,1.0,9 Francis Street,Bairnsdale,3875,CCS (Type 2); CHAdeMO,2,50.0,2023-07-06T20:52:00Z
235458,7DFCDDA1-34F7-43E5-BAAA-F71A99B99AF3,Cann River Tesla Supercharger,-37.56520566869879,149.15198469249782,Tesla (including non-tesla),$0.69/kWh,3.0,Ward Street,Cann River,3890,CCS (Type 2),1,250.0,2023-08-30T06:15:00Z
235457,5837BCEA-4A14-4CB3-AD3D-1AC34B8AAD05,Cann River Chargefox,-37.56512884994517,149.15194482214702,Chargefox,$0.40/kWh,2.0,Ward Street,Cann River,3890,CCS (Type 2); CHAdeMO,2,50.0,2023-07-05T13:15:00Z
235340,77E27A37-24D3-4294-BE09-057621F5F659,JOLT Semaphore Rd,-34.839415,138.485548,Jolt,,1.0,80 Semaphore Rd,Semaphore ,5019,CCS (Type 2); CHAdeMO,2,25.0,2023-02-18T08:33:00Z
235054,B78E20FE-63F4-4B71-89C6-35C93192AB88,Pelican Motor Inn,-36.88808965360204,149.90858747152606,(Business Owner at Location),$0.60 per kWh,3.0,18 Merimbula Drive,Merimbula,2548,Type 2 (Tethered Connector) ,1,22.0,2023-02-14T21:50:00Z
213653,A8928BC0-14AB-4708-B3B9-6AED1B35C419,O'Conner eLumina,-32.05769635660518,115.80085112663926,(Unknown Operator),$0.85 per kWh,2.0,103 Garling Street,O'Connor,6163,CCS (Type 2),1,120.0,2025-05-30T16:08:00Z
213275,4E9FA166-8800-4EE0-9887-00233D544B58,Wellington Road,-27.489725503697883,153.03922171614113,(Business Owner at Location),Free,2.0,Wellington Road,Brisbane City,4169,Type 2 (Socket Only),1,22.0,2023-02-05T01:00:00Z
213183,5733C46F-5ADE-463D-B6C8-40A68139B26A,Club Trillium,-37.56509713731276,144.89381606273855,ChargePoint,,1.0,11/19 Trillium Boulevard,Mickleham,3064,Type 1 (J1772),1,,2023-04-26T10:46:00Z
213182,5D7EBA42-D0B1-42D6-9246-33D28A4693F9,Stanthorpe Creek Street,-28.657101387379626,151.93269360729965,Chargefox,$0.55/kWh,1.0,33 Creek Street,Stanthorpe,4380,CCS (Type 2); CHAdeMO; Type 2 (Socket Only),3,50.0,2024-11-18T10:56:00Z
212646,6252223F-813D-4DFB-BD43-BA691AF6DF7A,Eastern Creek Quarter,-33.78477823234724,150.8530576715741,Chargefox,Free,4.0,159 Rooty Hill Road South,Eastern Creek,2766,Type 2 (Socket Only),1,7.3,2023-01-22T20:10:00Z
210994,25BF9539-F9BC-4084-B0A3-597E079DB459,Ellenbrook Home Co,-31.7772699,115.9641624,Chargefox,$0.50 per kWh ,2.0,151 The Promenade,Ellenbrook,6069,CCS (Type 2); CHAdeMO,2,124.0,2023-11-05T09:48:00Z
210953,5EC6CAC2-9794-4E30-BA1D-F0E58711D79A,Malvern Central,-37.862429,145.027453,Evie,$0.40 per kWh. Parking overstay charges may apply,2.0,122 Wattletree Rd,Armadale,3144,CCS (Type 2); CHAdeMO,4,50.0,2023-07-06T20:53:00Z
210952,C56970F9-34AD-4B9F-A01F-2FF68913E4DC,Swinburne University - TC Building,-37.820026,145.040303,ChargePoint,Charging is free. Parking is free.,1.0,Falmouth Street,Hawthorn,3122,CCS (Type 2); CHAdeMO,2,50.0,2022-12-24T21:04:00Z
210937,38B301A5-41B4-4705-9F46-A91CFFAE9F8D,Coburg Town Hall / Moreland City,-37.74066654517114,144.96967301950258,Chargefox,Free,2.0,Bell Street,Melbourne,3058,Type 2 (Socket Only),1,7.0,2023-07-13T09:29:00Z
210929,51FDB7BB-B73E-4AE9-9FDF-7F74C388A0AB,Kilmore Library,-37.294362,144.952084,Chargefox,$0.40 per kWh,1.0,12 Sydney Street,Kilmore,3764,CCS (Type 2); CHAdeMO,2,25.0,2023-07-05T13:15:00Z
210928,963F539A-1D8D-4FE7-8409-6E2C87417F0B,Broadford Library,-37.20295,145.048954,Chargefox,$0.40 per kWh,1.0,113 High Street,Broadford,3658,CCS (Type 2); CHAdeMO,2,25.0,2023-08-31T11:07:00Z
210926,9D00D632-6916-4BC4-BBC5-48571D22DAA4,BP pulse Diamond Creek,-37.680105,145.123078,BP Pulse (AU),55c/kWh,2.0,274 Diamond Creek Road,Diamond Creek,3090,CCS (Type 2); CHAdeMO,2,75.0,2023-07-14T22:26:00Z
210925,9455C2EC-3028-4803-8283-A00F06C95F78,Yarra Ranges Council,-37.656879,145.374241,Chargefox,Payment Required $0.40 per kWh (at all times),1.0,45 Bell St,Yarra Glen,3775,CCS (Type 2); CHAdeMO,2,50.0,2023-09-01T08:29:00Z
210924,6D837BEE-B36C-4B83-8169-86885E10CD26,Red Rooster Vermont,-37.831965,145.213612,Evie,Payment Required $0.40 per kWh parking overstay charges may apply.,4.0,,Ringwood,3134,CCS (Type 2); CHAdeMO,4,50.0,2023-07-06T20:53:00Z
210923,3831A831-179B-4C41-B21D-0B2DE09BC919,Stud Park Shopping Centre,-37.92131128415721,145.23754907301503,Evie,$0.40 per kWh. Parking overstay charges may apply,2.0,cnr Fulham Road & Stud Road,Rowville,3178,CCS (Type 2); CHAdeMO,4,50.0,2023-07-06T20:53:00Z
210922,4C7A95C0-5A31-466E-B1C7-5537FBEC3C64,Lynbrook Village,-38.051153,145.256504,Evie,$0.40 per kWh. Parking overstay charges may apply,2.0,75S Lynbrook Boulevard,Lynbrook,3975,CCS (Type 2); CHAdeMO,4,50.0,2023-07-06T20:53:00Z
210904,F4D5769B-ECC8-4288-9654-11611D8E2A5B,Cherrybrook Village,-33.721132,151.04396,Chargefox,Free,2.0,41-47 Shepherds Drive,CHERRYBROOK,2126,Type 2 (Tethered Connector) ,1,22.0,2023-07-13T09:31:00Z
210903,3915862E-F3C0-4831-A148-9E9F61AFEE1E,Cherrybrook Village - Basement Carpark,-33.721132,151.04396,Tesla (Tesla-only charging),Free,2.0,41-47 Shepherds Drive,CHERRYBROOK,2126,Type 2 (Tethered Connector) ,1,22.0,2022-12-23T09:58:00Z
210902,DA24E47F-D3AE-42B9-B403-0BA6E5A5CB81,Bayside Gateway,-37.900527,145.00702,BP Pulse (AU),55c/kWh,6.0,301-307 Nepean Hwy,Brighton East,3186,CCS (Type 2); CHAdeMO,2,75.0,2024-06-25T11:09:00Z
210901,DD7099C2-C67B-49EF-9290-A70F25733EA1,BP Northpoint,-37.64768,144.99461,BP Pulse (AU),,8.0,1 Scanlon Drive,Epping,3076,CCS (Type 2),1,150.0,2025-01-22T10:44:00Z
210900,964D6C61-1BB2-4A38-818A-31E9EF4AE0BE,The Parade Ascot Vale Car Park,-37.772547,144.915133,Evie,$0.40 per kWh parking overstay charges may apply.,2.0,66-68 The Parade,Ascot Vale,3032,CCS (Type 2); CHAdeMO,4,50.0,2023-07-10T02:38:00Z
210899,98CBD4C9-6963-446D-81CA-7052B59AD5B2,Middy’s Port Melbourne,-37.82819,144.925654,Chargefox,$0.40 per kWh (at all times),1.0,2 Thackray Road,Port Melbourne,3207,CCS (Type 2); CHAdeMO,2,25.0,2023-07-05T13:16:00Z
210898,6BC2A4BA-90B7-481D-B7E3-9A9928D21992,Hobsons Bay Civic Centre,-37.864138,144.829593,Chargefox,Free,1.0,115 Civic Parade,Altona,3018,CCS (Type 2); CHAdeMO,2,50.0,2023-07-05T13:15:00Z
210897,0E58D473-CC24-4CC1-9188-A6D318AA1350,Ampol Foodary Altona North,-37.846404,144.808531,Ampol AmpCharge,$0.60/kWh for pay-as-you-go charging.,4.0,1 Horsburgh Drive,Altona North,3025,CCS (Type 2); CHAdeMO,2,180.0,2023-04-10T14:05:00Z
210896,FB5822A5-05C3-4273-8F1E-842F14DC26C7,Keilor Central,-37.726166090249,144.80818393376683,Evie,$0.50 per kWh,2.0,80 Taylors Road,Keilor Downs,3038,CCS (Type 2); CHAdeMO,4,50.0,2023-07-12T13:55:00Z
210894,A64E5ACC-67F8-4746-8E1E-4487EC2A1025,Albury Waste Management Centre,-36.02883254187933,146.89667434814538,Chargefox,$0.15 per kWh (at all times) on the Chargefox network,1.0,565 Mudge St,Hamilton Valley,2641,CCS (Type 2); CHAdeMO,2,50.0,2023-07-05T13:15:00Z
210893,179E1964-39A1-4B38-AB8A-019A8262F85A,The Sebel Silverwoods Yarrawong,-36.002205,146.038649,Chargefox,$0.30 per kWh (at all times),1.0,40 Silverwoods Blvd,Yarrawonga,3730,CCS (Type 2); CHAdeMO,2,50.0,2023-07-05T13:15:00Z
210892,7EF3E318-EA09-4603-909B-14C4FD6AB0C5,Tatura,-36.440274,145.226059,Chargefox,$0.40 per kWh (at all times),2.0,104 Hogan St,Tatura,3616,CCS (Type 2); CHAdeMO,2,25.0,2023-07-13T06:19:00Z
210891,717F0A84-CCD8-4DEF-BF93-6D4C4797F6C0,High Street,-36.9986012995013,144.26096330721458,Evie,$0.40 per kWh. Parking overstay charges may apply,1.0,7 High Street,Harcourt,3453,CCS (Type 2); CHAdeMO,2,25.0,2023-07-06T20:52:00Z
210890,7C32AB00-1733-49DA-96ED-78B1CA193A80,Inglewood Town Hall,-36.57583541143875,143.867659190687,Evie,$0.40 per kWh. Parking overstay charges may apply,1.0,Storm Lane,Inglewood,3517,CCS (Type 2); CHAdeMO,2,50.0,2023-07-06T20:53:00Z
210889,173E36C3-7349-416C-80A0-E75594493182,CTR Wedderburn CV008,-36.41800912094073,143.61392370392582,Evie,"0.40/kWh + While parked, not charging: 4.00/hr after 60 mins",2.0,67 High St,Wedderburn,3518,CCS (Type 2); CHAdeMO,2,50.0,2023-07-06T20:52:00Z
210888,D23AB184-A88B-4DBA-B0A0-0588C4D540F5,Wycheproof,-36.07890184338928,143.226557251102,Evie,$0.40 per kWh. Parking overstay charges may apply,2.0,Fairview Street,Wycheproof,3527,CCS (Type 2); CHAdeMO,2,50.0,2023-07-06T20:52:00Z
210887,23D07B56-3142-4FA4-84EC-0A5B99088DB6,CTR Sea Lake,-35.50402,142.851666,Evie,Payment Required $0.40 per kWh parking overstay charges may apply.,2.0,111 Best Street,Sea Lake,3533,CCS (Type 2); CHAdeMO,2,50.0,2023-07-10T02:38:00Z
210874,B14682A3-F1EF-4416-9C87-4615D19D6430,Enfield Community Centre,-34.873034,138.609126,Jolt,0.44 per kWh,1.0,Regency Road,Enfield,5085,CCS (Type 2); CHAdeMO,2,50.0,2023-01-25T05:47:00Z
210857,0E5754C6-E17C-4D36-B89A-7C872CF168C8,CTR Swan Hill CV002,-35.337903,143.560657,Evie,Payment Required $0.40 per kWh parking overstay charges may apply.,2.0,135 Curlewis Street,Swan Hill,3585,CCS (Type 2); CHAdeMO,2,50.0,2023-07-10T02:38:00Z
210856,44A44F65-CAC5-4E24-8119-93197C38C6D8,CTR Robinvale CV003,-34.584523,142.774782,Evie,$0.40 per kWh. Parking overstay charges may apply,2.0,42 George Street,Robinvale,3549,CCS (Type 2); CHAdeMO,2,50.0,2023-07-10T02:38:00Z
210855,B30F3078-2A16-4B74-97B9-0CD47E6A976A,Oke Street,-35.071065,142.315244,Evie,$0.40 per kWh. Parking overstay charges may apply,2.0,11 Oke Street,Ouyen,3490,CCS (Type 2); CHAdeMO,2,50.0,2023-07-12T14:15:00Z
210854,41A7CF35-A6EA-4B22-95A2-CF170501FDF1,Bendigo Art Gallery,-36.75767057398126,144.27715722222968,Evie,$0.40 per kWh. Parking overstay charges may apply,2.0,62 View Street,Bendigo,3550,CCS (Type 2); CHAdeMO,4,50.0,2025-10-12T01:19:00Z
210853,CED2CF99-D592-4D66-943E-8C2DD461A6EF,Castlemaine Market Building Car Park,-37.06657644547986,144.2177712521298,Evie,$0.40 per kWh parking overstay charges may apply.,2.0,33 Forest St,Castlemaine,3450,CCS (Type 2); CHAdeMO,2,50.0,2023-07-06T20:52:00Z
210852,2820B42F-9A2F-432B-AF48-D7829BE7E61F,High St Parking,-37.35582370879025,144.52881756976018,Evie,$0.40 per kWh. Parking overstay charges may apply,2.0,124 High Street,Woodend,3442,CCS (Type 2); CHAdeMO,2,50.0,2023-07-06T20:52:00Z
210851,A36406D4-5350-4DAC-86F2-1CE3F79E2CAA,Cobblebank Stadium,-37.71519007650546,144.5996762637954,Chargefox,Free,3.0,Cnr Astley Dr and Bridge Rd,Cobblebank,3338,CCS (Type 2); CHAdeMO; Type 2 (Socket Only),3,25.0,2023-08-16T10:58:00Z
210850,9BED6D56-2E54-464C-B04B-60875D1743AD,Coles Supermarket Victor Harbor,-35.53437452488197,138.6368902187569,ChargePoint,Free,2.0,"5 Adelaide Rd, McCracken SA 5211, Australia",,5211,Type 1 (J1772),1,6.6,2022-12-21T06:20:00Z
210849,4F6F557A-14C7-425F-B4AE-7C6FBE22E0F3,Port Adelaide Plaza Shopping,-34.847827239879145,138.5066594793331,Chargefox,Payment Required $0.10 per kWh (12am - 6am) $1.00 per kWh (2pm - 8pm) $0.50 per kWh (at all other times),1.0,200 Commercial Rd,,5015,CCS (Type 2); CHAdeMO,2,120.0,2023-07-13T06:24:00Z
210846,C535BBD1-900F-482E-A8F1-A1C2C170B485,Dawson St Parking Lot,-26.6500726120083,150.1870827550789,Queensland Electric Super Highway,$0.30/kWh,1.0,83 Dawson Street,Miles,,CCS (Type 2); CHAdeMO; Type 2 (Socket Only),3,75.0,2023-07-17T13:49:00Z
210838,6BB6550B-D2BC-42B4-8B36-E08B2C7B0E80,Gympie Road,-27.34180168016121,153.0107294767173,(Unknown Operator),$0.60/kWh,2.0,1754 Gympie Rd,,4035,CCS (Type 2); CHAdeMO,2,150.0,2022-12-21T07:40:00Z
210837,BB97A479-30D2-4B62-BCBE-7C3A3CBAF7E9,BP Caboolture Southbound,-27.124085965644262,152.9780074043885,BP Pulse (AU),$0.55/kWh,2.0,176 Coach Rd East,Burpengary East,4506,CCS (Type 2),1,75.0,2023-08-09T11:58:00Z
210836,5FC17A02-3C26-4A7D-9671-B2572FD73B07,BP Caboolture North,-27.123951870528913,152.97639020698597,BP Pulse (AU),55c/kWh,2.0,158 Coach Rd West,Morayfield,4506,CCS (Type 2); CHAdeMO,2,75.0,2023-08-09T12:47:00Z
210827,A1A96C98-6063-4D9D-B373-7C8D7F37A35D,Electric Highway - Barcaldine,-23.55413031338604,145.287299548286,Queensland Electric Super Highway,$0.30/kWh,1.0,Elm Street,Barcaldine,,CCS (Type 2); CHAdeMO; Type 2 (Socket Only),3,75.0,2023-07-17T11:15:00Z
210826,6C1DD970-3BE8-4C25-90C0-BAE23AE95CB1,Electric Highway - Blackall,-24.423890075921904,145.46191669895347,Queensland Electric Super Highway,$0.30/kWh,1.0,146A Shamrock Street,Blackall,,CCS (Type 2); CHAdeMO; Type 2 (Socket Only),3,75.0,2023-07-17T11:16:00Z
210825,A3EBE6F4-E5A3-4680-A0CE-7255C73C844D,Cypress Street,-26.41429531288886,146.24102042781533,Queensland Electric Super Highway,$0.30/kWh,1.0,Cypress Street,Charleville,,CCS (Type 2); CHAdeMO; Type 2 (Socket Only),3,75.0,2023-07-17T11:14:00Z
210792,192ECB09-8652-4D8D-AA13-DC0611939D96,Standpipe Motel,-32.48044078394962,137.74961482243953,(Unknown Operator),Payment Required Charge to cover the cost of the electricity,4.0,Day Street,Port Augusta,5700,Type 2 (Socket Only); Type 2 (Tethered Connector) ,2,11.0,2022-12-18T02:55:00Z
210791,A30069B3-296D-498E-9CF1-0D7BBA376ED0,Yankalilla Council Chambers,-35.457039,138.35117,(Unknown Operator),,3.0,1 Charles St,Yankalilla,5203,Type 1 (J1772); Type 2 (Socket Only); Type 2 (Tethered Connector) ,3,11.0,2022-12-18T02:42:00Z
210790,D31C5EF5-2549-4595-9A30-AA2321CFFE3B,American River Campground,-35.78733355242528,137.77135310423705,(Unknown Operator),,1.0,LOT 357 Tangara Drive,American River,5221,Type 1 (J1772),1,6.6,2022-12-18T02:35:00Z
210789,B6C3DDA6-9092-41DB-89B6-BA39B42D64A0,Kangaroo Island Airport ,-35.70877011906067,137.52325916672999,(Unknown Operator),"Payment Required $2.80/hr, Min $4.20, Max $16.85",6.0,Arranmore Road,Cygnet River,5223,Type 1 (J1772),1,6.6,2022-12-18T02:32:00Z
210788,6DF13065-7A77-454C-A94E-442A39DFDCCE,Yorketown Playground,-35.017566,137.609652,(Unknown Operator),,1.0,37 Stansbury Road,Yorketown,5576,Type 2 (Tethered Connector) ,1,11.0,2022-12-18T02:27:00Z
210787,DC5DF7D8-24DC-42EF-8D76-22B3430CF91F,Young Street,-32.48888056535851,137.7628323665682,(Unknown Operator),,1.0,Marryatt Street,Port Augusta,5700,Type 2 (Tethered Connector) ,1,22.0,2022-12-18T02:20:00Z
210786,B0E12066-D0B5-412A-8887-5406C9DE1741,Marion Bay Caravan Park,-35.245411,136.977691,(Unknown Operator),Payment Required,1.0,22 Willyama Drive,Marion Bay,5575,Type 2 (Tethered Connector) ,1,3.6,2022-12-18T02:16:00Z
210785,2761454F-3150-403D-88C6-7CF3B807EE4E,Harry Butler Red Devil Memorial,-34.767943,137.597571,(Unknown Operator),,2.0,10 North Terrace,Minlaton,5575,Three Phase 5-Pin (AS/NZ 3123); Type 2 (Tethered Connector) ,2,11.0,2022-12-18T02:13:00Z
210784,71A4B7D2-EA0C-451E-90F7-151F47074539,Port Vincent Foreshore Caravan Park,-34.778476,137.863902,(Unknown Operator),,1.0,12 Marine Parade,Port Vincent,5581,Type 2 (Tethered Connector) ,1,11.0,2022-12-18T02:21:00Z
210783,7B047261-2671-46B7-8D08-5239FDE379E5,Ardrossan Town Hall,-34.422616,137.916796,(Unknown Operator),,1.0,9 First Street,Ardrossan,5571,Type 2 (Tethered Connector) ,1,11.0,2022-12-18T02:27:00Z
210782,1FC8EFC1-482C-4747-BAB1-8CEEEE5906CE,Transmutation Pty Ltd,-37.172487,139.75975,EO Charging,$0.32/kWh,1.0,14 Flint Street,Robe,5276,Type 2 (Socket Only),1,11.0,2022-12-18T02:02:00Z
210781,3796E4F9-A1EE-4C93-8F9F-4A33F43EB3D0,Hastings,-38.30823,145.191932,Evie,Payment Required $0.45 per kWh,1.0,34 King Street,Hastings,3915,CCS (Type 2); CHAdeMO,2,50.0,2023-07-10T02:38:00Z
210780,BCB0A56D-2B7A-4096-AC46-F29B97DBAE3A,Rosebud RSL,-38.368575,144.905885,(Unknown Operator),,2.0,2 Dunsmuir Drive,,3940,CHAdeMO; Type 1 (J1772); Unknown,3,50.0,2022-12-18T01:54:00Z
210779,5D03551A-DC95-4AAB-9385-E90CEBE24A54,Sorrento ,-38.33874299773124,144.73713563519414,Evie,"0.40/kWh + While parked, not charging: 4.00/hr after 60 mins",2.0,860 Melbourne Rd,,3943,CCS (Type 2); CHAdeMO,4,50.0,2023-07-06T20:53:00Z
210778,59EF5A6A-1616-4D30-9E88-587618E465BA,Kingston Village Square,-38.24661134219002,144.54005635897056,Chargefox,Payment Required $0.25 per kWh (at all times),3.0,Grubb Rd,Ocean Grove,3226,CCS (Type 2); CHAdeMO; Type 2 (Socket Only),3,50.0,2023-07-05T13:16:00Z
210777,94AAA225-0154-4BB2-ADF6-691EF5B6FAA1,Leisurelink Aquatic & Recreation Centre,-38.19749674302702,144.3210373885172,Chargefox,$0.45 per kWh,2.0,240 Pioneer Rd,Waurn Ponds,3216,CCS (Type 2); CHAdeMO,4,50.0,2023-07-28T08:21:00Z
210776,FCDE8FFB-CCDF-4493-9631-A44FDA519470,Newbridge Public Hall,-36.74044691742351,143.90011318487984,Evie,Payment Required $0.40 per kWh parking overstay charges may apply.,1.0,Cnr Burke St & Wimmera Hwy,Newbridge,3551,CCS (Type 2); CHAdeMO,2,25.0,2023-07-06T20:53:00Z
210775,C4CE8079-BF0E-48D1-B4B0-CCF1E197F40A,CTR Maryborough,-37.050846849191586,143.7414888704459,Evie,Payment Required $0.40 per kWh parking overstay charges may apply.,2.0,Station St,Maryborough ,3465,CCS (Type 2); CHAdeMO,2,50.0,2023-07-06T20:53:00Z
210774,2841D7B3-4122-4C24-8A24-B1DBC5459D1A,Kyneton,-37.246931,144.452169,Evie,Payment Required $0.40 per kWh parking overstay charges may apply.,1.0,1 Hutton Street,Kyneton ,3444,CCS (Type 2); CHAdeMO,2,50.0,2023-07-06T20:52:00Z
210773,B640D3CC-D327-4CE5-AF53-43D0912BB882,Daylesford Town Hall,-37.342963,144.142175,Chargefox,Payment Required $0.35 per kWh (at all times),1.0,76 Vincent St,Daylesford,3460,CCS (Type 2); CHAdeMO,2,25.0,2023-07-05T13:15:00Z
210772,D3EFD743-C96D-4D90-AB20-7E2119B8CB5F,RACV Torquay Resort,-38.34015291155737,144.31105080946827,Chargefox,"Payment Required, Discount for NRMA/RACV members",7.0,1 Great Ocean Road,Jan Juc,3223,CCS (Type 2); CHAdeMO,8,350.0,2023-07-05T13:16:00Z
210771,D77F276A-64D1-4CFF-B79C-6AA22059AF7A,Anzac Ave Parking,-37.036818,141.296757,Evie,Payment Required $0.40/kWh,1.0,12 Anzac Ave,Edenhope ,3318,CCS (Type 2); CHAdeMO,2,50.0,2023-07-06T20:53:00Z
210770,277D67CE-B8C2-4C53-B83A-C72ACDB0692A,Shell Coles Express Warrenheip,-37.564139,143.934273,Evie,$0.60 per kWh. Parking overstay charges may apply,2.0,9395 Western Highway,Warrenheip ,3352,CCS (Type 2); CHAdeMO,2,350.0,2023-07-12T13:43:00Z
210769,D6A89CB2-96C5-46D1-88B4-E72615FCD5D2,Rocland Nuriootpa,-34.460098,138.987775,Chargefox,,10.0,7 Belvidere Road,Nuriootpa,5355,CCS (Type 2); CHAdeMO,3,120.0,2023-07-16T06:25:00Z
210768,EAC34815-5CBD-46FF-A5FA-EF9A17F610EC,Foodland Pasadena Shopping Centre,-34.99987618391288,138.59160301217617,(Unknown Operator),,14.0,20 Fiveash Dr,Pasadena,5042,CCS (Type 2); Type 2 (Socket Only),2,50.0,2022-12-21T06:10:00Z
210767,BE510FA5-B6D0-4EC1-984C-3B2D81C1580A,Payneham Community Centre,-34.895659138641385,138.641422,Jolt,Payment Required Free 7kW every 24 hrs - pay $0.44 per kWh after 7kW. Need the JOLT app,1.0,366 Payneham Road,,5070,CCS (Type 2); CHAdeMO,2,75.0,2022-12-17T23:43:00Z
210766,52628A31-EF32-487C-B882-59A40D95CC5F,JOLT Portrush Road Reserve,-34.8971769233329,138.63857263884665,Jolt,Payment Required Free 7kW every 24 hrs - pay $0.44 per kWh after 7kW. Need the JOLT app,1.0,326a Payneham Rd,Marden,5070,CCS (Type 2); CHAdeMO,2,25.0,2022-12-17T23:36:00Z
210765,8805A975-7D71-4830-80EB-BA0351DE8842,Dunstone Grove,-34.91105195616476,138.62884136182117,Jolt,Payment Required Free 7kW every 24 hrs - pay $0.42 per kWh after 7kW. Need the JOLT app,1.0,62 Nelson St,Stepney,5069,CCS (Type 2); CHAdeMO,2,25.0,2022-12-17T23:31:00Z
210764,D0A5F925-5F91-409D-9B6F-8EC7838F4BE1,Osmond Terrace (Magill Rd Reserve) Parking,-34.91597917955596,138.63150307251476,Jolt,Payment Required Free 7kW every 24 hrs - pay $0.42 per kWh after 7kW. Need the JOLT app,1.0,7 Osmond Terrace,Norwood,5067,CCS (Type 2); CHAdeMO,2,25.0,2022-12-17T23:28:00Z
210763,45A71D68-15CE-4C24-8111-EA8EF8BBC782,Webbe St Carpark,-34.92007383358501,138.63562438235135,Evie,50c per kWh energy consumed,2.0,56B Edward St,Norwood,5067,CCS (Type 2); CHAdeMO,4,50.0,2023-07-12T23:02:00Z
210762,4D80A92E-4959-4D32-91F8-9553FD4C77C5,Foodland Felixstow,-34.890016663252645,138.65439370244155,Jolt,,1.0,471 Payneham Rd, Felixstow,5070,CCS (Type 2); CHAdeMO,2,50.0,2022-12-25T06:59:00Z
210760,0A54647D-FAF2-4C49-A209-100852BA10A8,Payneham Road,-34.88922847586827,138.65557887274917,Evie,50c per kWh energy consumed.,2.0,487 Lower North East Rd,Felixstow,5070,CCS (Type 2); CHAdeMO,4,50.0,2023-07-12T22:43:00Z
210757,BB2825B9-B4FB-438B-B8B6-F7715119DF81,"EVIE, Madden Street North",-36.37766579345555,141.23821384253006,Evie,"0.45/kWh + While parked, not charging: 4.00/hr after 60 mins",1.0,Madden Street North,Kaniva,3419,CCS (Type 2); CHAdeMO,2,50.0,2023-07-10T02:38:00Z
210755,13A663B6-2B65-42E3-9A28-CCFCB42871A3,Paralowie Village Shopping Centre,-34.759095035307816,138.59552632382326,Evie,65c per kWh energy consumed.,2.0,9 Liberator Drive,Paralowie,5108,CCS (Type 2); CHAdeMO,2,350.0,2023-07-12T22:48:00Z
210361,D75AB117-6139-42AA-8D10-8C6512B96C35,Bembit Bagrook Community Centre,-37.82495081827982,144.6818834275545,Chargefox,Free,1.0,61 Polly Parade,Tarneit,3029,CCS (Type 2); CHAdeMO,2,50.0,2022-12-22T22:58:00Z
210299,D78F3340-EBDE-468B-8757-7989632A5591,"McGrath Ev, Kia",-35.34916691861491,149.0851370518916,(Unknown Operator),$0.69/kWh,2.0,174 Melrose Drive,Phillip,2606,CCS (Type 2),1,110.0,2022-12-12T20:46:00Z
210173,D6AD1E55-D63B-460B-AF19-C031A96ED115,Electric Highway - Winton,-22.38702912605558,143.03147244666752,Queensland Electric Super Highway,$0.30/kWh,1.0,Vindex Street,Winton,4735,CCS (Type 2); CHAdeMO; Type 2 (Socket Only),3,75.0,2023-07-17T11:17:00Z
210163,A1DC8E76-DF03-4673-8BDD-20266B4BD84C,Shire of Denmark,-34.959490421958655,117.3662113269055,(Business Owner at Location),,2.0,953 South Coast Highway,Denmark,6333,Type 2 (Tethered Connector) ; Type I (AS 3112),2,7.2,2022-12-10T00:38:00Z
210162,1560F96D-9BC2-40CD-8391-52D9D6E8D5AD,Denmark,-34.95943239021671,117.36526190064683,(Business Owner at Location),0,1.0,953 South Coast Highway,Denmark,6333,Type I (AS 3112),1,3.0,2022-12-01T09:23:00Z
210161,673D6F73-E07F-4916-BF2F-64AB4BDB1CC7,Manjimup (WA EV Network),-34.241007903844505,116.14730165820424,Chargefox,DC - $0.60 per kWh (at all times) AC - $0.35 per kWh (at all times),4.0,Johnson Crescent,Manjimup,6258,CCS (Type 2); Type 2 (Socket Only),2,150.0,2025-12-14T07:03:00Z
210160,BE9644AE-63A9-4E3F-8CA6-89C62DF4CAA5,Walpole (WA EV Network),-34.975686344871654,116.73200117323995,EV Highway (Horizon Power),,2.0,South Western Highway,Walpole,6398,CCS (Type 2),1,150.0,2023-07-28T02:50:00Z
210015,21D0B81F-49EE-418D-AA02-58B74A58E150,King Street,-20.704760286341156,140.50816104083208,Queensland Electric Super Highway,$0.30/kWh,1.0,King Street,Cloncurry,,CCS (Type 2); CHAdeMO; Type 2 (Socket Only),3,75.0,2022-11-21T09:42:00Z
210014,F0C47BEC-B624-41D4-A545-D73DBB110A96,Emu Street,-23.441757141064727,144.2476667046176,Queensland Electric Super Highway,$0.30/kWh,1.0,Emu Street,Longreach,,CCS (Type 2); CHAdeMO; Type 2 (Socket Only),3,75.0,2023-07-17T10:30:00Z
210013,48DBDD6C-43E7-4B93-8AA8-A87482786DF4,Electric Highway - Hughenden,-20.84258159434239,144.1999692028039,Queensland Electric Super Highway,$0.30/kWh,1.0,Brodie Street,Hughenden,,CCS (Type 2); CHAdeMO; Type 2 (Socket Only),3,75.0,2023-07-17T11:18:00Z
210012,DC33C34F-0DCC-4D55-9774-5535663BAE68,Electric Highway - Charters Towers,-20.065747289824046,146.26143583766293,Queensland Electric Super Highway,$0.30/kWh,1.0,Gordon Street,Richmond Hill,4820,CCS (Type 2); CHAdeMO; Type 2 (Socket Only),3,75.0,2023-07-17T11:23:00Z
209951,4C99002C-A63F-4731-AB7E-147653823DE9,Butler McDonalds,-31.638378110627542,115.6942988669141,Chargefox,$0.60 per kWh,1.0,2 Altrincham Grove,Butler,6036,CCS (Type 2); CHAdeMO,2,124.0,2024-07-17T15:39:00Z
209950,2EC96913-FA6A-4583-90E7-C0B4A811ED80,Batemans Bay Regional Arts Aquatic & Leisure Centre [NRMA],-35.70905218176475,150.17306021349532,NRMA,FREE,2.0,12 Vesper Street,Batemans Bay,2536,CCS (Type 2); CHAdeMO,2,75.0,2022-11-16T10:13:00Z
209732,58D93AEC-65CB-421C-B36A-C9BC2B7ACCC7,Equinox 4 Public Parking Garage,-35.3207206891817,149.0970239200201,(Unknown Operator),pay parking,1.0,70 Kent Street,Deakin,2600,Type I (AS 3112),1,1.5,2022-11-02T10:20:00Z
207833,E9C6C36D-36AE-4EF5-8305-C3C9E21D7FF7,Vibe Hotel,-35.309243894976746,149.1877257460651,Evie,$0.50/kWh Parking is $10.40 per night for Vibe Hotel guests,2.0,1 Rogan St,Canberra,2609,CCS (Type 2); Type I (AS 3112),2,50.0,2026-07-12T04:52:00Z
204438,C782CA10-F188-48B5-8722-AD5D31BDDAAD,Albany (WA EV Network),-35.02817640967042,117.88077174091336,WA EV Network (AU),DC Charging $0.60 per kWh at all times.,2.0,Residency Road,Albany City,6330,CCS (Type 2),2,150.0,2023-06-29T11:34:00Z
204367,20580A60-B56F-4495-8788-42DF690B4826,Albany Tesla Supercharger,-35.02798743189805,117.88063967238838,Tesla (Tesla-only charging),69c / KwH,6.0,267 Stirling Terrace,Albany,6330,CCS (Type 2),1,250.0,2024-03-22T08:57:00Z
204317,0D5712F0-DA7B-49C8-8459-E61224F6E747,ECQ XL,-33.78758418286377,150.854268328623,(Unknown Operator),Free,4.0,Easter Creek Quarter XL,Eastern Creek ,2766,Type 2 (Socket Only),1,11.0,2022-09-27T09:00:00Z
203222,40E2F0ED-2981-4061-A42B-36376527DD12,East Fremantle Town Hall,-32.04133321797954,115.76269085240256,(Unknown Operator),$0.00,2.0,135 Canning Highway,East Fremantle,,Type 2 (Socket Only),1,22.0,2022-09-18T07:13:00Z
202149,AE37B485-6EA2-41DF-AB5D-72E8E5D03CA4,Foodworks Baranduda,-36.17927,146.947538,GET Electric (AU),$0.23/kWh,4.0,34 Verbena Street,Baranduda,3691,Type 2 (Tethered Connector) ,1,11.0,2022-09-13T09:21:00Z
202148,7AD93DC6-2550-4FBB-9154-0D5950CA50C1,St Huberts Winery,-37.69718697137555,145.40782508992731,(Unknown Operator),$0.31/kWh,6.0,1/3 St Huberts Road,Coldstream,3770,Type 2 (Socket Only),1,11.0,2022-09-07T12:25:00Z
202147,2E38CA82-D3FE-4116-8DF8-FDB5780967D4,Lorbek Luxury Cars,-37.821362270898675,144.95148061129817,GET Electric (AU),$0.31/kWh,8.0,30 Prohasky Street,Port Melbourne,3207,Type 2 (Tethered Connector) ,1,11.0,2022-09-13T09:18:00Z
202146,136AF41E-DAB3-4BA7-8AED-8F3459E66521,GET Electric Head Office,-37.83334808033666,144.92004965602666,GET Electric (AU),$0.24/kWh,6.0,327 Plummer Street,Port Melbourne,3207,Type 2 (Socket Only),1,11.0,2022-09-13T09:19:00Z
202119,66A9CDE2-5BB7-43CA-8642-84B4D25E9A6D,James Street,-33.860051334649285,121.8935609361323,(Unknown Operator),,1.0,James Street,Esperance,,IEC 60309 5-pin,1,22.0,2022-09-07T08:18:00Z
202118,0E82EC10-0B43-4500-81AC-11CFA4AF6DCC,Comfort Inn (2),-33.85818474495122,121.89569874021731,Tesla (Tesla-only charging),See reception for details,1.0,The Esplanade,Esperance,,Type 2 (Tethered Connector) ,1,22.0,2022-09-07T08:16:00Z
202117,9B882F0C-D651-4F12-8618-AD615E93C190,Comfort Inn (1),-33.85897265526918,121.89565269882087,Tesla (Tesla-only charging),See reception for details,1.0,The Esplanade,Esperance,,Type 2 (Tethered Connector) ,1,22.0,2022-09-07T08:15:00Z
202113,D518B89F-0DB2-4CB3-B92C-0C0399E714F4,Mandurah Tesla Supercharger,-32.55756151687578,115.78712758765778,Tesla (Tesla-only charging),$0.68 per kWh,3.0,Pinjarra Road,Mandurah,,CCS (Type 2),1,250.0,2023-06-21T14:28:00Z
202106,BC7F9C06-DA74-4974-896A-54B78B47E04C,Kojonup (WA EV Network),-33.837605443751286,117.15774179333812,EV Highway (Horizon Power),"$0.60 per kWh DC, $0.35 per kWh AC",3.0,143 Albany Highway,Kojonup,6395,CCS (Type 2); Type 2 (Socket Only),2,150.0,2024-03-28T12:20:00Z
202105,26869A9F-5CB9-40AA-9E5B-9E363F6D4771,Norseman (WA EV Network),-32.19598191392299,121.78059471864492,EV Highway (Horizon Power),"$0.60 per kWh fast DC, $0.35 per kWh slow AC.",2.0,Norseman Rest Area,Norseman,6443,CCS (Type 2); Type 2 (Socket Only),2,150.0,2023-12-06T11:45:00Z
202104,BFB37970-50FD-4A98-8973-33DE660E848C,Coolgardie (WA EV Network),-30.9542773451427,121.16115158011917,EV Highway (Horizon Power),$0.35-$0.60c/kWh,3.0,90 Bayley Street,Coolgardie,6429,CCS (Type 2); Type 2 (Socket Only),2,150.0,2024-06-14T12:05:00Z
202103,37C6C9A0-D8C1-4CCE-8EDB-C6CBC581C455,Northam (WA EV Network),-31.652188287787432,116.67192230862833,EV Highway (Horizon Power),"$0.60 per kWh for fast DC charger, $0.35 per kWh for slow AC charger.",2.0,Grey Street,Northam,6401,CCS (Type 2); Type 2 (Socket Only),2,150.0,2024-10-23T09:40:00Z
202101,7E693766-0179-461F-818F-5B3E18CF2A85,Halls Creek (WA EV Network),-18.224880864839363,127.66769723564244,EV Highway (Horizon Power),"$0.60 per kWh high power DC, $0.35 per kWh low power AC.",2.0,Hall Street,Halls Creek,,CCS (Type 2); Type 2 (Socket Only),2,150.0,2023-10-19T16:37:00Z
202099,387AA0AE-9016-489E-BE69-3B7CB37A641C,Fitzroy Crossing (WA EV Network),-18.17857664420802,125.5681911723807,EV Highway (Horizon Power),,2.0,Lot 302 Forrest Road,Fitzroy Crossing,,CCS (Type 2),1,150.0,2024-09-10T09:48:00Z
202098,786D802E-445D-4D95-A364-CFBF9B8CEB11,Derby (WA EV Network),-17.305233762820208,123.6307580058915,EV Highway (Horizon Power),,2.0,55 Clarendon Street,Derby,6728,CCS (Type 2); Type 2 (Socket Only),2,150.0,2023-12-15T06:34:00Z
202097,ED3038AB-BCFB-481E-94FC-3929D0F96A0D,Northampton (WA EV Network),-28.351800700760847,114.63081886035513,EV Highway (Horizon Power),DC Charging - $0.60 per kWh at all times,2.0,Stephen Street,Northampton,,CCS (Type 2); Type 2 (Socket Only),2,150.0,2023-09-16T04:56:00Z
202096,B9B10C72-3CFD-4396-9EA0-50FDA1712B08,Kalbarri (WA EV Network),-27.709188634154067,114.16688703445095,EV Highway (Horizon Power),"$0.60 per Kwh for DC, $0.35 per Kwh for AC",3.0,Grey Street,Kalbarri,6536,CCS (Type 2); Type 2 (Socket Only),2,150.0,2024-06-12T21:39:00Z
202092,FA3A542C-7147-4E51-A9C7-A692C6E60EBC,Jurien Bay (WA EV Network),-30.303031445596318,115.04164759294963,Chargefox,"$0.60 per kWh for fast DC charging, $0.35 per kWh for slow AC charging.",3.0,Murray Street,Jurien Bay,6516,CCS (Type 2); Type 2 (Socket Only),2,150.0,2025-12-25T14:16:00Z
202090,0209E8D1-17C1-43AC-95A2-E611C4773EC2,Lancelin (WA EV Network),-31.020608259818943,115.33250387085991,Chargefox,,3.0,Rock Way,Lancelin,6044,CCS (Type 2); Type 2 (Socket Only),2,150.0,2023-08-20T13:26:00Z
202089,F152DBA1-C9A7-47C1-A2E1-63CE9FF01FB4,Esperance (WA EV Network),-33.859972746355844,121.89351465054966,EV Highway (Horizon Power),,4.0,Lot 309 James Street,Esperance,6450,CCS (Type 2),2,150.0,2023-10-27T08:07:00Z
202088,8DEAE555-A4B1-455E-87E6-E708530F7ED0,Geraldton (WA EV Network),-28.776305200123794,114.60373018998598,EV Highway (Horizon Power),DC Charging $0.60 per kWh at all times. ,2.0,284 Marine Terrace,Geraldton,,CCS (Type 2),2,150.0,2023-06-11T23:40:00Z
202087,F69E18B3-5CEA-49B2-91FB-22A1F6272343,Southern Cross (WA EV Network),-31.23361756851189,119.3286940112805,EV Highway (Horizon Power),"Fast DC charging $0.60 per kWh, slow AC charging $0.35 per kWh (at all times).",2.0,1 Altair Street,Southern Cross,6426,CCS (Type 2); Type 2 (Socket Only),2,150.0,2023-10-24T22:24:00Z
201719,6C176FDF-317F-489A-B5C0-0E8004EDA0DC,Genr8,-41.23530922492269,146.40838662467104,(Business Owner at Location),Free,1.0,52c Gilbert Street,Latrobe ,7307,Type 2 (Socket Only),1,22.0,2022-09-04T12:20:00Z
201491,3670DF66-E098-4236-98B1-E7B2DA6532A7,Alexander Motel,-33.034535660079776,137.56252926357524,(Unknown Operator),$25 if not booking a room,1.0,99 Playford Avenue,Whyalla,5600,Type 2 (Socket Only),1,22.0,2022-12-23T21:40:00Z
201490,55E36941-28F7-49F1-B228-9940AC24CC95,Poochera Hotel,-32.71933272913009,134.8371008807062,(Unknown Operator),Variable,1.0,6-8 Barnes Street,Poochera,5655,Three Phase 5-Pin (AS/NZ 3123); Type I (AS 3112),2,22.0,2022-09-02T08:35:00Z
201489,1744468D-26B8-45B7-BA01-F5D466FC283E,Hein Engineering and Auto Repairs,-32.800432285415354,134.22070659032465,(Unknown Operator),,1.0,10 Redding Road,Streaky Bay,5680,Three Phase 5-Pin (AS/NZ 3123),1,22.0,2022-09-02T08:30:00Z
201488,58A3494A-CBF0-453C-B6E1-8FA55D9B1C53,Ceduna East West Motel,-32.1229317030085,133.68472803849068,(Unknown Operator),"$25.00 per fill, $12.50 if staying overnight.",2.0,66-76 McKenzie Street,Cedune,5690,Type 2 (Tethered Connector) ,1,22.0,2022-12-22T21:51:00Z
201487,78EC96EF-4593-4D6F-8472-AA653C9A76DC,Penong Caravan Park,-31.924999368627006,133.01048351419365,(Unknown Operator),$0.60 per kWh plus $10 service fee if not overnighting.,1.0,4 Stiggants Rd,Penong,5690,Three Phase 5-Pin (AS/NZ 3123); Type I (AS 3112),2,2.4,2023-11-30T09:55:00Z
195290,F74B7CF2-53E2-4AF9-901F-44996198B341,Coles Rochedale,-27.577966461570426,153.11287183851232,Chargefox,Recently changed from free to AU$0.40 / kWh,2.0,329 Gardner Road,Rochedale,4123,Type 2 (Socket Only),1,7.0,2023-07-13T09:38:00Z
194567,29BD2F17-AC1F-49D3-8FFC-5BD26EF412D5,Karrinyup Shopping Mall,-31.876481125533687,115.77953901268904,(Unknown Operator),,2.0,Francis Ave,Stirling,6018,Type 2 (Tethered Connector) ,1,22.0,2022-08-05T19:24:00Z
194566,CF3EE786-2158-4171-BB81-6E4BFAF2A101,Karrinup Shopping Mall,-31.876137033718443,115.7797782854434,Evie,$0.40,2.0,Francis Street,Stirling,6018,CCS (Type 2); CHAdeMO,4,50.0,2022-08-06T09:24:00Z
194383,8C600A6B-897B-44F4-A481-F0A57062F69C,Mineral Resources Park,-31.973892958483617,115.90811556642495,Chargefox,$0.50 per kWh,2.0,42 Bishopsgate Street,Lathlain,6100,CCS (Type 2); Type 2 (Socket Only),2,75.0,2023-06-21T07:39:00Z
194076,32554AF4-FBA5-4542-89ED-1EAFD07647AD,Sodexo,-31.863212794659802,115.8219952419322,Chargefox,"$0.00 from 10:00 to 14:00, $0.20 all other times. ",1.0,Balcatta Road,Stirling,6021,Type 2 (Socket Only),1,22.0,2023-07-13T09:45:00Z
193937,CC4BDFA8-451E-4E61-8588-FCDC607F31BE,Sportsground No.2 [Chargefox],-32.93024368595305,151.76074272098833,Chargefox,Free,5.0,Smith Street,Newcastle,2300,CCS (Type 2); Type 2 (Socket Only),3,60.0,2023-07-29T09:40:00Z
193904,0620E97E-0D49-43E2-BAA5-7C0E24BB99CD,University of Newcastle P4 [Chargefox],-32.891834966143726,151.70194995124893,Chargefox,Free,4.0,Ring Road,Callaghan,2308,Type 2 (Socket Only),4,22.0,2022-07-06T18:32:00Z
193903,3B8236A7-487F-4085-B206-18E27E41B8ED,University of Newcastle P6 [Chargefox],-32.89552323686248,151.7041509780654,Chargefox,Free,4.0,Ring Road,Callaghan,2308,Type 2 (Socket Only),4,22.0,2022-07-06T18:32:00Z
193787,C1CB815E-8347-4905-AE01-AED0CC2A454C,Mundaring Mall,-31.901205462212232,116.16524447173379,Chargebay (AU),,2.0,Hartung Lane,Mundaring,6073,Type 2 (Socket Only),1,7.0,2024-09-09T07:08:00Z
193706,89C0C0DB-C269-4FEF-8CE0-DAA1E3F955C4,Pimpama Sports Hub [Chargefox],-27.82474804589667,153.29197672212968,Chargefox,$0.30/kWh,6.0,139 Rifle Range Rd,Pimpama,4209,CCS (Type 2); CHAdeMO,6,75.0,2023-07-17T13:17:00Z
193630,8654321C-181C-4047-91F4-D78DAC2B8C90,Beaufort Street Center,-31.935506742564613,115.87076797296731,Evie,,2.0,Chelmsford Road,Perth,6050,CCS (Type 2); CHAdeMO,4,50.0,2024-01-25T13:37:00Z
193390,DCD11F3A-401B-429F-BA9E-34D9301115ED,Springfield QESH,-27.68211786380263,152.8997425219154,Queensland Electric Super Highway,$0.30 per kWh,1.0,4 David Henry Way,Springfield Central,4300,CCS (Type 2); CHAdeMO; Type 2 (Socket Only),3,50.0,2023-07-17T13:20:00Z
193389,215FC02E-850E-42DF-B150-7983B4C5665A,QESH Lawes (Gatton),-27.551262926011873,152.33494320232535,Queensland Electric Super Highway,$0.30 per kWh,1.0,Carpark of UQ Vetinary Hospital,Lawes,4343,CCS (Type 2); CHAdeMO; Type 2 (Socket Only),3,50.0,2023-07-29T09:49:00Z
193388,180C8BE9-D49C-4DE3-A33A-261D0895DC94,Charlton QESH,-27.520004970190683,151.84936614835385,Queensland Electric Super Highway, $0.30 per kWh,1.0,Travel Centre ,Charlton,4350,CCS (Type 2); CHAdeMO; Type 2 (Socket Only),3,50.0,2023-07-17T13:48:00Z
193377,8D0B6D19-4FA3-496F-8566-EB77F00F391A,Bayside Council,-37.95937215569076,145.01794753966965,Chargefox,0.30c/kWh,1.0,76 Royal Ave,Sandringham,3191,CCS (Type 2); CHAdeMO; Type 2 (Socket Only),7,75.0,2023-07-05T13:15:00Z
193048,967BE99D-8A8C-4D93-AD3A-B7E2B97A7E31,Marrickville Metro,-33.90782667980605,151.17114538375472,Evie,,2.0,Smidmore Street,Sydney,2044,CCS (Type 2); CHAdeMO,4,50.0,2023-07-16T13:40:00Z
192943,E770830D-79CA-4BB7-84EA-01C5D3530ED7,The Esplanade Hotel,-32.0575550674627,115.74617563567773,,Free,2.0,The Esplanade Hotel,Fremantle,6162,Type 2 (Tethered Connector) ,1,22.0,2023-07-13T22:25:00Z
192930,3858D170-2BE3-4182-9D88-A734F5CAA4EA,RAC Monkey Mia Dolphin Resort,-25.79404118331594,113.7174661005642,Chargefox,$0.45 per kWh,2.0,1 Monkey Mia Rd,Monkey Mia,,Type 2 (Socket Only),2,22.0,2022-05-05T06:56:00Z
192929,61C80ECC-1D9D-42AB-81F1-B1B77B6FC19B,Mona Vale library carpark [JOLT],-33.67610252225354,151.3038961163004,Jolt,"First 7kWh free, then $0.46 per kWh thereafter. $5/hr idle time",1.0,1 Park St,Mona Vale,2103,CCS (Type 2); CHAdeMO,2,25.0,2023-02-11T08:43:00Z
192769,6B7D9308-752C-4CE3-A4CD-E25482D5D0BE,Ampol Belmont,-31.937804124448533,115.93314661815691,Ampol AmpCharge,$0.60 per kWh,2.0,303 Great Eastern Highway,Belmont,6104,CCS (Type 2); CHAdeMO,2,180.0,2023-06-21T07:29:00Z
192687,69A950C2-3CA0-4341-8645-8E495D0059D5,Stanley St Peakhurst NSW,-33.961219,151.065897,Jolt,0.40,2.0,17-25 Stanley St, Peakhurst ,2210,CCS (Type 2); CHAdeMO,2,25.0,2023-06-06T12:14:00Z
192376,E6BE55E8-C64E-4B90-9B7E-98E8E3A4424C,Milton's Kimba,-33.13983180286926,136.41923144109342,(Business Owner at Location),,1.0,27 High Street,Kimba,5641,Three Phase 5-Pin (AS/NZ 3123),1,7.0,2023-11-30T09:55:00Z
191986,1B378275-0B90-482E-8C68-5D9D82A96257,Fremantle City Destination Charger,-32.05874355340625,115.74682186589132,(Unknown Operator),,4.0,Marine Terrace,Fremantle,6160,Type 2 (Socket Only); Unknown,3,22.0,2024-12-13T12:34:00Z
191959,001FE307-BBD1-4E84-AAD3-E11B6C88C5E4,NRMA Coonabarabran,-31.27869905611398,149.27917607446443,NRMA,FREE,1.0,Newell Highway,Coonabarabran,,CCS (Type 2); CHAdeMO,2,50.0,2022-03-10T22:20:00Z
191958,89B9AAC0-6EF5-4984-80BE-95FA071A8B29,NRMA Young,-34.31187081704267,148.29509758416702,NRMA,$0.64/kWh,2.0,88 Lovell Street,Young,,CCS (Type 2),1,50.0,2026-07-15T02:03:00Z
191957,F1A13DFD-44B0-4236-BF50-5962494993D0,NRMA Mudgee,-32.59363440480615,149.58620557294023,NRMA,60c / 54c for NRMA Members,1.0,Perry Street,Mudgee,2850,CCS (Type 2); CHAdeMO,2,50.0,2024-06-14T12:05:00Z
191956,8B586BC0-F48F-4AC2-BE03-DD7C574F3948,NRMA Parkes,-33.13740733634146,148.1726837200183,NRMA,FREE,1.0,Bogan Street,Parkes,2870,CCS (Type 2); CHAdeMO,2,50.0,2022-03-10T22:21:00Z
191955,19D2A3C7-582A-49EE-8625-41010BBF9871,NRMA Dubbo,-32.24930688696245,148.60934084946052,NRMA,FREE,1.0,Wingewarra Street,Dubbo,,CCS (Type 2); CHAdeMO,2,50.0,2022-03-10T22:21:00Z
191954,558CA1EA-DA2F-4BA7-A10A-203F06C85FB5,Orange Civic Theatre,-33.28140950021562,149.10278676941653,NRMA,FREE,1.0,Orange Civic Theatre,Orange,2800,CCS (Type 2); CHAdeMO,2,50.0,2022-03-10T22:21:00Z
191953,927BF22D-0EBB-4227-A7FA-A6B2910C92C9,Bathurst Visitor Information Centre,-33.41885926313673,149.58885077913237,NRMA,60c / 54c for NRMA Members,1.0,1 Kendall Avenue,Bathurst,,CCS (Type 2); CHAdeMO,2,50.0,2024-06-14T12:05:00Z
191937,1B0D38F9-F889-470A-AB1F-15FD2BE8DC87,Elizabeth City Centre,-34.71700199965215,138.67008809690134,(Unknown Operator),Free,2.0,50 Elizabeth Way,Elizabeth,5112,Type 2 (Socket Only),1,11.0,2022-12-18T02:23:00Z
191911,62FB6037-9368-440C-AED5-63BB1296A3FD,Largs Bay Kiosk  ,-34.82513183698616,138.48644726116333,Chargefox,$0.25 per kWh,2.0,1 Esplanade,Largs Bay SA,5016,Type 2 (Socket Only),1,11.0,2023-07-13T09:50:00Z
191910,DBE82DF0-0206-44E6-BAAD-6B540BFE4B8C,"JOLT Charge Charging Station, Port Rd & Webber St",-34.85632286641643,138.5108515299687,(Unknown Operator),"First 7kWh free, then $0.40 per kWh thereafter. $5/hr idle time",2.0,Port Rd & Webber St,Queenstown,5014,CCS (Type 2); CHAdeMO,2,25.0,2022-03-07T00:53:00Z
191909,7505C2AF-F2EF-48CD-A520-3832355F8EE1,"JOLT Charge Charging Station, Port Rd & Cross St",-34.85975657562122,138.51286930207573,(Unknown Operator),"First 7kWh free, then $0.40 per kWh thereafter. $5/hr idle time",2.0,Port Rd & Cross St,Queenstown,5014,CCS (Type 2); CHAdeMO,2,25.0,2022-03-06T12:40:00Z
191908,AB18F047-9F00-4046-8280-9348042E8A47,"JOLT Charge Charging Station, Port Rd & Sussex St Parking",-34.86088589620734,138.51357488992744,(Unknown Operator),"First 7kWh free, then $0.40 per kWh thereafter. $5/hr idle time",2.0,Port Rd & Sussex St,Queenstown,5014,CCS (Type 2); CHAdeMO,2,25.0,2022-03-06T12:40:00Z
191907,7C147BE4-1F0D-4B8A-B3F6-62738CD082C6,"JOLT Charge Charging Station, Port Rd and Oval Ave Parking Lot",-34.88273635973035,138.5382560926223,(Unknown Operator),"First 7kWh free, then $0.40 per kWh thereafter. $5/hr idle time",2.0,809-811 Port Rd,Woodville South ,5011,CCS (Type 2); CHAdeMO,2,25.0,2022-03-06T12:40:00Z
191906,E75F4AE6-4240-4CAC-8F0C-38DE4FF7864D,"JOLT Charge Charging Station, Port Road and South Road",-34.90257639905725,138.56808664880919,Jolt,"First 7kWh free, then $0.40 per kWh thereafter. $5/hr idle time",2.0,Port Road and South Road,West Hindmarsh,5007,CCS (Type 2); CHAdeMO,2,25.0,2022-12-17T23:10:00Z
191905,CF917E6B-DA99-4428-96EC-1A7BEDA39D8B,JOLT Charge Charging Station Port Road & Mary St,-34.906046821499956,138.57331633553872,(Unknown Operator),"First 7kWh free, then $0.40 per kWh thereafter. $5/hr idle time",2.0,Port Road & Mary St,Hindmarsh,5007,CCS (Type 2); CHAdeMO,2,25.0,2022-12-17T23:10:00Z
191904,1000FB47-7A3D-4E5C-869B-62E04A9FB33A,JOLT Charge Charging Station,-34.993301100409724,138.55605097847615,(Unknown Operator),Free 7kWh every 24 hrs - pay $0.42 per kWh after 7kWh. Need the Jolt app.,1.0,672 Marion Rd,,5043,CCS (Type 2); CHAdeMO,2,25.0,2022-04-11T07:02:00Z
191903,7E36B630-124C-40BB-A0D5-B4ACEDBEC1AC,"JOLT Charge Charging Station, Diagonal Rd & Finniss St Parking Lot",-35.01730838,138.5496564,(Unknown Operator),"0.00/kWh for 0.0-7.0 kWhs + 0.42/kWh after 7.0 kWhs + While parked, not charging: 5.00/hr after 15 mins",1.0,Diagonal Rd & 310 Finniss St,Marion,5043,CCS (Type 2); CHAdeMO,2,25.0,2022-03-06T12:40:00Z
191902,9D48BE6A-37B2-49A4-A183-12275FD06781,Shepparton Observation Tower,-36.38020636184123,145.40022900912237,Evie,$0.40 per kWh. Parking overstay charges may apply,2.0,"8 Fraser St, ",Shepparton ,3630,CCS (Type 2); CHAdeMO,2,50.0,2023-07-06T20:52:00Z
191901,46011CE2-0238-40BC-96B4-9B09A1068ACB,CTR Mooroopna,-36.394569210184976,145.35971328556263,Evie,$0.40 per kWh. Parking overstay charges may apply,2.0,"77 Midland Hwy,", Mooroopna ,3629,CCS (Type 2); CHAdeMO,2,50.0,2023-07-06T20:52:00Z
191900,E1C6D73C-57E8-41AD-A240-E951202EE7C5,CTR Whittlesea,-37.51050054135484,145.11840794982265,Evie,"0.40/kWh + While parked, not charging: 4.00/hr after 60 mins",1.0,74A Church St,Whittlesea,3757,CCS (Type 2); CHAdeMO,2,50.0,2023-07-06T20:52:00Z
191899,BD0EA296-9702-49DE-A9FA-1F05892C2594,Klemzig Community Hall,-34.87572488834278,138.63146894360875,,"Payment Required First 7kWh free, then $0.42 per kWh thereafter. One free 7kWh allowance per 24 hours. Jolt Electric Vehicle Charging app required to activate.",1.0,Kirby Avenue,Klemzig,5086,CCS (Type 2); CHAdeMO,2,25.0,2022-03-09T01:10:00Z
191898,E8730126-7315-4CD8-A310-07CC3A6396F0,North East Rd & Fosters Rd Parking Lot,-34.871001175731514,138.63722023174773,Jolt,"Payment Required First 7kWh free, then $0.40 per kWh thereafter. $5/hr idle time",1.0,North East Rd & Fosters Rd,Greenacres,5086,CCS (Type 2); CHAdeMO,2,25.0,2023-01-11T16:03:00Z
191897,6A713505-3697-478B-A9A3-752AE38B0437,Newton Road & Hambledon Road Parking Lot,-34.87927540158708,138.67345957548423,Jolt,,1.0,Newton Road & Hambledon Rd,Newton,5074,CCS (Type 2); CHAdeMO,2,25.0,2022-12-17T23:08:00Z
191896,37EF27DC-0218-4FDF-AA76-261A5517D85F,ARC Campbelltown,-34.88522639,138.6589639,Jolt,Payment Required Free 7kW every 24 hrs - pay $0.42 per kWh after 7kW. Need the JOLT app,1.0,531 Lower North East Rd,Campbelltown,5074,CCS (Type 2); CHAdeMO,2,25.0,2022-12-17T23:07:00Z
191895,535A3E8E-04B2-4108-B207-AEA4B7EC87BA,JOLT Charge Charging Station,-34.88844859,138.6729899,Jolt,"0.00/kWh for 0.0-7.0 kWhs + 0.42/kWh after 7.0 kWhs + While parked, not charging: 5.00/hr after 15 mins",1.0,139 Montacute Rd,Campbelltown ,5074,CCS (Type 2); CHAdeMO,2,25.0,2022-12-17T23:08:00Z
191894,2431548E-BC1B-4026-A18A-02DD05FBA3A4,Montacute Rd Parking Lot,-34.88767562172659,138.68894627441523,Jolt,Payment Required Free 7kW every 24 hrs - pay $0.44 per kWh after 7kW. Need the JOLT app,1.0,278-270 Montacute Rd,Rostrevor ,5073,CCS (Type 2); CHAdeMO,2,25.0,2022-12-17T23:44:00Z
191893,E22C5C40-0AFE-4304-9F32-4AC4DB3226ED,Tasco Caltex Tailem Bend Roadhouse,-35.24011,139.44043,Evie,65c per kWh energy consumed.,2.0,8786 Princes Hwy,Tailem Bend,5260,CCS (Type 2); CHAdeMO,2,350.0,2023-07-12T22:46:00Z
191892,2351AE17-D67A-4093-A35D-8FA842ADDCF8,Murray Bridge Marketplace,-35.120564441564056,139.27705518334403,Chargefox,$0.40/kWh (at all times),2.0,23 Mary Terrace,Murray Bridge,5253,CCS (Type 2); CHAdeMO,2,350.0,2023-07-13T06:21:00Z
191891,E44EA932-F80E-43CD-A8C2-89DCEE59117C,Nelson St Parking/Charging,-36.332766383204394,141.64971116860374,(Unknown Operator),Free,2.0,111 Nelson St,Nhill,3418,Type 2 (Socket Only),1,22.0,2022-03-06T12:42:00Z
191762,4CB4A3F3-B8B1-491E-91A3-41D71923F0E7,Tesla HPWC Destination Stations,-33.95063253619356,115.0753751366716,Tesla (Tesla-only charging),Free,3.0,Townview Terrace,Margaret River,6285,Type 2 (Tethered Connector) ,1,22.0,2022-02-27T13:03:00Z
191761,5B3D7401-E65B-4F18-BA94-5A006D2DF204,Margaret River Tesla Supercharger,-33.950608094573674,115.07535449708394,Tesla (including non-tesla),Supercharger rates,3.0,Townview Terrace,Margaret River,6285,CCS (Type 2),1,250.0,2023-10-09T01:48:00Z
191620,32C27CC7-B09B-4D45-94C8-F4089D844989,Muja Power Station,-33.445938982545556,116.30230838389622,(Unknown Operator),Free,2.0,Power Station Road,Muja,6225,Type 2 (Socket Only),2,22.0,2022-02-15T03:12:00Z
191467,4EF9D1E4-67F5-4052-8187-C5FE24B503C1,Woolworths Bomaderry,-34.84424980817623,150.5957047714145,Chargefox,FREE,4.0,160 Cambewarra Road,Bomaderry,2541,Type 2 (Socket Only),2,4.8,2023-07-13T10:45:00Z
191394,8AD972DA-166C-46AD-BB3B-5C46BF652BA3,NRMA Olympic Park,-33.84605079570373,151.06985459321334,NRMA,Free,1.0,9 Murray Rose Ave,Sydney Olympic Park,2127,CCS (Type 2); CHAdeMO,2,50.0,2022-02-09T13:05:00Z
191289,D6083CA0-67B7-42F0-9BFE-FF9796950D68,Alford Street Carkpark,-26.539845251946076,151.8401208694786,Chargefox,,1.0,8-10 Alford Street,Kingaroy,,CCS (Type 2); CHAdeMO,2,50.0,2023-07-29T10:23:00Z
191280,377D67EB-DE94-4731-857C-A637F394774C,Tesla Supercharger South Village,-34.033063649505685,151.07388271966875,Tesla (Tesla-only charging),$0.52/kWh,6.0,Princes Highway,Kirrawee,2232,CCS (Type 2),1,250.0,2022-02-02T13:08:00Z
191204,B7D80A44-F414-47A1-B943-AD53FCAE2307,Kay Brothers Winery,-35.183475,138.562114,(Unknown Operator),,1.0,57 Kays Road,McLaren Vale,5171,Three Phase 5-Pin (AS/NZ 3123); Type 2 (Socket Only); Type I (AS 3112),3,22.0,2022-02-05T11:40:00Z
191183,C2DC7386-8717-4E2F-B597-871DA2F12F13,NRMA Bega,-36.672816817377345,149.843298364681,NRMA,$0.74/kWh,1.0,Church Street Carpark,Bega,,CCS (Type 2),1,50.0,2026-07-15T00:58:00Z
191177,4FCE35F8-76E2-44E5-897F-7E544E44F076,Stewart Street Carpark [NRMA],-34.42839437417402,150.9002218527666,NRMA,FREE,2.0,17 Stewart Street,Wollongong,2500,CCS (Type 2); CHAdeMO,3,150.0,2023-02-20T17:51:00Z
191165,6ABB5800-E878-4A7D-9CE4-66E022A07979,Evie Lane Cove,-33.81396420883535,151.16927647670855,Evie,$0.40/kWh,2.0,2 Rosenthal Ave,Lane Cove,,CCS (Type 2); CHAdeMO,4,50.0,2023-07-15T12:03:00Z
191164,9F162C92-CD5E-41C2-8D62-84576C160CC3,Evie Mosman,-33.82544433087931,151.24146564876457,Evie,$0.40/kWh,1.0,6 Myahgah Road,Mosman,,CCS (Type 2); CHAdeMO,2,50.0,2023-07-16T22:01:00Z
191163,DBD911CB-4DE9-434C-BCD4-65567B4AF66A,"Evie Caddens Corner, Kingswood. ",-33.76884540471722,150.73565759781445,Evie,DC $0.40/kWh AC $0.35/kWh,2.0,82a O’Connell Street,Kinswoid,,CCS (Type 2); CHAdeMO; Type 2 (Socket Only),3,50.0,2023-07-15T13:55:00Z
191162,F12A7D62-5381-4C6A-B389-055D0F62FE57,Coles Schofields,-33.706161447313946,150.87557080542024,Evie,$0.40/kWh,2.0,227 Railway Rerrace,Schofields,,CCS (Type 2); CHAdeMO,4,50.0,2023-07-15T11:54:00Z
191161,16EA8B82-560C-41F7-A60C-68B7CCA91281,Evie Cabramatta,-33.89880022738458,150.91994378105392,Evie,$0.40/kWh,2.0,Hungry Jacks,Cabramatta,,CCS (Type 2); CHAdeMO,4,50.0,2023-07-15T14:01:00Z
191160,114627E2-61FA-413C-A320-8295201735FC,Bankstown [Evie],-33.93201456375411,151.03015532131081,Evie,$0.40/kWh,2.0,9-49 Chapel Road,Bankstown,,CCS (Type 2); CHAdeMO,4,50.0,2023-07-16T12:30:00Z
191128,DE5B463C-6F9D-4798-BAD0-3C6509B6DE2C,Devonport Supercharger,-41.17996296543798,146.36733778871076,Tesla (Tesla-only charging),$0.52/kWh,3.0,11A Esplanade,Devonport,7301,CCS (Type 2),1,250.0,2022-01-19T23:15:00Z
191127,71DC6CFF-E296-4BF6-9E58-C557CF426D30,Evie Networks - Westbury,-41.52579826718715,146.845108555965,Evie,60c/kWh,2.0,37 Meander Valley Rd,Westbury,7303,CCS (Type 2); CHAdeMO,2,350.0,2023-07-10T02:38:00Z
191063,E2013B53-7BD1-4D15-88C1-A60EC6966455,Caiguna - WA EV Network,-32.270905524317335,125.48817309652998,(Business Owner at Location),,1.0,Highway 1,Caiguna,6443,CCS (Type 2); Type 2 (Socket Only),2,30.0,2026-01-01T05:24:00Z
191062,3ED2D6CD-A1BB-4284-9A25-6E7F7C0A33A0,Audi Centre Sydney ,-33.906943843362484,151.2131655272031,Chargefox,$0.70/kWh,1.0,895 South Dowling Street,Zetland,2017,CCS (Type 2),1,165.0,2023-07-13T10:51:00Z
191055,4DF6F6DB-8FE4-496D-BF9B-946E40341E6C,Collingwood Library,-37.80446562888998,144.99324369474311,Evie,$0.40/kWh,2.0,13 Stanton St,Abbotsford,3067,CCS (Type 2); CHAdeMO,4,50.0,2023-07-10T02:38:00Z
191052,A5E5AE46-2399-4519-B27A-CD9D4F1F54AE,Woolworths Kireawee,-34.03429800987962,151.0734299224497,Chargefox,FREE,4.0,28-34 Flora Street,Kirrawee,2232,Type 2 (Socket Only),2,22.0,2023-07-13T10:55:00Z
191051,B1C347C6-4DA2-42FF-BB0D-987E041D41A9,McDonalds Southern River ,-32.10072552959724,115.96427117228632,Chargefox,$0.20 per kWh,1.0,Southern River Road ,Southern River ,6110,CCS (Type 2); CHAdeMO,2,24.0,2022-08-12T12:36:00Z
190915,92349089-07EC-4A22-BB19-A97C0C9637F1,NRMA Jerilderie,-35.3544948219656,145.72500535480856,NRMA,FREE,1.0,Powell Street,Jerilderie,2716,CCS (Type 2); CHAdeMO,2,50.0,2022-01-04T11:52:00Z
190904,B505D306-56BF-4E29-8759-000B2EB49451,CTR Echuca [Evie],-36.127317,144.748147,Evie,$0.40,1.0,438 High Street,Echuca,3564,CCS (Type 2); CHAdeMO,4,50.0,2023-07-06T20:52:00Z
190893,6BF19D16-106D-484F-B509-EC1AF8043CF1,Cann River [Evie],-37.565838504942874,149.15095912208483,Evie,$0.40,1.0,Monaro Highway,Cann River,3890,CCS (Type 2); CHAdeMO,2,50.0,2022-01-01T11:01:00Z
190875,8C3BC721-A266-4AEA-945C-7D571D06FC6D,Kensington [Jolt],-33.907070570863254,151.22409119211284,Jolt,$0.00/kWh up to 7 kWh then $0.40/kWh,1.0,110 Anzac Pde,Kensington,2033,CCS (Type 2); CHAdeMO,2,25.0,2023-07-13T10:53:00Z
190861,3AA09554-3631-4617-ACF4-4D21B98BA932,Snowy River Ave Car Park,-36.41589877494651,148.61978170531108,NRMA,$0.64/kWh,2.0,3 Snowy River Ave,Jindabyne,2627,CCS (Type 2); CHAdeMO,2,50.0,2026-07-15T01:28:00Z
190845,4E90B85F-13D3-4A34-815A-A0FB0B418694,Karringup Center,-31.877115379032254,115.77668949000957,Tesla (Tesla-only charging),Free,2.0,,Karringup,,Type 2 (Socket Only),2,22.0,2021-12-28T03:50:00Z
190809,9E85760D-D71D-4D71-81EC-34813DB87CA4,Tailem Bend Supercharger,-35.304008524281684,139.5011617693483,Tesla (including non-tesla),$0.52/kWh,6.0,543 Dukes Hwy,Tailem Bend,5260,CCS (Type 2),1,250.0,2023-08-30T06:13:00Z
190790,5B6FD8B8-D015-4BA5-99D9-83D07E68EFF1,Bru4U Geelong ,-38.1722195376013,144.36787923669385,(Unknown Operator),free,1.0,4/100 Barwon Terrace,Geelong,3220,Type 2 (Tethered Connector) ,1,22.0,2022-09-04T10:26:00Z
190757,7622FC1C-073B-4B78-AEDF-35A38303AD59,Mona Vale [JOLT],-33.67606087720165,151.30325795651265,Jolt,$0.00/kWh up to 7 kWh then $0.46/kWh,1.0,2 Bungan St,Mona Vale,2103,CCS (Type 2); CHAdeMO,2,25.0,2023-02-11T08:43:00Z
190706,F6B6BFE7-9484-474D-B152-E4F10989A35A,Dan Murphy's,-35.709931,150.17774,Evie,50c per kWh energy consumed.,1.0,51 Orient Street,Batemans Bay,2536,CCS (Type 2); CHAdeMO,2,50.0,2023-07-12T22:38:00Z
190683,38C0ABB5-58CD-42D1-946F-78C5A499FA6C,Walgett [NRMA],-30.02045011043731,148.11600190575848,NRMA,FREE,1.0,26 Neilly Street,Walgett,2832,CCS (Type 2); CHAdeMO,2,50.0,2021-12-17T04:13:00Z
190682,2AA67D53-4325-45DD-A591-149698E1C2C3,Brewarrina [NRMA],-29.960445999997674,146.85742999998627,NRMA,Currently free but will be fee at some point.,1.0,50 Bathurst Street,Brewarrina,2839,CCS (Type 2); CHAdeMO,2,50.0,2021-12-17T04:02:00Z
190681,7608FBE1-4576-4A9D-959E-3F86960034CE,Bourke [NRMA],-30.088249,145.93511,NRMA,"Free currently, join NRMA as a thank you.",1.0,15 Mitchell St,Bourke,2840,CCS (Type 2); CHAdeMO,2,50.0,2021-12-17T03:45:00Z
190680,999CDD23-9168-4000-A1DB-9D8ABD040D53,Nyngan [NRMA],-31.564631000004198,147.1969360000096,NRMA,Currently free but will be fee at some point for non NRMA Members,1.0,18 Cobar Street,Nyngan,2825,CCS (Type 2); CHAdeMO,2,50.0,2022-12-23T23:20:00Z
190679,0471530C-A6D4-4CEF-BA91-30B7B775EAFC,Cobar [NRMA],-31.49883300000129,145.83757000000242,NRMA,FREE,1.0,3 Broomfield Street,Cobar,2835,CCS (Type 2); CHAdeMO,2,50.0,2022-01-08T10:59:00Z
190678,7945B630-A8D8-450D-A202-45913C7C68FE,Wilcannia [NRMA],-31.55748024734784,143.38590809166777,NRMA,,1.0,1-7 Ross St,Wilcannia,2836,CCS (Type 2); CHAdeMO,2,75.0,2022-05-04T03:08:00Z
190677,5B44CABB-5A6B-4040-A9A0-AAECD9764FFE,Broken Hill [NRMA],-31.959754641960238,141.45961530379066,NRMA,,1.0,51 Bromide St,Broken Hill,2880,CCS (Type 2); CHAdeMO,2,50.0,2021-12-17T03:14:00Z
190676,ABF70EFC-F216-4CF4-9077-A83CA1DA3A54,Mildura [NRMA],-34.188998,142.162212,NRMA,,4.0,100 Orange Avenue,Mildura,2739,CCS (Type 2); CHAdeMO,2,150.0,2024-11-12T00:54:00Z
190675,C747D755-3C6A-46CE-B316-0B1ACE006BC9,Berri [NRMA],-34.285689864254955,140.60355285882747,NRMA,FREE,1.0,Gilbert Street,Berri,5343,CCS (Type 2); CHAdeMO,2,50.0,2022-04-18T10:14:00Z
190674,52268C5B-9050-409A-877B-797913306311,Tanunda [NRMA],-34.5246854548199,138.95804140891113,NRMA,FREE,1.0,3 John Street,Tanunda,SA 5352,CCS (Type 2); CHAdeMO,2,50.0,2022-05-14T04:57:00Z
190671,76A263AA-7BA6-4FF1-BAA5-973EE9A599E9,Balranald [NRMA],-34.639493379894546,143.56448828860727,NRMA,FREE,1.0,89 Market Street,Balranald,2715,CCS (Type 2); CHAdeMO,2,50.0,2021-12-17T02:52:00Z
190670,B0E9346F-9AE2-4F6D-B032-907BF0FB7D83,Hay [NRMA],-34.50867857950999,144.84290661775623,NRMA,Currently free but will be fee at some point.,1.0,134 Lachlan St,Hay,2711,CCS (Type 2); CHAdeMO,2,50.0,2021-12-17T02:59:00Z
190669,43084CF8-2B51-42B9-9AA0-69AD762625C8,West Wyalong [NRMA],-33.92362578966908,147.2036629768271,NRMA,$0.74/kWh,4.0,"13-15 Shire St, West Wyalong NSW 2671",West Wyalong,2671,CCS (Type 2); CHAdeMO,3,180.0,2026-07-15T02:13:00Z
190668,82909336-0D96-433D-8E7F-044243964000,Temora Council Chambers,-34.44602848720433,147.534391219815,NRMA,$0.74/kWh,2.0,Little Hoskins Street,Temora,2666,CCS (Type 2),1,50.0,2026-07-15T02:08:00Z
190620,6BBA8B22-7167-404A-A33A-F8FEDD18D0E4,RAC Esperance Holiday Park,-33.846123629542156,121.901810358881,Chargefox,$0.45,2.0,Goldfields Road ,Esperance ,6450,Type 2 (Socket Only),1,22.0,2022-09-08T12:31:00Z
190502,64BD14BE-C230-49E4-BDEF-973C0A1F9614,Silos estate,-34.80770297678462,150.63696170662024,(Unknown Operator),,2.0,Princes Highway,Jaspers Brush,2535,Type 2 (Tethered Connector) ,1,22.0,2021-12-11T10:09:00Z
190500,DC96BF1C-C609-4AA3-83F5-5D01296AB4DA,Cross Street Carpark [NRMA],-35.10849079265241,147.37380421671998,NRMA,$0.66/KWh,1.0,8 Cross Street,Wagga Wagga,NSW,CCS (Type 2); CHAdeMO,2,50.0,2024-11-12T12:09:00Z
190498,1D369C6E-022B-4272-82D8-AF30B6074FBA,Bailey's Garage,-34.78231983827835,149.26678626597408,(Unknown Operator),Free,1.0,86-88 Yass Street,Gunning,2581,Type 2 (Socket Only); Type I (AS 3112),2,7.2,2021-12-11T10:09:00Z
190492,87A24A65-E352-436B-BC76-0C0C6486FE50,The lodge at Little Rock,-31.48695074092305,118.25987173215276,(Unknown Operator),,1.0,,Merredin,6415,Type 2 (Socket Only),1,7.0,2021-12-10T18:30:00Z
190487,1EB7A8CE-04DE-4FDD-9DB3-1D982CD25D11,BP Truckstop Merredin,-31.482755542949874,118.26874281054063,Chargefox,0.44,1.0,49 Great Eastern Highway,Merredin,6415,CCS (Type 2); CHAdeMO,2,24.0,2022-09-29T03:22:00Z
190474,6F6EECB4-3511-4039-87B2-D3C3A1D0A540,Millbrook Winery,-32.349268426066345,116.04988295662383,(Unknown Operator),,1.0,Millbrook Winery,Jarrahdale,6124,Three Phase 5-Pin (AS/NZ 3123); Type I (AS 3112),2,14.4,2021-12-09T05:04:00Z
190473,19E720B4-6D85-4EC1-BDCA-06492DD7E6D3,Narrogin Hotel,-32.93603653516006,117.16741450537256,(Unknown Operator),,1.0,Narrogin Hotel,Narrogin,6312,Three Phase 5-Pin (AS/NZ 3123); Type I (AS 3112),2,7.0,2021-12-09T04:41:00Z
190472,059BE15A-BA65-4F42-9C6A-2F4E335DCD69,Wagin Motel,-33.30772086650226,117.34616189953726,(Unknown Operator),Free,1.0,51 Tudhoe Street,Wagin,6315,Three Phase 5-Pin (AS/NZ 3123); Type 2 (Tethered Connector) ,2,11.0,2022-12-23T21:48:00Z
190471,E9E030B8-857E-4004-B154-196CB79098EA,The Lily Dutch Windmill - Stirling Range,-34.223273068915724,118.21594999488394,(Unknown Operator),Hourly rate,1.0,9793 Chester Pass Road,Amelup,6338,Tesla (Model S/X); Three Phase 5-Pin (AS/NZ 3123),3,22.0,2023-07-28T03:22:00Z
190470,5F4548DC-4DE7-47D3-8046-8722E5BF9A28,Treetop Walk Motel,-34.9755934090466,116.73493267275126,(Unknown Operator),$20,1.0,40-50 Nockolds Street,Walpole,6398,Three Phase 5-Pin (AS/NZ 3123),1,14.4,2021-12-09T04:16:00Z
190469,3806D0E4-42BC-4B37-BD42-79EA7FC984FF,Northcliffe Hotel Motel,-34.63065447771885,116.12378507568116,(Unknown Operator),,1.0,Northcliffe Hotel Motel,Northcliffe,6262,Tesla (Model S/X); Three Phase 5-Pin (AS/NZ 3123); Type I (AS 3112),3,11.0,2021-12-09T04:12:00Z
190468,971AEC6F-A7AC-4528-8DC4-6A8C98EDCD11,Best Western Pemberton,-34.44411440805307,116.03653827573595,(Unknown Operator),$20,1.0,Best Western Pemberton,Pemberton,6260,Three Phase 5-Pin (AS/NZ 3123),1,11.0,2021-12-09T04:03:00Z
190467,3FAD5B28-0116-4CB3-8CC8-B6648CD8F274,Stay Margaret River,-33.953751896279094,115.06007358112566,(Unknown Operator),$25 flat rate,1.0,78 Walcliffe Road,Margaret River,6285,Three Phase 5-Pin (AS/NZ 3123); Type I (AS 3112),2,22.0,2021-12-09T03:26:00Z
190466,6AF8EC8F-DA42-4FD0-919C-9473F741748D,Myalup Beach Caravan Park,-33.10288926692897,115.68908721055715,(Unknown Operator),$2 per hour,1.0,2 Myalup Beach Road,Myalup,6220,Tesla (Model S/X); Three Phase 5-Pin (AS/NZ 3123); Unknown,3,22.0,2021-12-09T03:16:00Z
190465,9443312C-B096-4918-89FA-99911680959D,State Library of Western Australia,-31.949165795484845,115.86050694534993,(Unknown Operator),http://www.cityofperthparking.com.au/state-library,1.0,Alexander Library Building,Northbridge,6003,Three Phase 5-Pin (AS/NZ 3123),1,22.0,2021-12-09T03:03:00Z
190464,5BA1F59D-42ED-46CD-A3F8-F35D97283A90,Perth Cultural Centre,-31.95054936969006,115.8601032721649,(Unknown Operator),http://www.cityofperthparking.com.au/cultural-centre,1.0,2 Roe Street,Perth,6000,Three Phase 5-Pin (AS/NZ 3123),1,22.0,2021-12-09T03:03:00Z
190463,02E04B70-26AD-4B25-991B-4551DE776D10,Perth Convention and Exhibition Centre,-31.95535657614961,115.8529214449357,(Unknown Operator),http://www.cityofperthparking.com.au/convention-centre,1.0,21 Mounts Bay Road,Perth,6000,Three Phase 5-Pin (AS/NZ 3123); Type 1 (J1772),2,22.0,2021-12-09T02:55:00Z
190462,889FD976-5F5A-40D8-AE35-CABA80F347CF,City of Perth Council-House,-31.956912110143783,115.86065464317664,(Unknown Operator),http://cityofperthparking.com.au/council-house,1.0,27-29 St Georges Terrace,Perth,6000,Three Phase 5-Pin (AS/NZ 3123),1,22.0,2021-12-09T02:37:00Z
190457,51968DFC-5422-4720-814A-2C1FAFF9C624,Mossman Gorge Centre,-16.47409220742763,145.34900965034046,(Unknown Operator),,2.0,Mossman Gorge Centre,Mossman Gorge Aboriginal Community,,Type 2 (Socket Only),1,7.0,2021-12-10T21:11:00Z
190456,D4AFF5A4-615D-48F4-9C49-82D4F7861871,Port Douglas QESH,-16.5267622520372,145.46290164900427,Queensland Electric Super Highway,$0.30,2.0,Wildlife Habitat Sanctuary,Port Douglas,4877,CCS (Type 2); CHAdeMO; Type 2 (Socket Only),3,50.0,2023-07-17T13:42:00Z
190455,2472D016-A4DC-4391-A433-1A45672F89D3,Cairns QESH,-16.920519243236583,145.77903299687227,Queensland Electric Super Highway,$0.30,2.0,Aqua Lagoon Carpark ,Cairns,4870,CCS (Type 2); CHAdeMO; Type 2 (Socket Only),3,50.0,2023-07-17T13:50:00Z
190454,BA1BCF08-8779-4EEE-9A13-E8BA5E2AEFAB,Innisfail QESH,-17.523530736436754,146.02679729814793,Queensland Electric Super Highway,$0.30,2.0,32 Glady Street,Innisfail,4860,CCS (Type 2); CHAdeMO; Type 2 (Socket Only),3,50.0,2023-07-17T13:21:00Z
190453,B97F094E-BFF8-48DC-9013-2762FC5201E9,Tully QESH,-17.9348995446898,145.92405904782356,Queensland Electric Super Highway,$0.30,1.0,Morris Street,Tully,4850,CCS (Type 2); CHAdeMO; Type 2 (Socket Only),3,50.0,2023-07-17T13:23:00Z
190452,22628236-EF4A-4264-BE58-1D8A676DAB94,Cardwell QESH,-18.262614406268767,146.02462137635962,Queensland Electric Super Highway,$0.30 per kWh ,2.0,Liverpool Street,Cardwell,4849,CCS (Type 2); CHAdeMO; Type 2 (Socket Only),3,50.0,2023-07-17T13:24:00Z
190451,DADC08C9-4259-49E6-9066-E74101B06A3D,PUMA /Evie,-19.319350027741095,146.8284609718744,Evie,,2.0,Edith Street,Townsville,,CCS (Type 2); CHAdeMO,2,350.0,2023-07-15T13:33:00Z
190450,FC2FB556-A589-416A-8ACF-448D86D9DA84,Townsville QESH,-19.323358513085054,146.7583755416913,Queensland Electric Super Highway,$0.30 per kWh ,2.0,JCU Visitor Parking (Short Term),Townsville,4811,CCS (Type 2); CHAdeMO; Type 2 (Socket Only),3,50.0,2023-07-17T12:42:00Z
190449,751C450F-CC0D-4819-B367-1DB2B52915D9,Ayr QESH,-19.573864927671323,147.40556577868756,Queensland Electric Super Highway,$0.30,2.0,Graham Street,Ayr,4807,CCS (Type 2); CHAdeMO; Type 2 (Socket Only),3,50.0,2023-07-17T13:26:00Z
190448,678C8E9F-383C-4760-98CB-0ACBD5FF4C88,Bowen QESH,-20.016753107666602,148.24891308162455,Queensland Electric Super Highway,$0.30,3.0,80 Santa Barbara Parade,Bowen,4805,CCS (Type 2); CHAdeMO; Type 2 (Socket Only),3,50.0,2023-07-17T13:27:00Z
190447,07033E14-9A73-4038-8DA4-8B01116F1238,Proserpine QESH,-20.402473679690317,148.58154883254292,Queensland Electric Super Highway,$0.30,1.0,Dobbins Lane,Proserpine,4800,CCS (Type 2); CHAdeMO; Type 2 (Socket Only),3,50.0,2023-07-17T13:30:00Z
190446,EA29A619-BC76-40BC-8FF8-179BC8AFFC3C,Mackay QESH,-21.139355499964623,149.18503710905475,Queensland Electric Super Highway,$0.30,3.0,1 Gregory Street,Mackay,4740,CCS (Type 2); CHAdeMO; Type 2 (Socket Only),3,50.0,2023-07-17T13:31:00Z
190445,600D1919-416F-42AF-8396-5B1C1BA78851,Carmila QESH,-21.908502802871126,149.41051205419296,Queensland Electric Super Highway,$0.30 per kWh ,2.0,8 Music Street,Carmila,4739,CCS (Type 2); CHAdeMO; Type 2 (Socket Only),3,50.0,2023-07-17T13:32:00Z
190444,46BB491C-8C2C-4D9C-BAFD-62FF5D360959,Marlborough QESH,-22.82792884592763,149.9324998642801,Queensland Electric Super Highway,$0.30 per kWh,3.0,Puma Marlborough,Marlborough,4705,CCS (Type 2); CHAdeMO; Type 2 (Socket Only),3,50.0,2023-07-17T13:33:00Z
190443,A4A96064-DCEA-429B-92C0-ECE00447B766,Project Ave Parking,-26.4086797421553,153.0461333645826,Evie,,1.0,Venture Drive,Tewantin,4566,CCS (Type 2); CHAdeMO,2,50.0,2023-07-17T06:49:00Z
190442,3E950374-3E6E-4FED-AC50-718162BB9A6E,Ikea North Lakes,-27.242998014121355,153.01465696410696,Queensland Electric Super Highway,$0.30/kWh,3.0,Westfield North Lakes Drive,North Lakes,4509,CCS (Type 2); CHAdeMO; Type 2 (Socket Only),3,50.0,2023-07-17T13:11:00Z
190417,24128241-19C4-4DEA-B9CE-4004A2CCBC34,Richmond Tavistock No. 3 [Jolt],-33.86602668667314,151.06443969723887,(Unknown Operator),"Free up to 7kWh, charges thereafter",1.0,19 Richmond Road,Sydney,2135,CCS (Type 2); CHAdeMO,2,25.0,2022-01-25T14:22:00Z
190410,4BD52C88-3A75-4261-9595-298C7A287E70,Yass Soldiers Club,-34.84180413059654,148.9128633229027,(Unknown Operator),FREE,1.0,86 Meehan St,Yass,2582,Type 2 (Tethered Connector) ,1,22.0,2022-02-09T13:09:00Z
190409,14A4E903-608E-40E1-83F0-E2CEE9889D90,Bathurst Rail Museum,-33.425767907528055,149.58141991356138,(Unknown Operator),,1.0,126 Havannah Street ,Bathurst,2795,Type 2 (Socket Only); Type 2 (Tethered Connector) ,2,22.0,2021-12-06T09:44:00Z
190408,6CEB35DA-684F-4045-BA28-364C37AC1791,Hydro Majestic Hotel,-33.67697329948779,150.281626751796,(Unknown Operator),,2.0,52-88 Great Western Highway,Medlow Bath,2780,Type 1 (J1772); Type 2 (Tethered Connector) ,2,22.0,2021-12-06T09:48:00Z
190407,2FCF5244-F5FD-43EB-A8AE-A1061ABD741D,Scenic World Carpark,-33.728024559118296,150.300728600681,Tesla (Tesla-only charging),,2.0,1 Violet Street,Katoomba,2780,Type 2 (Tethered Connector) ,1,22.0,2021-12-06T09:52:00Z
190406,107A9200-AA2A-4611-B885-E398F295F3E7,Supercheap auto,-33.76965243504467,150.67186991611658,(Unknown Operator),,2.0,2227 Wolseley Street,Jamisontown‎ ,2750,Type 2 (Tethered Connector) ,1,22.0,2021-12-06T13:08:00Z
190401,3C1F2111-C993-41B2-9148-241F8B42D1FF,Rockhampton QESH,-23.382146860599264,150.51355170231477,Queensland Electric Super Highway,$0.30,1.0,Alma Street,Rockhampton,4700,CCS (Type 2); CHAdeMO; Type 2 (Socket Only),3,50.0,2023-07-17T13:33:00Z
190400,D42A7B36-6B08-4242-8A3A-F054061E75A1,Gin Gin QESH,-24.989529996084883,151.95310955075183,Queensland Electric Super Highway,$0.39 per kWh,1.0,Dear Street,Gin Gin,,CCS (Type 2); CHAdeMO; Type 2 (Socket Only),3,50.0,2024-09-30T03:57:00Z
190399,6EA649C3-88F9-4909-9EE8-E869ED1D56C9,Gunalda QESH,-25.994198141547088,152.56269417739531,Queensland Electric Super Highway,$0.30 per kWh,1.0,Queen Street,Gunalda,4570,CCS (Type 2); CHAdeMO; Type 2 (Socket Only),3,50.0,2023-07-17T11:19:00Z
190398,0E63738A-5C51-48F3-98E9-DDDAAB8FCFFE,Gympie [QESH],-26.18854334315202,152.66574226908438,Queensland Electric Super Highway,$0.30/kWh,1.0,1 McLeod Street,Gympie,4570,CCS (Type 2); CHAdeMO; Type 2 (Socket Only),3,50.0,2023-07-17T11:24:00Z
190397,F921193C-185C-4F84-88A9-8D0C0C870749,Brisbane Airport,-27.415112352398268,153.07724242473,Evie,"$0.40 per kWh Full (RFID, QR, Plug&Charge, app)",4.0,"Skygate Shopping Centre, Brisbane Airport QLD 4000, Australia",Brisbane,4011,CCS (Type 2); CHAdeMO,8,50.0,2023-07-15T13:37:00Z
190396,1E5C1ECA-DD3F-4D06-90FC-C4E134F9CBE1,Bilinga QESH (Coolangatte Airport),-28.16382522506754,153.514927307191,Queensland Electric Super Highway,$0.30 per kWh,1.0,1 Eastern Avenue,Bilinga,4225,CCS (Type 2); CHAdeMO; Type 2 (Socket Only),3,50.0,2023-07-17T13:47:00Z
190395,21112845-A832-45A7-A971-D6F892FA32A1,Coolangatta Surf Club,-28.166937408855013,153.53634874918976,Chargefox,$0.30 per kWh,1.0,Marine Parade,Coolangatta,4225,CCS (Type 2); CHAdeMO,2,75.0,2023-07-13T10:57:00Z
190394,BA6C1095-64A5-49DC-9FFA-B42055D9882E,The Farm Byron Bay [NRMA],-28.63571944020704,153.55330117184485,NRMA,,1.0,Ewingsdale Road,Ewingsdale,,CCS (Type 2); CHAdeMO,2,50.0,2025-10-06T09:29:00Z
190393,25ECAF2D-3C25-4023-9965-1AFF8B180F7E,Grafton Public Library,-29.688073199234324,152.93353803987213,NRMA,,1.0,Pound Street,Grafton,,CCS (Type 2); CHAdeMO,2,50.0,2021-12-06T13:23:00Z
190392,274032CF-DE67-4D93-ACBE-350553AEB6F8,Evie Macksville,-30.709970892832544,152.91982301754945,Evie,$0.60 per kWh,2.0,24 Cooper St,Macksville,2447,CCS (Type 2); CHAdeMO,2,350.0,2023-07-16T12:45:00Z
190389,965D2E23-74CF-46DE-9C9F-DB044A09837D,Anniversary Park,-32.292626788449596,115.74664476860039,(Unknown Operator),,1.0,Hefron Street,Rockingham,6169,Three Phase 5-Pin (AS/NZ 3123); Type I (AS 3112),2,22.0,2021-12-03T04:58:00Z
190373,CC02B474-DEA6-4253-BB86-F94E40EAC62C,Rockingham Volkswagen ,-32.27045412024325,115.75561955622425,(Unknown Operator),,1.0,20 Smeaton Way,Rockingham,,Type 2 (Socket Only),1,,2021-12-02T08:09:00Z
190363,1830B065-4866-434F-B8CA-9AEF3687FFA7,Mundaring Weir Hotel,-31.952209900740648,116.16705526729766,(Unknown Operator),,1.0,1037 Hall Road,Mundaring,6073,Type I (AS 3112),1,2.5,2022-01-14T03:44:00Z
190362,3733DD85-F45E-41D3-A77A-43EF6F1DB3C9,ChargeFox Cooma,-36.21868817620539,149.13363161099028,Chargefox,AUD 0.65 per kWh,3.0,Snowy Hydro Discovery Centre,Cooma ,,CCS (Type 2); CHAdeMO,3,350.0,2023-07-05T13:14:00Z
190361,9C60CD94-7536-4CCA-9281-2530F7566990,Gippsland Solar,-37.83372548471041,147.60661599037178,Chargefox,$0.25 per kWh,1.0,35 Payne Street,Bairnsdale,,Type 2 (Socket Only),1,22.0,2023-07-13T10:58:00Z
190360,7117C1A4-40FB-4D10-9BF6-ABF346C8C94D,Port of Sale,-38.112024318575045,147.06310643876884,Evie,$0.40,2.0,Canal Road,Sale,3850,CCS (Type 2); CHAdeMO,2,50.0,2023-07-06T20:52:00Z
190359,1FCAE366-78E1-4FE7-A6EA-F4CD98CA07E1,Holbrook [NRMA],-35.71746030083052,147.31775237395414,NRMA,,1.0,Submarine Park,Holbrook,,CCS (Type 2); CHAdeMO,2,50.0,2021-12-19T02:24:00Z
190358,0ACC73A1-450F-4E70-911B-0B9505C3CDA1,Jugiong [NRMA],-34.82341194348058,148.32537254091335,NRMA,$0.70/kWh,1.0,319 Riverside Drive,Jugiong,,CCS (Type 2),1,80.0,2026-07-15T01:53:00Z
190356,3F9FC1FB-DB05-495E-97A8-DD0FA6963A89,"Department of Biodiversity, Conservation and Attractions",-31.995655950694704,115.88329363905393,(Unknown Operator),,1.0,17 Dick Perry Avenue,Kensington,6151,Type I (AS 3112),1,7.0,2021-12-01T06:41:00Z
190354,90423DCC-779C-43CA-A9F3-A8BFCE2EE9F2,Silk Thai Restaurant,-32.53111567064465,115.72030282929558,Chargefox,"Free for diners, 30c/kWh for public",1.0,52 Mandurah Terrace,Mandurah,6210,Type 2 (Socket Only),1,22.0,2023-07-13T11:00:00Z
190352,53EA10A4-2C00-47DC-ADC7-7C19F12181EE,"Department of Biodiversity, Conservation and Attractions FWF",-31.995737047605445,115.88564872339822,Chargefox,,1.0,"Technology Park, Dick Perry Avenue",Kensington,6151,Type 2 (Socket Only),1,7.0,2022-12-23T21:57:00Z
190351,AB62105A-8FB2-4CA1-844D-EB34B0F41CAA,Tarcutta Roadhouse [Evie],-35.27711511746652,147.73611268003378,Evie,65c per kwH energy consumed.,2.0,32 Sydney Street,Tarcutta,,CCS (Type 2); CHAdeMO,2,350.0,2023-07-12T22:53:00Z
190350,D877394B-58F6-403B-BF84-70A67D015CC0,Coles Express Coomera,-27.855202514974366,153.31010291274197,Evie,$0.60 per kWh,2.0,487 Old Pacific Hwy,Coomera,,CCS (Type 2); CHAdeMO,2,350.0,2023-07-15T13:32:00Z
190339,C6755EF4-2426-4911-A4E5-9584F657ACE7,Mercedes Perth,-31.999110470936742,115.9157275187037,(Unknown Operator),,1.0,1093-1101 Albany Highway,Bentley,6102,CCS (Type 2); Type 2 (Socket Only),2,24.0,2022-12-23T22:09:00Z
190317,ABB5C799-9A85-4BD8-ACC2-A470CDF172D9,Dowerin Field Days Oval,-31.19020425492358,117.03612798040007,(Unknown Operator),,1.0,Memorial Avenue,Dowerin,6461,Three Phase 5-Pin (AS/NZ 3123); Type I (AS 3112),2,22.0,2024-01-06T04:52:00Z
190302,53C1E050-FCFD-485E-A6CA-91273E0DE6A6,Rockingham Nissan,-32.27602954766279,115.76426627808104,(Unknown Operator),,1.0,83 Dixon Road,Rockingham,6168,Type 2 (Socket Only),1,,2022-01-31T15:34:00Z
190298,99FA864E-DE67-4CA4-A454-2F03859E84D7,The Old Convent,-30.28724891743107,116.66646540542087,(Unknown Operator),,1.0,34 Dalwallinu-Kalannie Road,Dalwallinu,6609,Three Phase 5-Pin (AS/NZ 3123),1,11.0,2021-11-27T17:18:00Z
190296,05873BEC-8C89-446F-9C4C-6A9E951E4987,Wongan Hills Caravan Park,-30.88814280903685,116.71504793666344,(Unknown Operator),,1.0,256 Wongan Road,Wongan Hills,6603,Three Phase 5-Pin (AS/NZ 3123),1,4.0,2021-11-27T17:11:00Z
190295,AB16B3C5-3CC4-4DB4-8F49-8A2E880888DF,Puma New Norcia Roadhouse,-30.973749857257722,116.21249128930401,(Unknown Operator),,1.0,11275 Great Northern Highway,New Norcia,6509,Three Phase 5-Pin (AS/NZ 3123),1,22.0,2021-11-27T17:07:00Z
190294,3AA6C96D-4BBA-4877-A033-EC90B17E6131,Gingin Hotel,-31.350965381790523,115.90418179823558,(Unknown Operator),,1.0,5 Jones Street,Gingin,6503,Three Phase 5-Pin (AS/NZ 3123),1,22.0,2021-11-27T17:03:00Z
190293,36A91622-96FD-416A-834D-95064E88C0BA,Granville Civic Centre,-31.34975443971156,115.90479361984762,(Unknown Operator),,1.0,1 Jones Street,Gingin,6503,Three Phase 5-Pin (AS/NZ 3123); Type I (AS 3112),2,18.0,2021-11-27T17:01:00Z
190292,B13D9C38-10B0-4490-B33F-397D769775F6,Gravity Discovery Centre,-31.356129821303917,115.71263310610527,(Unknown Operator),,1.0,1098 Military Road,Gingin,6503,Three Phase 5-Pin (AS/NZ 3123),1,11.0,2021-11-27T16:56:00Z
190291,BE00C827-0598-49AC-B17B-E6FEABB7D7B2,Alan and Eve's Eden,-31.53857963900527,116.07373436553274,(Unknown Operator),Please ring 24 hours in advance,1.0,86 Holstein Loop,Lower Chittering,6084,Three Phase 5-Pin (AS/NZ 3123),1,22.0,2021-11-27T16:51:00Z
190290,7DDF8F74-16A0-45C1-82E2-23D9580BE439,Enderslie B&B,-31.581419541887506,115.98343798965402,(Business Owner at Location),,1.0,15 Peters Road,Muchea,6501,Three Phase 5-Pin (AS/NZ 3123),1,22.0,2023-09-01T07:32:00Z
190288,E7736E3B-C399-4803-A8FE-0A6704CB53BF,Woolworths Northam,-31.653838360245935,116.67275712306093,(Unknown Operator),,1.0,165 Fitzgerald Street,Northam,6401,Three Phase 5-Pin (AS/NZ 3123),1,11.0,2023-08-20T05:57:00Z
190287,4CCE4BB7-B863-4C77-BB87-CA2565666051,Muresk Institute,-31.74992627976492,116.68294107958945,(Unknown Operator),,1.0,Muresk Road,Muresk,6401,Three Phase 5-Pin (AS/NZ 3123),1,11.0,2021-11-27T16:35:00Z
190286,189FB348-26F0-4DBB-AC72-5B796B2BA5DF,Laurelville Manor,-31.890257051674716,116.7767352171943,(Unknown Operator),,1.0,18 Panmure Street,York,,Three Phase 5-Pin (AS/NZ 3123),1,11.0,2021-11-27T16:30:00Z
190283,C903B743-637C-4164-9D87-025A965F0854,Beverley Agricultural Showground,-32.105142349587666,116.92652187873722,(Unknown Operator),Speak to the shire,1.0,Forest Street,Beverley,6304,Three Phase 5-Pin (AS/NZ 3123),1,11.0,2021-11-27T16:21:00Z
190282,CD53508E-D17C-4E6C-9E4C-E9BB1E0008A1,Quairading Community Resource Centre,-32.011587852764045,117.40044403326306,Exploren,See Exploren app.,2.0,1 Parker Street,Quairading,6383,Type 2 (Socket Only),1,22.0,2024-03-08T07:28:00Z
190281,3BEE1D82-BE13-4C51-9971-A4C382DCDE87,Corrigin Hotel,-32.33053209732362,117.87400878811326,(Unknown Operator),Please introduce yourself to the proprietor and pay for your power,1.0,17 Walton St,Corrigin,6375,Three Phase 5-Pin (AS/NZ 3123),1,17.0,2021-11-27T16:10:00Z
190280,67FF7818-0F3A-4D19-892B-61A265FDC582,Freebairn Recreation Centre,-32.66897565706384,118.16121384503646,(Unknown Operator),,1.0,Kulin-Lake Grace Road,Kulin,6365,Three Phase 5-Pin (AS/NZ 3123),1,22.0,2021-11-27T16:01:00Z
190279,2CE55E6F-DFE5-4DE7-AA89-BF039E7FF7C2,Hannan Street Parking,-30.748154235887043,121.47147200622675,(Unknown Operator),,1.0,272 Hannan Street,Kalgoorlie,6432,Three Phase 5-Pin (AS/NZ 3123),1,11.0,2021-11-27T15:53:00Z
190278,DC932E81-0AE3-40C7-9D9A-8A12973E3615,The View On Hannans,-30.75181001068328,121.4673604447338,(Unknown Operator),,1.0,430 Hannan Street,Kalgoorlie,6432,Tesla (Model S/X); Three Phase 5-Pin (AS/NZ 3123),2,22.0,2021-11-27T15:49:00Z
190277,42913657-069A-4710-BDD4-4AC3715F4BB1,Goldfields Rewinds,-30.774794590528153,121.4411344975328,(Unknown Operator),,1.0,41 Great Eastern Highway,West Kalgoorlie,6430,Three Phase 5-Pin (AS/NZ 3123),1,22.0,2021-11-27T15:38:00Z
190276,4DB19ADC-871D-4408-9E28-481C2F1B7991,Koora Retreat,-31.26144170839072,120.0211535311152,(Unknown Operator),Donation per kwh for charging,1.0,Koorarawalyee Siding,Boorabbin,6429,Tesla (Model S/X); Three Phase 5-Pin (AS/NZ 3123); Type I (AS 3112),3,22.0,2021-11-27T15:32:00Z
190275,8FE199E3-B570-4744-B23A-7C4BA0075A6A,Leinster Oval,-27.914210013189305,120.69785944182411,(Unknown Operator),,1.0,Link Road,Leinster,6437,Three Phase 5-Pin (AS/NZ 3123),1,22.0,2021-11-27T15:24:00Z
190274,9DB14AFD-A640-46ED-9E7D-7A613975DC96,Eighty Mile Beach Caravan Park,-19.756167699546978,120.6712445688542,(Unknown Operator),Discuss with management,1.0,Eighty Mile Beach Caravan Park,Eighty Mile Beach,6721,Three Phase 5-Pin (AS/NZ 3123); Type I (AS 3112),2,17.0,2023-07-17T17:05:00Z
190273,12957719-B087-4766-ABB9-6151CF735773,Tom Price Oval,-22.6944253139324,117.7976779545387,(Unknown Operator),,1.0,21 Stadium Road,Tom Price,6751,Three Phase 5-Pin (AS/NZ 3123),1,11.0,2021-11-27T15:09:00Z
190272,9D76E478-2630-4BD9-9649-FE86356AE99D,Kiwirrkurra Community,-22.818475587637863,127.76375975279711,(Unknown Operator),Contact CSM on 08 8956 4975 in business hours to discuss access,1.0,,Gibson Desert North,0872,Three Phase 5-Pin (AS/NZ 3123),1,17.0,2021-11-27T15:00:00Z
190268,11014BA7-BC40-4611-933E-75D48DD66A43,Mundrabilla Roadhouse,-31.81757472492606,128.22465075582477,(Business Owner at Location),$40 flat fee for casual day use. Free if staying in the Motel.,1.0,Mundrabilla Roadhouse,Mundrabilla,6443,Three Phase 5-Pin (AS/NZ 3123),1,11.0,2022-12-01T07:06:00Z
190267,9C347DB0-C59B-47E8-8D1A-F3A659BAD7CE,Lancelin Supercharger,-31.020579082688826,115.33236022088863,Tesla (Tesla-only charging),$0.59 per kWh,3.0,Rock way,Lancelin,6044,CCS (Type 2),1,250.0,2023-10-09T01:48:00Z
190266,84B299BD-5587-4FBB-8869-91F511942C08,Madura Pass Oasis Motel,-31.899686609043975,127.02050258563054,(Business Owner at Location),Payment Required 3 phase $10/hour donation to the RFDS. $30 for overnight 15A camping,1.0,Lot 11 Eyre Highway,Madura,6443,CCS (Type 2); Three Phase 5-Pin (AS/NZ 3123),2,22.0,2022-12-01T07:06:00Z
190265,D1D67457-978A-498B-B0F3-AEDFE5F337A7,Wedgetail Inn Hotel,-32.03779869966926,126.097536069625,(Unknown Operator),,1.0,"Wedgetail Inn Hotel, Eyre Highway",Cocklebiddy,6443,Three Phase 5-Pin (AS/NZ 3123),1,11.0,2022-09-12T04:16:00Z
190264,3D2B6775-64CB-44F9-A031-950B4C887CEC,Badgingarra Oval (Shire of Dandaragan),-30.38955480041914,115.50103045411913,(Unknown Operator),Drivers are urged to donate to the tin at mini golf.,1.0,Meagher Drive,Badgingarra,6521,Three Phase 5-Pin (AS/NZ 3123),1,11.0,2021-11-27T12:06:00Z
190261,39F1EFD5-9596-4DB2-9276-9DEE282E54B2,Railway Pavilion,-28.346488542672155,116.68292951911161,(Unknown Operator),,1.0,Piesse Street,Yalgoo,6635,Three Phase 5-Pin (AS/NZ 3123),1,22.0,2021-11-27T12:06:00Z
190260,DD8944FE-F8FC-4162-B4B4-4E166BBA78F0,Mingenew Sports Oval,-29.19978237316348,115.44807728352731,(Unknown Operator),,1.0,Mingenew Turf club,Mingenew,6522,Three Phase 5-Pin (AS/NZ 3123),1,17.0,2021-11-27T12:06:00Z
190259,E5EB271D-D073-473B-926E-286818DEC1FC,Denham Foreshore,-25.927353943905715,113.5320663505035,(Unknown Operator),Contact Shark Bay council,1.0,27 Knight Terrace,Denham,6537,Three Phase 5-Pin (AS/NZ 3123),1,11.0,2021-11-27T12:07:00Z
190258,AD36742C-CD14-442B-93E3-0D1AD3CC43E6,Carnarvon Oval,-24.883633681713803,113.65833207100462,(Unknown Operator),Contact Shire,1.0,6 Egan Street,Carnarvon,6701,Three Phase 5-Pin (AS/NZ 3123),1,11.0,2021-11-27T12:07:00Z
190257,B63876E0-DD98-455A-827D-CADB85725317,Carnarvon Motel,-24.88005803783514,113.65299955178068,(Unknown Operator),,1.0,34 David Brand Drive,Brockman,6701,Tesla (Model S/X); Three Phase 5-Pin (AS/NZ 3123),3,22.0,2021-11-27T12:07:00Z
190256,CFEAE545-8739-490A-9628-C8E703234AEE,RAC Ningaloo Resort Coral Bay,-23.144227510437986,113.76901776432487,(Unknown Operator),,1.0,1 Robinson Street,Coral Bay,6701,Three Phase 5-Pin (AS/NZ 3123),1,14.0,2021-11-27T12:08:00Z
190255,7BED31AC-8546-4900-8360-F385EE8F6ABF,Beadon Creek boat ramp,-21.6496497447405,115.13157408980976,(Unknown Operator),,1.0,Beadon Creek road,Onslow,6710,Three Phase 5-Pin (AS/NZ 3123),1,11.0,2021-11-27T12:08:00Z
190254,5AF2C928-564E-42F1-994C-E6820CCC762F,Art Centre Karratha Car Park,-20.737344733908344,116.84538655743881,(Unknown Operator),,1.0,27 Welcome Road,Karratha,6714,Three Phase 5-Pin (AS/NZ 3123),1,11.0,2023-07-17T00:19:00Z
190253,E7CC1B17-F4F1-431D-8011-482BBE7F1BDB,Whim Creek Hotel,-20.840156886165104,117.83576497936053,(Unknown Operator),Discuss with hotel,1.0,Whim Creek Hotel,Whim Creek,6718,IEC 60309 5-pin,1,7.0,2021-11-27T12:08:00Z
190252,8FFD5D3C-63BD-456B-8B3B-D14F46D92C64,The Walkabout,-20.376883684124465,118.63530730006084,(Unknown Operator),Discuss with Management,1.0,Lot 944 Greate Northern Highway,Port Hedland,6721,Three Phase 5-Pin (AS/NZ 3123),1,22.0,2021-11-27T12:08:00Z
190248,5E5D9896-A6F9-41B9-9160-575C1666EAB9,Port Smith Caravan Park,-18.51736385718948,121.81578579903896,(Unknown Operator),,1.0,Port Smith Road,Lagrange,6725,Three Phase 5-Pin (AS/NZ 3123),1,11.0,2021-11-27T12:08:00Z
190247,31E49EBC-1905-4651-AF41-DF3F14434798,Eco Beach Resort,-18.330537139663903,122.08216969258012,(Unknown Operator),,1.0,323 Station,Broome,6725,Tesla (Model S/X); Three Phase 5-Pin (AS/NZ 3123),2,17.0,2021-11-27T12:08:00Z
190246,67139D01-7CC8-4BB2-9F27-913BEA361BA2,Jetty Road Derby,-17.29234904924742,123.611030661104,(Unknown Operator),,1.0,,Derby,6728,Three Phase 5-Pin (AS/NZ 3123),1,22.0,2021-11-27T12:08:00Z
190245,B2410AD2-C51D-47AB-B279-C1EF1D1AB072,277 Great Northern Highway,-18.21063715086703,125.58171764898941,(Unknown Operator),,2.0,,Fitzroy Crossing,6765,Tesla (Model S/X); Three Phase 5-Pin (AS/NZ 3123),2,22.0,2021-11-27T12:09:00Z
190244,A1FBF808-6B44-4F7B-8D52-EB4EE7ACE98E,Larrawa Nature Stay,-18.79951570622832,126.53772646651475,(Unknown Operator),,1.0,Great Northern Highway,Halls Creek,6770,Three Phase 5-Pin (AS/NZ 3123),1,11.0,2021-11-27T12:09:00Z
190243,25178455-0FC4-438F-BB61-D5C2233EF8B3,Halls Creek Toyota,-18.22464744998622,127.67171880504202,(Unknown Operator),$0.385 per kWhr,1.0,137 Duncan Road,Halls Creek,6770,Three Phase 5-Pin (AS/NZ 3123),1,11.0,2021-11-27T12:09:00Z
190242,0F7A28CF-2F8F-483F-AE9D-A447311FB69D,Halls Creek Motel,-18.2231223237778,127.6706506236855,(Unknown Operator),,1.0,198 Great Northern Hwy,Halls Creek,6770,Three Phase 5-Pin (AS/NZ 3123),1,11.0,2021-11-27T12:09:00Z
190241,15B6A5AB-06A0-4144-BCFF-68DB30827A82,Parry Creek Farm Tourist Resort,-15.597331659529445,128.27863456119962,(Business Owner at Location),,1.0,Great Northern Highway,Wyndham,6740,Three Phase 5-Pin (AS/NZ 3123),1,11.0,2021-11-27T12:09:00Z
190225,7EA6A2D4-20AD-4C4B-8C4B-E1616AE4725D,NRMA Ballina,-28.857574508961363,153.56173216616514,Chargefox,"Ultra-Rapid: $0.60/kWh, Rapid: $0.40/kWh",3.0,44 Bangalow Road,Ballina,2478,CCS (Type 2); CHAdeMO,3,84.0,2023-07-13T11:04:00Z
190224,348172F0-B570-4C33-9D5E-C3396729B4A4,Tyndale Shell Roadhouse,-29.56068494254326,153.14908373979097,Evie,$0.60,2.0,2848 Big River Way,Tyndale,2460,CCS (Type 2); CHAdeMO,2,350.0,2023-07-16T22:10:00Z
190155,ECA22A4A-7791-4B0E-A472-611A9125FFB6,Empower Solar,-32.06248946683628,115.91689053182301,(Unknown Operator),Free,2.0,Ernest Clark Road,Canning Vale,6155,Tesla (Model S/X); Type 2 (Tethered Connector) ,2,22.0,2024-07-30T02:35:00Z
190075,D0119D22-F76A-46EE-8541-3FDB8D89BE9F,Paraburdoo DC Charger,-23.19899524196431,117.67077778123866,(Unknown Operator),Free,1.0,Lot 86,Paraburdoo,6754,CCS (Type 2); CHAdeMO; Three Phase 5-Pin (AS/NZ 3123),3,50.0,2023-06-12T00:29:00Z
190067,310749BD-3842-4FA8-9FE8-6B1324E1D528,Malvern Springs McDonalds,-31.765279789604662,115.98624964029767,Chargefox,Free,2.0,Maffina Parade,Malvern Springs,,Type 2 (Socket Only),1,22.0,2021-11-18T06:33:00Z
190055,68245FEC-3BBD-4DCA-83F5-706AB0CE7E7D,Eden Gardens,-33.78064947709375,151.13421887082995,(Unknown Operator),Free,2.0,Eden Gardens,Macquarie Park,2113,Type 2 (Tethered Connector) ,1,8.0,2021-11-16T17:44:00Z
190054,5343181F-A27A-43BA-BA9A-0A323ABD049F,Hillcrest Road,-33.73724500047699,151.07106994908884,Exploren,Free,2.0,Hillcrest Road,,2120,Type 2 (Socket Only),1,9.0,2023-12-18T10:09:00Z
190053,18C2366D-74E4-4AF4-A2D6-C61A736D5D9B,Giffnock Avenue,-33.78254134090367,151.1230831406915,(Unknown Operator),Free,1.0,22 Giffnock Avenue,Macquarie Park,2113,Type 2 (Socket Only),1,22.0,2021-11-17T09:59:00Z
190044,DB5D9486-DD3E-49A8-B93B-7F91CC02030B,Greenvale Woolworths,-37.616202335824184,144.91476338954578,(Unknown Operator),,2.0,200 James Mirams Drive,Roxburgh Park,3064,Type 2 (Socket Only),1,22.0,2021-11-16T08:29:00Z
190043,947E8142-40A7-4C09-AAD1-C48D62080009,Oak Park Sports & Aquatic Centre,-37.7234502505038,144.92111987538624,Chargefox, Free to use for 3 hour sessions,3.0,563 Pascoe Vale Road,Oak Park,3064,Type 1 (J1772); Type 2 (Socket Only),2,22.0,2023-07-13T11:07:00Z
190041,39D33F0E-1F5B-4F4D-B03A-AF27592828FC,Macquarie University X6A Banksia Cottage,-33.77520838069468,151.1095032126692,Chargefox,See App,6.0,Car Park W3 near X6A Banksia Cottage,Macquarie University,2109,Type 2 (Socket Only),1,12.0,2025-01-06T17:07:00Z
190033,E665ED92-F2A0-4859-9193-4471B10B91D6,Stripey Sundae,-35.19209630184098,149.08502581992445,(Unknown Operator),,1.0,11 O'Hanlon Pl,Nicholls ,2913,Type 2 (Socket Only),1,7.0,2026-07-09T03:14:00Z
190005,7F10EFAA-C2DB-47C4-BD3A-ADEE04F6A607,Banjo Paterson Park [NRMA],-34.84109672768463,148.9124467852405,NRMA,FREE,1.0,81 Meehan Street,Yass,2582,CCS (Type 2); CHAdeMO,2,50.0,2021-12-19T02:14:00Z
190003,0696A731-9E66-4C06-BB03-C3AB9A08F696,Sydney Road,-34.74788823042669,149.7496208332201,NRMA,$0.64 / kWh,4.0,Sydney Road,Goulburn,2580,CCS (Type 2),1,210.0,2026-07-15T01:58:00Z
190000,A9E96D2D-5374-4DAA-8898-F43D1D60AFF5,Brimbank Shopping Centre,-37.751176222078364,144.77432972140224,Chargefox,Free,1.0,28-72 Neale Road,Deer Park,3023,Type 2 (Socket Only),1,22.0,2023-07-13T11:05:00Z
189998,0FB80303-953B-4CE6-8B91-154361287740,McDonald’s Melton South,-37.7224393461178,144.57233401223442,Evie,$AU 0.40/kWh,2.0,179-253 Exford Road,Weir Views,3338,CCS (Type 2); CHAdeMO,4,50.0,2023-07-06T20:52:00Z
189997,74112AC3-F4F1-4301-9A34-063B27D0206C,Shell Coles Express Taylors Lakes,-37.69674197545634,144.78205236033568,Evie,$AU 0.60/kWh,2.0,410 Melton Highway,Taylor Lakes,3038,CCS (Type 2); CHAdeMO,2,350.0,2023-07-06T20:52:00Z
189983,4BBAD787-C1E9-4345-81D4-99667483B702,Goulburn Visitor Information Centre,-34.75614119383021,149.72056166468496,(Unknown Operator),,1.0,201 Sloane St,Goulburn,2580,Type 2 (Tethered Connector) ,1,7.0,2021-11-15T08:13:00Z
189982,C45E8C09-21CA-4C16-B8F0-D02F6D47EC7C,Best Western Plus Goulburn,-34.74763966952328,149.72931043349024,(Unknown Operator),,2.0,77 Lagoon St,Goulburn,2580,Type 2 (Tethered Connector) ,1,22.0,2021-11-15T08:11:00Z
189882,7A34B6C5-FF09-43F9-9047-B254BA9E3DC6,The Sandalwood Cafe,-34.92404614123427,117.7908841103324,Tesla (Tesla-only charging),,1.0,2 Down Road,Albany,,Tesla (Model S/X),1,22.0,2021-11-08T21:52:00Z
189753,0932BD95-ED59-48B1-A47E-57FB32232B1E,Pilmuir (self catering),57.26298370746983,-3.7398900681177736,(Unknown Operator),,1.0,Drumuillie,,,Type 2 (Socket Only),1,7.4,2021-11-02T09:24:00Z
189751,A01B2BEF-47FB-4824-BBBE-6BE0CC2E119A,RACV Ballarat,-37.5612351886418,143.86250844804772,Chargefox,,4.0,Davies Street,Ballarat,3350,CCS (Type 2),1,350.0,2025-01-24T09:21:00Z
189750,237B0647-0A2F-4B19-B942-C52C0B2D2EC1,Uni Hill Town Centre,-37.682971406829196,145.07101659256762,Evie,$0.40 / Kwh,2.0,19 Graduate Drive,Bundoora,3082,CCS (Type 2); CHAdeMO,4,50.0,2023-07-06T20:53:00Z
189748,9396B662-B62B-4409-B868-DBE2057FE2F7,Brunswick EV Hub,-37.77388003814904,144.961800631472,Chargefox,Free,4.0,15 Edward Street,Brunswick,3056,CCS (Type 2); Type 2 (Socket Only),2,80.0,2023-07-05T13:16:00Z
189747,28E666F2-C928-40CA-88E3-BFE8DBCE1ABF,Coburg Civic Centre / Moreland City,-37.74104152020631,144.9701497464091,Chargefox,Free,4.0,90 Bell Street,Coburg,3058,CCS (Type 2); CHAdeMO; Type 2 (Socket Only),3,50.0,2023-07-05T19:37:00Z
189745,8ACF4D0C-575C-456F-B1EB-7C163E4395A1,Coburg North EV Fast Charge,-37.71893760420672,144.9615007076203,Chargefox,Free to use for a 1 hour session.,1.0,11 Boundary Road,Coburg North,3058,CCS (Type 2); CHAdeMO,2,50.0,2023-07-15T07:27:00Z
189744,97A5BD2D-4CAA-46AA-8DD8-F26F2EED4501,CB Smith Reserve,-37.70252995850394,144.9695198384195,Chargefox,Free,1.0,99 Jukes Road,Fawkner,3060,CCS (Type 2); CHAdeMO,2,25.0,2023-07-05T13:15:00Z
189742,7BF77223-C294-44D1-8C60-FEE70DE04C79,Heatherton Road,-37.97128123711468,145.2236965774951,Evie,$0.60 / kWh,2.0,Heatherton Road,Dandenong,3175,CCS (Type 2); CHAdeMO,2,350.0,2023-07-06T20:53:00Z
189741,FE59EFC9-DDE7-4914-BC78-D54DB67C7A27,Research Way - N1 Carpark,-37.90730011409977,145.13207788768955,(Unknown Operator),Free,2.0,Research Way,,3800,CCS (Type 2); CHAdeMO; Type 2 (Tethered Connector) ,3,50.0,2021-11-02T09:30:00Z
189635,ADCB0B6B-7919-4389-BF44-34C5F8DE188B,EastLand Shopping Centre,-37.81312694411209,145.22883198929685,Tesla (Tesla-only charging),,4.0,Maroondah Highway,Melbourne,3134,Type 2 (Tethered Connector) ,1,22.0,2021-10-21T10:56:00Z
189634,1118DD0F-77EF-4751-A8FD-15FCCE70106F,RACV - Horsham,-36.711118864173116,142.20194581205692,Chargefox,,4.0,126 Baillie St,Horsham,3400,CCS (Type 2); CHAdeMO,4,350.0,2023-07-04T14:52:00Z
189632,49DF3717-0F32-434D-9EE6-FB9F5FB28A3D,Lochiel Street,-36.45471075819277,142.02591791324858,(Unknown Operator),,1.0,Lochiel Street,Dimboola,3414,Type 2 (Socket Only),1,22.0,2021-10-21T13:42:00Z
189631,C14CCAF2-8746-47E4-8DBC-477A1A00D5C9,Elizabeth Park,-37.28172500035981,142.93062886065638,(Unknown Operator),0,2.0,62 High St,Ararat,3397,Type 2 (Socket Only),1,22.8,2021-10-21T11:18:00Z
189315,44BDA7C7-7E04-4435-947E-59E475D80114,Public Area Kulin,-32.67002628100579,118.15563161863884,(Unknown Operator),,1.0,49 Johnston Street,Kulin,6365,Tesla (Model S/X); Three Phase 5-Pin (AS/NZ 3123),2,22.0,2021-11-27T15:58:00Z
189036,5D3AC45D-7A6B-4B95-8841-C675DB0AEE0F,Watergardens Shopping Centre,-37.69870942833684,144.77527685160192,(Unknown Operator),,3.0,399 Melton Highway,Sydenham,3037,Type 2 (Socket Only),1,22.0,2021-09-02T14:45:00Z
189033,F1D4EF65-6A36-48F2-96C3-30E340696ABB,Hungry Jacks,-37.58083462151804,144.72450043278604,GET Electric (AU),$0.25/kWh,2.0,27 Gap Road,Sunbury,3429,Type 2 (Socket Only),1,11.0,2022-12-24T21:17:00Z
189018,FFEE88BB-C68E-4220-92F6-086C2CD1CBE8,Broome Visitor Center,-17.95354350836439,122.24114298192785,(Unknown Operator),Free,1.0,Hamersley Street,Broome,6725,Type 2 (Socket Only),1,7.0,2021-09-01T15:26:00Z
188496,FC62FC52-1E91-4557-A85A-891C7AA2E251,Karrinyup Centre,-31.877110016292697,115.7766884375718,Tesla (Tesla-only charging),0.51c / kWhr plus $1/min idle fee,6.0,200 Karrinyup Road,Perth,6018,CCS (Type 2),1,250.0,2023-10-09T01:47:00Z
176298,481B059C-F2C8-47E6-933F-493FB0759977,Stockland Harrisdale,-32.1275513,115.9276093,Chargefox,Free,2.0,Lafayette Avenue,Perth,6112,Type 2 (Socket Only),2,7.0,2021-07-04T07:13:00Z
176173,6F51F6E0-6A26-4207-8D4D-DF7A9EAA4FFD,Ocean West Holiday Units ,-28.791720261746377,114.60989406856584,(Unknown Operator),Free,1.0,1 Hadda Way,Geraldton,6531,Tesla (Model S/X); Three Phase 5-Pin (AS/NZ 3123),2,22.0,2021-11-27T12:01:00Z
175886,9802C80C-24AA-4132-875D-80AD0A5535EE,Pemberton Fast Charger ,-34.443958291194164,116.03592151577095,Chargefox,$0.45 per kWh ,1.0,Brockman Street,Pemberton,6260,CCS (Type 2); CHAdeMO; Type 2 (Socket Only),3,50.0,2021-07-14T13:41:00Z
175885,1F96BA05-A60B-4027-BBAE-C787E9901467,Karri Valley RAC Resort ,-34.42027613180135,115.85053322429985,(Unknown Operator),$0.45 per kWh ,2.0,Vasse Highway,,,Type 2 (Socket Only),2,22.0,2021-06-17T21:26:00Z
175694,529B986A-6081-48F6-9A00-00F1E5B08A2B,Nowendoc General Store,-31.51342872168202,151.71798157900275,(Unknown Operator),,1.0,Nowendoc Road,Nowendoc,2354,Unknown,1,13.3,2021-06-07T11:23:00Z
175665,5227A429-33CD-42F7-8157-DC8A67B84B82,"Pacific Fuels, Drayton",-27.591010565674807,151.9153942255773,Chargefox,$0.30/kWh,1.0,382 ANZAC Avenue,Toowoomba,4350,CCS (Type 2); CHAdeMO,2,50.0,2023-07-13T22:15:00Z
175607,8832F6B4-0132-43AC-8866-0B9C6F1EFBC1,Curtin University Future Battery Industries,-32.01014423473439,115.89408682148053,(Unknown Operator),"Parking cost $2.55 per hour during office hours, $1.00 per hour otherwise. ",1.0,C7,Perth,6102,CCS (Type 2); CHAdeMO,2,24.0,2021-12-01T06:30:00Z
175300,6FDE7CD2-199B-4F71-B8BB-34B2AE70FA9A,Byford McDonalds ,-32.20781033484258,115.9786323921769,Chargefox,$0.22 per kWh,4.0,Thomas at Kardan,Byford,6122,Type 2 (Socket Only),2,22.0,2023-05-31T13:43:00Z
175224,5921C538-EADA-4971-98FF-258A9BDB6B32,Byford Hungry Jacks,-32.222227005760224,116.009671395635,Tesla (Tesla-only charging),Free,2.0,1 Beenyup Rd,Byford,6122,Tesla (Model S/X),1,22.0,2021-11-08T21:37:00Z
175167,95CACD99-5083-43D0-A2F9-168BC17DDB78,Williams Supercharger,-33.0246396689368,116.87898753225318,Tesla (including non-tesla),Tesla Supercharger Cost,3.0,Richardson Street,Williams,6391,CCS (Type 2),1,250.0,2023-10-09T01:47:00Z
174956,55A2A28B-7582-45FC-88CA-FF422FBD44E7,Orana McDonalds,-34.992431565802164,117.85606118764076,Chargefox,$0.25 per kWh,2.0,475 Albany Highway ,Orana,6330,Type 2 (Socket Only),1,22.0,2021-06-06T21:06:00Z
174474,A724FB88-4AF6-4255-ABE4-CB0F77E39911,Armstrong Creek Shopping Centre,-38.22890721146294,144.3389741604601,(Unknown Operator),Free,2.0,540 Torquay Rd,Armstrong Creek,3216,Type 2 (Socket Only),1,7.0,2022-12-21T06:25:00Z
174394,3EA23016-10E3-40D4-ACDE-68B3780119D6,Jerramungup Caravan Park ,-33.94303012312629,118.92107406503692,(Unknown Operator),$0.50 per kWh,1.0,Moorshead Street,Jerramungup,6337,Type 2 (Tethered Connector) ,1,22.0,2021-03-28T12:19:00Z
174349,7D35F3AF-F427-4948-B750-393F74DAC4FC,Auski Tourist Village,-22.376952822011987,118.69077381915235,(Unknown Operator),Free,1.0,Auski Tourist Village,,,Three Phase 5-Pin (AS/NZ 3123),1,11.0,2021-03-24T17:53:00Z
173908,D4502662-89C9-49FF-A108-41308FB989C6,Evie Networks - Brighton,-42.700694,147.250937,Evie,60c/kWh,2.0,146 Brighton Road,Brighton,7030,CCS (Type 2); CHAdeMO,2,350.0,2023-07-12T13:47:00Z
172921,5F6B8268-C957-4203-9FB8-3A5181817B03,Port Macquarie Service Centre [Chargefox],-31.463751231214047,152.82172752510883,Chargefox,"$0.60/kWh, 20% discount for NRMA members",2.0,1063 Oxley Highway,Thrumster,2444,CCS (Type 2); CHAdeMO,2,350.0,2026-09-01T11:39:00Z
172920,77EEA0C9-CFCE-4310-9D25-D74AE428CD35,Sovereign Place [NRMA],-31.458281139153392,152.8274557327511,NRMA,$0.64/kWh,2.0,John Oxley Drive,Thrumster,2444,CCS (Type 2),1,50.0,2026-07-14T23:42:00Z
172919,D805A115-0865-4324-8E6F-CE4151514625,Karuah [Chargefox],-32.654035826022145,151.96245572258226,Chargefox,$0.45 - $0.60/kWh,3.0,403 Tarean Road,Karuah,2324,CCS (Type 2); CHAdeMO,3,350.0,2024-05-28T05:36:00Z
172854,9F8D9A01-7A60-499C-AEEE-DC7904F9EBB3,Cradle Mountain Visitor Centre,-41.580407,145.938367,(Business Owner at Location),Free,1.0,4057 Cradle Mountain Road,,7306,Type 2 (Socket Only),1,11.0,2021-02-20T00:56:00Z
172853,A31B7239-C960-46A5-A371-0D37A8C50932,Bischoff Hotel,-41.442649,145.526853,(Business Owner at Location),Free,2.0,20 Main Rd,Waratah,,Tesla (Model S/X); Type 2 (Socket Only),2,8.0,2021-02-20T00:51:00Z
172852,61EA3D56-46C9-4B8F-B221-FD5BE1C4C30C,Coffs Harbour [Chargefox],-30.31779254465217,153.08970357206374,Chargefox,$0.60/kWh,2.0,Pacific Highway,North Boambee Valley,2450,CCS (Type 2); CHAdeMO,2,350.0,2023-07-13T22:16:00Z
172837,E516F319-8682-4E5C-8822-E05A2C76411F,Paradise Country Farmstay,-27.9130134499947,153.30421447000026,Queensland Electric Super Highway,,1.0,Paradise Country,Gold Coast,4210,Type I (AS 3112),2,3.6,2021-02-19T11:49:00Z
172836,4AA82833-E15D-4594-B34E-79A801D3BD17,QESH Slacks Creek (IKEA Logan),-27.637474767788774,153.13549712588133,Queensland Electric Super Highway,$0.30 per kWh,1.0,IKEA,Logan City,4127,CCS (Type 2); CHAdeMO; Type 2 (Socket Only),3,50.0,2023-07-17T10:34:00Z
172652,24B2A281-860D-42A5-88B5-03D3AA00BFD6,Taree South Service Centre [Evie],-31.94324179696902,152.4706408423865,Evie,$0.60/kWh,4.0,Manning River Drive,,2430,CCS (Type 2); CHAdeMO,2,350.0,2023-07-15T13:54:00Z
172641,2932899A-8F7F-4BE1-AD79-59610AEC73DC,Electric Highway Tasmania - Swansea,-42.123706,148.075201,Electric Highway Tasmania,25c/kWh + 25c/min,2.0,Noyes St,Swansea,,CCS (Type 2); CHAdeMO; Type 2 (Socket Only),3,50.0,2023-07-15T07:23:00Z
172373,18E17AA4-21C8-4F97-9977-D14B342B0BA0,Kawana Shopping World,-26.704325392220312,153.13172509725268,Chargefox,Free,2.0,20 Bermagui Crescent,Buddina,4575,Type 2 (Tethered Connector) ,1,7.0,2023-07-13T22:18:00Z
172362,9CCB39EC-1461-46B5-8FFE-1904A28B753C,Helensvale QESH,-27.923656750179823,153.33893758482532,Queensland Electric Super Highway,$0.30 per kWh,1.0,Railway station carpark,Helensvale,4212,CCS (Type 2); CHAdeMO; Type 2 (Socket Only),3,50.0,2023-07-29T09:55:00Z
172361,39707D5C-22DD-4099-AA3D-A61963867A27,BWS Forest Glen,-26.6871348,153.0042754,Queensland Electric Super Highway,20c/kWh,1.0,347 Mons Road,Forest Glen,4556,CCS (Type 2); CHAdeMO; Type 2 (Socket Only),3,50.0,2023-07-17T13:40:00Z
172360,54672233-6D99-4376-96AC-23494A8035DB,Coles North Buderim,-26.6628832,153.0503206,Evie,0.40 per kWh,3.0,141 Jones Road,Buderim,4556,CCS (Type 2); CHAdeMO; Type 2 (Socket Only),3,50.0,2023-07-15T13:20:00Z
172242,CBCE3943-395E-42E5-BF3C-2DD4CAABB1F0,Busselton Central ,-33.650757506043476,115.34189703524089,Tesla (Tesla-only charging),,2.0,30 Kent St,Busselton,,Type 2 (Tethered Connector) ,2,32.0,2024-01-25T06:11:00Z
172234,A3D90139-AF9C-4F1C-9929-2FAAD3116AE8,TasPorts - Fishermans Market,-42.881781,147.333368,(Business Owner at Location),Free,1.0,Davey Street,Hobart,7001,Type 2 (Socket Only),1,22.0,2021-01-24T02:31:00Z
172233,2B3928A4-B6EB-4C21-AC50-257690677781,TasPorts - Hunter Street,-42.88166757453731,147.33553637293267,(Business Owner at Location),Free,1.0,Hunter Street,Hobart,7001,Type 2 (Socket Only),1,22.0,2021-01-24T02:29:00Z
172232,49B06ABF-C858-4EB5-A2C2-0561FE4EFE0B,EHT - St Helens,-41.322949,148.248273,Electric Highway Tasmania,25c/kWh + 25c/min,2.0,Bowen Street,St Helens,,CCS (Type 2); CHAdeMO; Type 2 (Socket Only),3,50.0,2023-07-14T14:28:00Z
172181,FCBAB1F4-380D-43FD-8A3D-0AF50DD9B8CA,Kulin Caravan Park ,-32.667453883476426,118.15772042453,(Unknown Operator),,1.0,Kulin-Lake Grace Road,Kulin,6365,Type 2 (Tethered Connector) ,1,22.0,2021-11-27T16:02:00Z
172031,2B1DA31F-B7F7-4B2D-84CD-6737ADE4C3F4,Monkey Mia Resort ,-25.795073267849816,113.71896975818015,(Business Owner at Location),Ask at site ,,Monkey Mia Road,Shire Of Shark Bay,6537,Three Phase 5-Pin (AS/NZ 3123),1,22.0,2023-07-21T02:02:00Z
172030,91A7A17D-70E2-4898-868B-6FC40B2E4999,Oceans Restaurant,-25.980244900682365,113.55941698472748,(Business Owner at Location),As at site,1.0,"1, Ocean Park Road",Denham,6536,Type 2 (Tethered Connector) ,1,5.5,2021-01-13T11:44:00Z
171658,5326A78D-8F02-4390-96F9-892B2A713CFE,Byron Shire Carpark,-28.55487684402341,153.502193985046,(Unknown Operator),free,2.0,70-90 Station Street,Mullumbimby,2482,Type 2 (Socket Only),1,22.0,2021-01-09T10:16:00Z
171647,356C3B00-8056-46F5-BFC9-D97EE523CDEE,Woolworths Shell Cove,-34.588308117930936,150.86592718102042,Chargefox,$0.40/kWh ($0.32/kWh for NRMA),2.0,Harbour Boulevarde,Shellharbour,2529,CCS (Type 2); CHAdeMO,2,350.0,2023-07-15T07:37:00Z
171646,6C0C348E-5947-4E32-98E6-0B29D70E7DBF,Wollongong Supercharger,-34.43797320339262,150.8633622012107,Tesla (including non-tesla),$0.69/kWh,6.0,Figtree Grove Shopping Centre,Figtree,2525,CCS (Type 2),1,250.0,2023-08-30T06:17:00Z
171640,125E17A7-1E8E-4CED-83DC-6217AF8B3196,Broome Horizon Power,-17.982599265398918,122.2046047380004,(Business Owner at Location),,1.0,4 McDaniel Road,Broome,6726,Type 2 (Socket Only),1,22.0,2021-01-07T21:48:00Z
171592,E2AA5DA6-494E-411C-A3A5-C4433E9CE4A8,Cable Beach Club,-17.928467796464545,122.21282563816374,(Business Owner at Location),,1.0,28 Cable Beach Rd,Broome ,6725,Tesla (Model S/X); Three Phase 5-Pin (AS/NZ 3123),2,22.0,2021-01-07T21:48:00Z
171316,12CE3722-3537-428D-A77B-49A7CAD7DABB,Wooramel Roadhouse,-25.77005241895108,114.29396280909054,(Unknown Operator),$10 / hour,1.0,Highway 1,Wooramel,,Three Phase 5-Pin (AS/NZ 3123); Type 2 (Tethered Connector) ,2,22.0,2020-12-30T12:56:00Z
171313,D09EFA09-7702-48A0-BF4E-24343D4882D6,Nanutarra Road House,-22.54312510773856,115.5011769289556,Chargefox,As agreed with management,1.0,Highway 1,Nanutarra,,Three Phase 5-Pin (AS/NZ 3123),1,22.0,2023-07-17T00:17:00Z
171146,ABEC3683-8B4F-471B-9FB8-2F5271507588,Maclean Supercharger,-29.427083,153.239167,Tesla (Tesla-only charging),AUD 0.42/kWh;other tariffs for older cars,4.0,56 Morpeth St.,Harwood,2465,CCS (Type 2),1,120.0,2020-12-22T06:35:00Z
171061,1E9DA586-A399-4D1A-8E97-362675090D85,Mount Larcom QESH,-23.810718434831855,150.98006963498256,Queensland Electric Super Highway,$0.30 per kWh,1.0,Raglan Street,Mount Larcom,4695,CCS (Type 2); CHAdeMO; Type 2 (Socket Only),3,50.0,2023-07-17T13:34:00Z
170985,DD76AF4A-D997-4FD6-B0AB-9B0B0497BFD7,The Place @ Warrawong Plaza,-34.486377904198555,150.88795170004096,(Unknown Operator),Free,1.0,King Street,Warrawong,2502,Type 2 (Socket Only),1,22.0,2021-01-08T03:32:00Z
170945,86955E76-2D6C-486E-9008-530C8456145C,City of Kalgoorlie-Boulder Administration Building,-30.7629727825542,121.4561855701744,,Free,1.0,577 Hannan Street,Kalgoorlie,6432,Type 2 (Socket Only),1,22.0,2023-07-13T22:45:00Z
170933,948E46F0-86E9-486E-AFBC-C5C267CE7884,Abbey Farm Road,-33.7168011,115.0462745,Tesla (Tesla-only charging),,2.0,Abbey Farm Road,,,Type 2 (Tethered Connector) ,1,7.0,2021-02-22T06:43:00Z
170824,933379E2-3651-48DE-8908-41F401AAF5B4,Armidale Visitors Centre,-30.511645241125954,151.66954542599308,NRMA,Currently free but will be fee at some point.,1.0,82 Marsh Street,Armidale,2350,CCS (Type 2); CHAdeMO,2,50.0,2020-12-11T13:42:00Z
170773,84A8D170-5C31-494C-8C06-F62FA6C93BE4,Hyden Travel Stop,-32.44812974278317,118.86719516419817,,$0.40,1.0,Marshall Street,Hyden,,Three Phase 5-Pin (AS/NZ 3123),1,22.0,2023-07-13T22:47:00Z
170771,5628EA19-5AAF-4188-A34A-DDC0B6301C1B,Bremer Bay Resort ,-34.39798497010463,119.38183267909346,(Business Owner at Location),Free for customers ,2.0,Frantom Way,Bremer Bay,,Type 2 (Tethered Connector) ,1,22.0,2021-12-31T02:29:00Z
170770,A7912196-49B4-4A5C-A81F-CC9F1F0B60ED,Albany City Visitors Center ,-35.02317787640003,117.8822800393666,Tesla (Tesla-only charging),Free,1.0,Collie Street,Albany,6330,Tesla (Model S/X),1,22.0,2021-11-08T21:44:00Z
170665,C63AAA9E-86C1-49E4-8FF2-27AE8F748641,Ravensthorpe Caravan Park,-33.578686168911844,120.05342847525014,(Unknown Operator),"$1.00 per kWh, $10 minimum",2.0,2 Elston Street ,Ravensthorpe,6346,Three Phase 5-Pin (AS/NZ 3123); Type 2 (Tethered Connector) ,2,22.0,2022-01-14T03:14:00Z
170664,FC73A266-240A-4349-A233-20428820E3CB,Munglinup Road House ,-33.70473909585485,120.86050338886241,(Unknown Operator),$.50 per kWh,1.0,Tubada Street,Munglinup,,Three Phase 5-Pin (AS/NZ 3123),1,22.0,2021-06-06T21:17:00Z
170663,851E3237-0DD5-43A7-B3A9-CC8FB68EE8B8,Esperance Horizon Power,-33.84413484580914,121.88301724075569,Chargefox,Free,2.0,143 Sims Street ,Chadwick ,6450,Type 2 (Socket Only),1,22.0,2023-09-17T01:55:00Z
170607,B5623EDC-557D-4ED6-8056-6F14EF6E8E16,Ampol Woolworths MetroGo Seven Hills,-33.767099,150.954883,Evie,$0.60 per kWh,2.0,38 Abbott Rd,Seven Hills,2147,CCS (Type 2),1,300.0,2026-06-15T09:28:00Z
170600,5A5239E0-A3FA-4E26-ADC0-4E5120892549,Multi-storey Car Park,-41.177518,146.359337,Electric Highway Tasmania,25c/kWh + 25c/min,2.0,Fenton Way,Devonport,7310,CCS (Type 2); CHAdeMO; Type 2 (Socket Only),3,50.0,2023-07-15T07:22:00Z
170276,4DE077AB-B7A8-43EB-9D26-82906FF5E6C8,Ross's Discount Home Center,-31.899460299819353,115.97636233048627,Chargefox,$0.40 per kWh,2.0,57 James Street,Guildford,6055,CCS (Type 2),2,60.0,2023-04-16T20:18:00Z
170079,9A2BF777-6028-49EB-A824-AD38E175248F,Belair Gardens Caravan Park,-28.779676952665696,114.5831110346918,(Unknown Operator),,1.0,Belair Gardens Caravan Park,Geraldton,6530,Type 2 (Tethered Connector) ,1,22.0,2020-11-18T18:31:00Z
170058,104AD714-96A2-4395-B802-EFD8CABF5EDF,Three Springs Community Hall,-29.53657432320555,115.76446092461606,(Unknown Operator),,1.0,Hall Street,Three Springs,,Three Phase 5-Pin (AS/NZ 3123),1,22.0,2020-11-17T10:01:00Z
170057,8E973FC8-2605-4A0B-948A-EF5851DE9BF3,Moora Shire,-30.63817666322631,116.00532228746147,(Unknown Operator),Free,1.0,The Midlands Road,Moora,,Three Phase 5-Pin (AS/NZ 3123),1,22.0,2021-09-29T05:44:00Z
170056,653783F8-0489-4849-875B-872CDD8BD520,Horrocks Community Center ,-28.379669676588207,114.42956999049034,,,1.0,North Court,Horrocks,,Three Phase 5-Pin (AS/NZ 3123),1,22.0,2023-07-13T22:49:00Z
170042,77F33EB1-2440-49FF-B367-5320D146C5EF,RSL Northampton ,-28.347688225868524,114.63099451578319,(Business Owner at Location),,1.0,Lot 123Hampton Road,Northampton,6535,Tesla (Model S/X); Three Phase 5-Pin (AS/NZ 3123); Type 2 (Socket Only),3,22.0,2021-11-27T12:01:00Z
169994,791A7651-B69F-42A7-A771-AE9E773D731E,Currie Crescent,-35.31521412066143,149.1392363890359,Tesla (Tesla-only charging),,2.0,Currie Crescent,Canberra,2604,Type 2 (Tethered Connector) ,1,22.0,2020-11-17T00:27:00Z
169823,6F6A9F56-E5B3-46F1-86CB-ADC436E683B7,Evie Caltex Jones Street,-36.907455381858675,145.23986428379703,Evie,,1.0,Jones Street,Avenel,3664,CCS (Type 2); CHAdeMO,2,350.0,2023-07-06T20:52:00Z
169770,218E97A5-911C-47AB-B826-44EF6DE280AC,Exmouth Cape Holiday Park,-21.937460298545503,114.130948765536,(Unknown Operator),,1.0,Truscott Crescent,Exmouth,6707,Three Phase 5-Pin (AS/NZ 3123),1,22.0,2020-11-09T14:58:00Z
169769,EB05DAC8-5988-44E5-889F-D403B89B69CF,Outback Oasis Caravan Park,-24.865225066778365,113.68159048535733,(Unknown Operator),,1.0,49 Wise Street,Carnarvon,6701,Unknown,1,3.0,2020-11-09T14:58:00Z
169768,D8F7E248-B020-48C7-A264-F3F913531DE9,Billabong Homestead Hotel Motel,-26.81708566363524,114.61415587631006,(Unknown Operator),,1.0,North West Coastal Highway,,,Type 2 (Tethered Connector) ,1,22.0,2023-07-16T04:44:00Z
169767,3270FB41-00C2-44FE-9594-360E16596466,Kalbarri National Park Visitors Center,-27.708897837519494,114.16633237124256,(Unknown Operator),,1.0,Grey Street,Kalbarri,6536,Three Phase 5-Pin (AS/NZ 3123); Type 2 (Tethered Connector) ,2,22.0,2020-11-17T13:42:00Z
169684,6F0E904F-6D41-4DD9-9276-0C3C64D013D7,Orion Springfield Shopping Centre,-27.676924346409358,152.90360010448887,(Unknown Operator),free,4.0,Underground Carpark,Springfield,4300,Type 2 (Socket Only); Type 2 (Tethered Connector) ,2,22.0,2026-08-22T12:39:00Z
169646,F900AA42-4285-4ADD-BFAF-F8A65DBDDF32,York Street West Car Park,-41.439888,147.137645,Electric Highway Tasmania,Free,1.0,York Street,Launceston,7250,Tesla (Model S/X); Type 2 (Socket Only),2,22.0,2020-10-27T09:07:00Z
169558,E327FF32-58EC-4912-9521-EFCB5EE86DF9,"North Terrace, Burnie",-41.050004,145.907665,Electric Highway Tasmania,25c/kWh + 25c/min,1.0,North Terrace,Burnie,7320,CCS (Type 2); CHAdeMO; Type 2 (Socket Only),3,50.0,2023-07-15T07:09:00Z
168913,1BA5DFAB-9EC0-4E99-A2EA-6182A0713A7B,Abbott Road,-33.81195253512282,151.03587917803534,(Business Owner at Location),,1.0,19/287 Victoria Road,Rydalmere,2116,Unknown,1,,2021-07-02T10:48:00Z
168912,B2F94005-D4FB-4899-A780-92ACE7FB2500,Lorne Visitor Information Centre,-38.536539810459324,143.97423678265363,(Business Owner at Location),Free,1.0,15 Mountjoy Parade,Lorne,3232,Type 1 (J1772),1,7.0,2023-11-19T16:17:00Z
168801,62750CF5-556C-42E5-816F-3B13034E7FE6,Caltex Jurien Bay,-30.302689512586518,115.04189255136049,(Business Owner at Location),$50.00 flat fee,1.0,131 Murray Street,Jurien Bay,6516,CCS (Type 2),1,43.0,2022-07-21T05:49:00Z
168774,35946F63-C642-4908-92C8-5D50D3EBF2DE,The Gerald Apartment Hotel,-28.7745077,114.6095279,Tesla (Tesla-only charging),Free,2.0,Cathedral Avenue,Geraldton,6531,Type 2 (Tethered Connector) ,1,22.0,2021-06-29T09:56:00Z
168667,7C9F6120-4014-4B60-BFF2-E9380C00A66C,Chargefox Moe,-38.184449,146.237563,Chargefox,40c/kWh,4.0,Lloyd Street,Moe,3825,CCS (Type 2); CHAdeMO,5,350.0,2023-07-05T13:16:00Z
168666,AFE81DBE-0FAA-4DE1-AADE-DF537053E87C,Lakes Entrance RSL,-37.880698,147.981029,(Business Owner at Location),30c/kWh,1.0,221 The Esplanade,Lakes Entrance,3909,Type 2 (Socket Only),1,22.0,2020-10-03T07:39:00Z
168665,D5F153D6-41EA-42C7-9FAB-200B6DDD57B6,The Cape Display Centre,-38.66819619396576,145.60559237161647,WeVolt (AU),$0.50/kWh,1.0,17 Sunlight Boulevard,Cape Paterson,3995,CCS (Type 2),1,30.0,2025-12-12T04:52:00Z
168556,82F6C3E2-6A5D-44F5-A02E-8DBFA1F4BE94,Ikea Canberra,-35.29550797984516,149.18685336825467,(Business Owner at Location),,4.0,1030 Majura Rd,Pialligo,2609,Type 2 (Socket Only),1,22.0,2020-10-04T09:49:00Z
168544,4AA5C64C-E5B6-4993-BB65-555384DAD78C,Lake Grace Fast Charge ,-33.100724201932884,118.46234238122247,Chargefox,$0.40 / Kwh,1.0,29 Stubbs Street,Lake Grace,6353,CCS (Type 2); CHAdeMO,2,50.0,2023-10-25T13:27:00Z
168484,BEBFBBCC-6C81-404B-839A-AB024D79236E,Electric Highway Tasmania - Geeveston,-43.1634,146.92688,Electric Highway Tasmania,25c/kWh + 15c-25c/min,1.0,15 Church St,Geeveston,7116,CCS (Type 2); CHAdeMO,2,50.0,2023-07-14T14:03:00Z
167436,42BBA00F-2A40-4F57-8E8B-1F8C047969AD,Dunn Place Car Park,-42.881339,147.332385,,Usual parking fees apply,1.0,3 Davey St,Hobart,7000,CCS (Type 2); CHAdeMO,2,50.0,2020-09-24T07:52:00Z
165108,B1C3D9BB-B1AB-4F53-A303-01314AAA1BDD,Electric Highway Tasmania - Queenstown,-42.0787288537201,145.55549748240549,Electric Highway Tasmania,25c/kWh + 25c/min,1.0,Driffield Street,Queenstown,7467,CCS (Type 2); CHAdeMO; Type 2 (Socket Only),3,50.0,2023-07-15T07:08:00Z
163388,6EF1662B-4508-4AF5-BCD8-54AEDC53003F,Queen Street,-37.2834114334196,142.933869623691,Tesla (Tesla-only charging),,1.0,Queen Street,,3377,Type 2 (Tethered Connector) ,1,22.0,2023-04-08T11:38:00Z
162843,EC943631-63DB-4D61-B946-46317B5FFF40,Evie Networks - Campbell Town,-41.929229,147.494481,Evie,60c/kWh,2.0,3 Commonwealth Lane,Campbell Town,7210,CCS (Type 2); CHAdeMO,2,350.0,2023-07-10T02:38:00Z
162794,82E680CF-9F91-4DE9-8B34-75BBBA1831AD,TUU Car Park,-42.902797,147.324839,(Business Owner at Location),Free,2.0,Churchill Avenue,Hobart,7005,Type 2 (Socket Only),1,22.0,2020-08-17T00:56:00Z
162778,F67CD2A4-EFE1-413C-9C69-82794E0B781D,Derwent Bridge Rest Area,-42.135775,146.229257,Electric Highway Tasmania,25c/kWh + 25c/min,1.0,Lyell Highway,Derwent Bridge,,CCS (Type 2); CHAdeMO; Type 2 (Socket Only),3,50.0,2023-07-15T07:06:00Z
161993,866C299E-591E-41F6-A6C8-FA59FA5EFE72,Nabiac [NRMA],-32.099110590575656,152.38136618875956,NRMA,$0.74/kWh,4.0,Nabiac Street,Nabiac,2312,CCS (Type 2); CHAdeMO,3,180.0,2026-07-14T23:37:00Z
161846,6F37A22B-C1B3-4E73-8C69-311D1AC53FB5,Way Street,-27.38235199860268,153.03290081653495,ChargePoint,0,4.0,Way Street,Brisbane,4012,Type 1 (J1772),1,7.0,2020-07-27T14:44:00Z
161845,EEEB77AC-8251-4A16-8D1F-8078B36A404D,Berry NRMA,-34.77545880729145,150.7008397292857,NRMA,Currently free but will be fee at some point for non NRMA Members,1.0,,Berry,,CCS (Type 2); CHAdeMO,2,50.0,2020-11-19T13:08:00Z
161844,826B3947-43D2-452C-8F22-0E32B4852000,Mittagong NRMA,-34.450559453605436,150.442468762437,NRMA,Currently free but will be fee at some point for non NRMA Members.,5.0,9 Bessemer Street,Mittagong,2575,CCS (Type 2); CHAdeMO,2,50.0,2025-10-12T01:54:00Z
161843,8D912D73-F685-41C6-A49F-E8A2A2CC5190,Picton [NRMA],-34.16820562741403,150.61093049806357,NRMA,Currently free but will be fee at some point,1.0,5 Walton Lane,Picton,2571,CCS (Type 2); CHAdeMO,2,50.0,2021-12-19T02:10:00Z
161832,94D78FD6-8827-452F-94C8-688735D242A6,Great North Trading Post,-32.990224952340206,151.1307728426591,(Business Owner at Location),Free,1.0,3718 Great North Road,Laguna,2325,Tesla (Model S/X),1,22.0,2021-12-17T04:18:00Z
161831,5517CF53-3245-4B07-985A-D4D828D80802,Wharf Road Carpark (Chargefox),-32.9258511308391,151.7789208904985,Chargefox,Currently free thanks to City of Newcastle,4.0,250 Wharf Road,Newcastle,2300,Type 2 (Socket Only),2,22.0,2023-07-13T22:55:00Z
161829,56FD93DA-B943-40FD-99A2-22D2FB09BE65,Cradle Mountain Hotel,-41.573658229581895,145.93531430528242,(Unknown Operator),,1.0,Cradle Mountain Hotel,,7306,Unknown,1,11.0,2020-07-26T16:53:00Z
161827,FFD05974-A40C-4DFE-9DB2-230A90C73F66,Alicetronics Jaycar Stockist,-23.697528894585588,133.87873433180766,(Unknown Operator), ,1.0,28 Railway Tce,Alice Springs ,0870,CCS (Type 2); CHAdeMO,2,35.0,2025-04-28T10:59:00Z
161654,74C7380F-BF3B-4F1A-99D9-4BB8966489C8,Clarence City Council car park,-42.864154,147.36897,Chargefox,$0.32 per kWh,1.0,38 Bligh St (Cr Barnard Drive),Rosny Park,7018,Type 2 (Socket Only),1,22.0,2023-07-13T22:57:00Z
161357,A0C4ACED-54C8-4972-A06A-43CEB9593963,Cottesloe Beach Chalets,-31.99480469222531,115.75302677350828,Tesla (Tesla-only charging),,1.0,6 John Street,Cottesloe,,Tesla (Model S/X),1,,2020-07-10T03:28:00Z
161356,30039794-7E0C-4597-A1C9-05A1DE76E5CE,Katanning Shire Visitors Center,-33.69137986156912,117.55573870330295,Chargestar (AU),45c/kWh,1.0,Austral Terrace,Katanning,6317,CCS (Type 2); CHAdeMO,2,50.0,2021-08-09T07:31:00Z
161350,AE37CF63-37B2-4AD7-8F38-AC628F0A64ED,YellowGum Bed and Breakfast,-33.68594917013392,117.55878912722824,(Business Owner at Location),,1.0,9 Forrest St,Katanning,,Tesla (Model S/X),1,22.0,2020-12-09T09:58:00Z
160807,AC93E344-2059-4D86-9254-6142FEE8EBA9,Bell Park car park,-27.179802780477594,151.2689719635373,Chargefox,0.30/kWh,2.0,Corner of Cunningham Street & Roche Steet,Dalby,4405,Type 2 (Socket Only),1,22.0,2023-07-13T10:35:00Z
157608,F7FADE91-8165-47DB-93A0-CA906C33A940,Chargefox Airport West,-37.71364567547256,144.88569078594128,Chargefox,"$0.65 per kwH, discount for RACV members",6.0,29-35 Louis St,Airport West,3042,CCS (Type 2); CHAdeMO,5,350.0,2023-07-05T13:16:00Z
157597,1A144FBB-D992-45E7-8633-787405104818,Sheffield Visitor Information Centre,-41.38281497841444,146.32488863214598,Chargefox,Free,2.0,6 Pioneer Crescent,Sheffield,7306,CCS (Type 2); CHAdeMO; Type 2 (Socket Only),3,24.0,2023-07-13T23:02:00Z
157596,2CA27FBF-4D69-4424-966E-97E3A4C72E5C,Scottsdale Art Gallery Cafe,-41.16207910064335,147.51460793852254,Chargefox,"$0.50 per kWh 7am-10am/4pm-9pm Monday - Friday, $0.40 other times",1.0,42 King St,Scottsdale,7260,CCS (Type 2); CHAdeMO,2,50.0,2023-07-13T23:03:00Z
157595,54FEC5D7-E1CD-46AB-9EDB-42CD217DF6A5,Mood Food New Norfolk,-42.779254,147.06114,Chargestar (AU),,1.0,4 Burnett St,New Norfolk,7140,CCS (Type 2); CHAdeMO,2,50.0,2021-01-24T02:16:00Z
157591,A4B14A01-FF2E-4F99-8B68-3A7407ED8017,Wellington Road,-27.48968765181067,153.03922109290193,(Business Owner at Location),Free,2.0,Wellington Road,Brisbane City,4169,Type 2 (Socket Only),1,22.0,2023-02-05T23:23:00Z
157589,9F290228-419F-4854-85BE-572D29A937CA,Bunnings Newstead Carpark,-27.44310701845047,153.0430958229631,(Business Owner at Location),Free,5.0,Breakfast Creek Road,Brisbane,4006,Type I (AS 3112),1,2.4,2020-06-19T07:40:00Z
157566,EF786AC1-8A7D-4AE5-A8D2-644546B70F36,Batemans Bay Visitor Centre [NRMA],-35.70850475831435,150.175530096314,NRMA,,1.0,2A Beach Road,Batemans Bay,2536,CCS (Type 2); CHAdeMO,2,50.0,2021-12-19T02:29:00Z
157557,D9E75493-6E31-4912-8B43-CB2384179017,Woodlands Wines,-33.78702282277545,115.0311330653251,Tesla (Tesla-only charging),,2.0,,,,Type 2 (Tethered Connector) ,1,11.0,2020-12-15T09:06:00Z
157552,6CA344FA-9D0E-45A3-B3E1-3F6DE0E8FA70,QUT Kelvin Grove Stadium Carpark,-27.44955360175527,153.0170891644923,(Business Owner at Location),"Free charging but parking starts at $5/hr, with up to 20 minutes free.",1.0,Sports Lane,Kelvin Grove,4059,CCS (Type 2); CHAdeMO,2,50.0,2020-06-15T16:31:00Z
157551,B2B96FA3-E220-476F-BA6F-293495AF91A9,QUT Kelvin Grove H Block,-27.4532038075587,153.01703431115823,(Business Owner at Location),Free,1.0,Ring Rd,Kelvin Grove,4059,CCS (Type 2); CHAdeMO,2,50.0,2020-06-15T16:41:00Z
157549,9B18DE6C-3BEF-4A09-A288-9028DB26CF49,Evie Networks Coochin Creek,-26.918077062069386,152.99684374211074,Evie,60c/kWh,2.0,Wild Horse Road,Caboolture,4518,CCS (Type 2); CHAdeMO,2,350.0,2023-07-15T13:53:00Z
157548,CBC7790F-98D8-4A8D-9856-5CDA426CFAE9,Secure Park King St,-27.45265445273077,153.03259115103697,(Business Owner at Location),Free,4.0,,Bowen Hills,4006,Type I (AS 3112),1,2.4,2020-06-15T16:35:00Z
157547,9F8FA7B4-51A1-469A-B9DA-DC89DDE81282,Secure Park Southpoint,-27.48099182955807,153.0228264563243,(Business Owner at Location),Free,3.0,,South Brisbane,4101,Type I (AS 3112),1,2.4,2020-06-15T16:35:00Z
157545,73340491-13C9-47A2-86D6-8312CC0512FF,QUT Gardens Point,-27.476902453035308,153.0269055356573,(Business Owner at Location),,1.0,Lamington Dr,Brisbane,4000,CCS (Type 2); CHAdeMO,2,50.0,2022-01-23T11:07:00Z
157531,08AD3B1D-2BA0-465B-B610-DD0D5BB3F0E2,Secure Park Vulture St,-27.482560362924623,153.02377995082816,(Business Owner at Location),Free,5.0,192a Vulture St,Brisbane,4101,Type I (AS 3112),1,3.6,2020-06-19T10:48:00Z
157530,B7F3ADB0-39CB-4E24-97EC-4F1066F069F9,Audi Centre,-31.91527,115.819405,Chargefox,$0.40 per kWh,3.0,337 Harborne St,Osborne Park‎,6017,CCS (Type 2),1,50.0,2023-07-13T23:05:00Z
157463,A0850CFA-21E6-4E40-B307-E66E76D20440,Canterbury Bankstown Council,-33.90764109899798,151.1039129846189,EO Charging,Free,2.0,21 Shakespeare St,Campsie,2194,Type 2 (Socket Only),1,7.0,2020-06-09T06:22:00Z
157457,5C5DE182-9B67-4099-A1B3-7A5EB78FF084,Charles Street Parking/Charging,-33.91148886722056,151.11746314177572,EO Charging,Free,1.0,10B Charles St,Canterbury,,Type 2 (Socket Only),1,7.0,2020-06-10T21:39:00Z
157456,73CA6BC4-6982-47B1-805E-4EDC39751255,"Georges River Council, Carlton Depot",-33.96493620946319,151.0,EO Charging,Free,1.0,11 Dora St,Hurstville,2220,Type 2 (Socket Only),1,22.0,2021-12-06T18:18:00Z
157445,1485ED04-A0B5-4789-8DEC-225F8FD2AB03,Pinnacles Edge Resort,-30.50042161510722,115.06929335774998,Tesla (Tesla-only charging),,1.0,,,,Tesla (Model S/X),1,22.0,2021-09-03T01:54:00Z
157435,12575958-ADA9-47C9-A5F2-A554D8BE9B1D,Home Timber and Hardware,-33.8344831718447,117.15986299339417,Tesla (Tesla-only charging),,1.0,,,,Tesla (Model S/X); Three Phase 5-Pin (AS/NZ 3123),2,22.0,2021-11-08T21:42:00Z
157432,A313AF51-FEF3-4B73-A706-C98B8F5CEB0E,Swan Settlers Market,-31.835335801510958,116.02163921400734,Tesla (Tesla-only charging),,1.0,,,,Tesla (Model S/X),1,22.0,2021-09-03T01:56:00Z
157431,F292F59E-3731-4370-8212-BE66E774E9E1,Mondo Nougat,-31.83701675378689,116.01669764592862,Tesla (Tesla-only charging),,2.0,,,,Tesla (Model S/X),1,14.0,2022-05-27T07:03:00Z
157430,8D5FEEE3-799C-467D-9025-36BFB4D1BA9A,Kewdale Tavern,-31.982563566447936,115.9578823206225,Tesla (Tesla-only charging),$0.39,1.0,Terminal Road,Perth,6106,CCS (Type 2),1,24.0,2024-06-05T16:17:00Z
157429,3CAE9D97-AA67-46B7-BC75-CD1664599572,Tianqi Lithium,-32.215538271732825,115.77737736526483,(Business Owner at Location),,6.0,,,,Tesla (Model S/X); Type 2 (Socket Only),2,22.0,2020-06-05T08:36:00Z
156483,A2A0AA08-309E-437C-A140-1FD9B6166239,Gemtek - Crest Apartments,-31.961098485121425,115.90120243027431,Chargefox,,4.0,Great Eastern Highway,Perth,6001,Type 2 (Socket Only),2,22.0,2021-09-03T01:54:00Z
156482,BF2BE446-6EC5-4471-8BA4-0FB1AB0B9A24,Gemtek - Botanical Apartments,-31.94460074534195,115.8186954975713,Chargefox,,2.0,Flood Street,Perth,6014,Type 2 (Socket Only),2,22.0,2024-03-12T01:22:00Z
156463,481393AF-8EA3-4800-A09A-FCDBE16F8EEC,Jubilee Oval and Showgrounds ,-31.65111734318809,116.67845947514633,(Business Owner at Location),,1.0,16 Chidlow Street,Northam,6401,Three Phase 5-Pin (AS/NZ 3123),1,20.0,2021-11-27T16:38:00Z
156430,D6122C80-848D-4C21-B185-DEF88CB0C454,DFO Perth,-31.939845427827045,115.94895311025994,Chargefox,"Charging free, parking free for first hour and then $3 per hour",2.0,11 High St,Perth Airport,6105,Type 2 (Socket Only),2,7.0,2023-07-13T23:07:00Z
156417,39285BCD-69BE-478D-944E-325EC0D1F46A,"Central Car Park,  Collie ",-33.358825170466076,116.15287413831442,Chargefox,$0.40 per kWh ,1.0,Forrest Street,Collie,6225,CCS (Type 2); CHAdeMO,2,50.0,2021-10-13T05:54:00Z
156413,AD654978-2A21-4C90-B119-098B22E58BAB,Footprints Resort,-32.881536,115.656798,(Business Owner at Location),,2.0,,,,Tesla (Model S/X),1,22.0,2021-11-08T21:43:00Z
156365,739BF72C-2EEF-42B9-B48E-8AF29DB567EA,Wangaree Park Lancelin,-31.020574101465478,115.33270273431788,EO Charging,,1.0,Rock Way,Lancelin,6044,Type 2 (Socket Only),1,22.0,2023-08-20T12:50:00Z
156361,36E2D4CE-4D9F-41DE-AE0A-AB9A8465E905,Osborne Park Hyundai,-31.905269149199228,115.80909029387806,(Business Owner at Location),,2.0,,,,Type 2 (Socket Only),1,7.0,2021-09-03T01:55:00Z
156360,431EC8A8-E902-48D8-A6D2-606360E2699F,Osborne Park Nissan,-31.90571781716487,115.81021062109228,(Business Owner at Location),,2.0,,,,Type 2 (Socket Only),1,22.0,2021-09-03T01:55:00Z
156359,6C53AC4C-55AB-4C2A-BD3C-D9EF661F92E0,Morley City Nissan,-31.902143395175678,115.90491020836465,(Business Owner at Location),,1.0,,,,Type 2 (Socket Only),1,22.0,2021-09-03T01:55:00Z
156358,4D139573-CDC8-4D95-BD9C-1991C8FC58E0,Morley City Hyundai,-31.90212051387122,115.90401325385636,(Business Owner at Location),,1.0,,,,Type 2 (Socket Only),1,7.0,2021-09-03T01:54:00Z
156312,72E2C0E0-48C3-4FC8-BD97-4324EAE67CAC,CPP - PCEC,-31.95537674384358,115.84790300821453,(Business Owner at Location),,1.0,,,,Type I (AS 3112),1,22.0,2021-09-03T01:55:00Z
156257,9EE11792-7ACD-4108-98EB-9F3F501C7E29,Bassendean Child Health Centre,-31.903624353028743,115.95016778457533,Chargestar (AU),,2.0,,,,Type 2 (Socket Only),1,22.0,2021-10-13T05:56:00Z
156256,2B051576-59A7-4A2D-8259-A22E5A10E010,CPP Perth Concert Hall,-31.95857146833736,115.86358227192068,(Business Owner at Location),,2.0,,Perth,,Three Phase 5-Pin (AS/NZ 3123),1,22.0,2021-12-03T01:20:00Z
156254,A5A7D2E2-36BA-4FE3-A53B-66EA44B04D2D,"Woolworths,  Mt Pleasant ",-32.016031144615816,115.8432043135993,Chargefox,Free,4.0,Reynolds Road,Perth,6153,Type 2 (Socket Only),2,22.0,2023-06-08T07:11:00Z
156252,F3FD0A46-C8A4-421C-AC49-0FB7B41D241C,Sabina Appartments ,-32.011964644149295,115.85021724873448,Chargestar (AU),nextcharge / chargestar website,2.0,,,,Type 2 (Socket Only),1,22.0,2021-10-13T05:57:00Z
156251,18FBDED8-E38E-4E48-9A33-27E2ADE32B66,Garden City Shopping Centre,-32.034642790058726,115.83481653094255,ChargePoint,,2.0,,Melville City,,Type 2 (Socket Only),1,22.0,2021-10-13T05:56:00Z
156248,78C7CE90-51AA-43EF-90DE-0A0EB33760E1,CPP Regal Place,-31.95299016062215,115.87730279047679,(Business Owner at Location),Normal parking rate,2.0,,,,Three Phase 5-Pin (AS/NZ 3123),1,22.0,2022-01-07T05:14:00Z
156247,8ACC7294-278A-4F21-8520-115751A0E559,CPP Mayfair St,-31.9474687574798,115.84121108698467,(Business Owner at Location),,2.0,,,,Type I (AS 3112),1,22.0,2021-09-03T01:55:00Z
156186,7C9C1D47-72D1-42BB-8C59-209167E7F538,Tang Computers,-31.90654180015615,115.82812853168308,Tesla (Tesla-only charging),,1.0,85 main st,osborne park,,Tesla (Model S/X),1,22.0,2022-08-30T05:42:00Z
156185,DEC4CE03-B7DF-45DA-A05B-2C2A20BEE77E,Rowland St Car Park,-31.949523738615166,115.82315269868431,Chargehub,,1.0,70 Rowland Street,Subiaco,6008,Type 2 (Socket Only),1,7.4,2026-02-03T02:45:00Z
156184,81764A70-1FC4-48C0-B3C5-D907E7B6F603,Midland City Nissan,-31.891951355458772,116.01811740022458,(Business Owner at Location),,1.0,,,,Type 2 (Socket Only),1,22.0,2021-09-03T01:55:00Z
156175,5A4BC83D-29A1-4D36-926D-134698123806,Swan City DC Charger,-31.886353399634253,116.00339496519044,Chargestar (AU),chargestar/nextcharge,1.0,Cosmo Lane,Midland,6056,CCS (Type 2); CHAdeMO; Type 2 (Socket Only),3,50.0,2024-07-30T05:28:00Z
156174,0A2BD9CA-A79A-4459-AC26-6C62691B866F,Edgecombe Brothers,-31.795210554294098,115.99853463481739,(Business Owner at Location),,2.0,Edgecombe Brothers,Aveley,6069,Tesla (Model S/X),1,8.0,2021-05-13T05:38:00Z
156173,BA8823B5-F30E-49DE-B29E-AB138D3594C0,Ellenbrook Central,-31.783066643431578,115.97051468688619,(Business Owner at Location),,2.0,,,,Type 2 (Socket Only),2,22.0,2021-10-13T05:54:00Z
156052,094F251C-14F7-453E-BEE6-AAFEC9F655A8,CD Dodd,-31.97294082811414,115.98907588052926,Chargefox,$0.40 / kWh + $0.33,2.0,Dundas Road,Perth,6058,CCS (Type 2),2,120.0,2023-03-29T11:23:00Z
156019,8670B811-F1C3-4B8C-85AB-D7BC2160621E,Clarkson Nissan ,-31.68809762511073,115.7161756692653,(Business Owner at Location),,1.0,,,,Type 2 (Socket Only),1,22.0,2020-05-03T05:24:00Z
156010,B51DC83D-DEB6-4CBA-AE07-52CFDEA88688,Cowra Regional Art Gallery,-33.834079627444765,148.6943533458998,NRMA,$0.74/kWh,2.0,77 Darling Street,Cowra,2794,CCS (Type 2),1,50.0,2026-07-15T01:03:00Z
155842,5470FB6A-B4BC-468F-821A-ACF6CA0996F3,Lakeside Cinema,-31.742737409688292,115.76718203734212,(Business Owner at Location),,1.0,,,,Type 2 (Socket Only),1,22.0,2022-12-09T01:55:00Z
155820,09A02000-488C-42EE-A5D2-35B02C601E3B,McDonalds Forrestdale,-32.144116800000226,115.97396209999556,(Business Owner at Location),chargestar,1.0,,,,Type 2 (Socket Only),1,22.0,2021-10-13T05:58:00Z
155546,09A276D3-1EA0-4C99-889F-5CF7293C6357,Sundance Apartments,-31.89732867830553,115.7595320223254,(Business Owner at Location),,1.0,,,,Type 1 (J1772),1,7.0,2021-10-13T06:03:00Z
155545,58F31FD7-636F-4CB0-9FA4-8163F7E4E0CE,Magic Renault ,-32.04627041090647,115.80933760680762,(Business Owner at Location),,1.0,,,,Type 2 (Socket Only),1,7.0,2021-09-03T01:54:00Z
155530,15A36482-0561-43F4-9649-7BF6E26A11A6,Lakeside Joondalup - Myer Carpark,-31.74549358265488,115.76561953721364,(Business Owner at Location),,2.0,,,,Type 2 (Socket Only),1,22.0,2021-10-13T06:03:00Z
155529,CDA5599A-8539-469B-81A0-A0D63D218C57,Reid Promenade Car Park,-31.7424275967972,115.77324685429267,Chargestar (AU),"free charge, pay park",2.0,,,,Type 1 (J1772),1,7.0,2021-10-13T06:02:00Z
155497,BD16DE05-CCEE-4974-AE19-35791A0545F9,Claremont Oval,-31.977032818415754,115.78304237287674,Chargestar (AU),free,2.0,,,,Type 2 (Socket Only),1,7.0,2020-04-19T05:58:00Z
155496,931AD2E7-EE93-48DC-8B4B-A69FDC82F2C1,Evermore Apartments ,-32.05759769024401,115.77214028673814,Chargestar (AU),see chargestar website ,1.0,Karak Lane,Fremantle,6162,Type 2 (Socket Only),1,,2021-10-13T06:03:00Z
155440,A5FB2DFA-97F5-4679-ADCA-7E22FA384AC8,House of Anvers,-41.218329,146.412456,(Unknown Operator),Free,1.0,9025 Bass Highway,Latrobe,7307,Type 2 (Socket Only); Type 2 (Tethered Connector) ,2,22.0,2025-08-07T05:14:00Z
155439,186656D1-8DCA-49C4-B1E2-CAFB055DAC70,Meander Valley Council,-41.527973,146.830558,(Business Owner at Location),,1.0,26 Lyall St,Westbury,7303,Type 2 (Socket Only),1,22.0,2020-04-13T08:23:00Z
155370,17AE69CE-6CC5-4535-9CBA-7A32DCB3804C,Gympie Supercharger [Tesla],-26.188745,152.661613,Tesla (including non-tesla),$0.52/kWh,4.0,CNR Nash and Monkland Street,Gympie,4570,CCS (Type 2),1,120.0,2023-08-30T06:21:00Z
155300,CC323530-45A1-46B9-B46B-6EDCF9AE0427,Merredin Regional Community and Leisure Center ,-31.475517326357796,118.27975016592279,EO Charging,See EO app,2.0,Bates Street ,Merredin,6415,Type 2 (Socket Only),1,22.0,2021-10-13T05:55:00Z
155292,46776039-8EBC-43AC-8BFF-B32C5C4C1F9A,Camberwell Supercharger,-37.828482,145.056346,Tesla (Tesla-only charging),AUD 0.42/kWh;other tariffs for older cars,6.0,793 Burke Road,Camberwell,3124,CCS (Type 2),1,120.0,2020-04-05T08:55:00Z
155278,589DCB75-6EBD-4EDD-831A-E2F05397E637,Scarborough Beach,-31.89710003597446,115.75659494675551,EO Charging,Free,1.0,The Esplanade,Perth,6019,Type 2 (Socket Only),1,11.0,2021-10-13T06:03:00Z
155242,84734651-9EF0-4104-BD09-0359B471A372,Caltex North Dandalup Roadhouse,-32.522297898787784,115.9702834262232,EO Charging,"$0.35 per kWh, $5 minimum charge",1.0,South Western Highway,North Dandalup,6207,Type 2 (Socket Only),1,11.0,2022-11-13T03:52:00Z
154488,1A011AB7-ADEE-4C31-8C0C-D03E02EAA157,Lithgow Workmen's Club,-33.477936640057756,150.1611263067623,NRMA,60c / 54c for members of NRMA,2.0,Tank St,Lithgow,,CCS (Type 2); CHAdeMO,2,50.0,2024-06-14T12:05:00Z
150117,F2E3D6ED-06CE-4440-A054-9F97FA74B76D,Mudgee Information Centre,-32.59016784631479,149.58522431603365,(Unknown Operator),,1.0,,Mudgee,,Tesla (Model S/X),1,22.0,2020-03-16T07:34:00Z
150039,F28BCC34-9134-462E-8071-7552AB1F7005,Moonee Ponds,-37.765834,144.923586,Tesla (Tesla-only charging),AUD 0.42/kWh;other tariffs for older cars,6.0,Moonee Ponds,,3039,CCS (Type 2),1,120.0,2020-03-12T06:55:00Z
150032,CF71ABBD-211E-4E16-947C-2F309499D6CE,Macquarie Supercharger,-33.777782,151.12275,Tesla (Tesla-only charging),AUD 0.42/kWh;other tariffs for older cars,10.0,Macquarie Supercharger,,2113,CCS (Type 2),1,150.0,2021-11-16T10:07:00Z
150024,B701810B-4F38-4941-B2E6-5AF22403096A,Supa Centa Moore Park,-33.902079196334896,151.215231409333,(Unknown Operator),Free,1.0,,Kensington,2033,Tesla (Model S/X),1,17.0,2020-06-10T21:39:00Z
149817,23C6A4C7-893D-4727-A70E-3290BEA660D3,Toowoomba Supercharger,-27.578133,151.947179,Tesla (including non-tesla),AUD 0.42/kWh;other tariffs for older cars,4.0,254 South St.,Toowoomba,4350,CCS (Type 2),1,120.0,2023-08-30T06:21:00Z
149622,3CF537FF-3E93-417C-8A93-B9A65F5642B3,Chargefox Keith,-36.105205,140.3619871,Chargefox,,2.0,14 Dukes Hwy,Keith,5267,CCS (Type 2); CHAdeMO,2,350.0,2023-07-13T06:20:00Z
149466,16E0BAB9-A17B-424F-B118-8F0C44F1BFA1,Northern Festival Centre,-33.179316696241735,138.00736879304156,,,1.0,105-107 Gertrude St,Port Pirie,5540,Three Phase 5-Pin (AS/NZ 3123),1,22.0,2020-02-28T07:52:00Z
149456,A3BEA116-4FCA-41DB-866A-9B72D2E6805B,Boddington Shire,-32.801926832445744,116.47539431242421,Chargehub,"$0.45 per kWh, may vary. See chargehub app.",2.0,33 Bannister Road,Boddington,6390,Type 2 (Socket Only),1,22.0,2024-04-12T09:55:00Z
149219,C4BEB6D1-5362-4694-BBE1-44A263367323,Chargefox Kings Meadows,-41.468256846135944,147.158722496525,Chargefox,AUD 0.65 per kWh,2.0,Meadow Mews Plaza,Kings Meadows,7249,CCS (Type 2); CHAdeMO,2,350.0,2023-07-13T07:46:00Z
149179,ADBB77A8-4E75-45A8-A09F-0DABC24F32B2,McDonald's Drive-Thru Armadale,-32.15002076557034,116.01893455966706,Chargefox,$0.20 per kWh,2.0,McDonald's Drive-Thru,Armadale,6111,Type 2 (Socket Only),1,22.0,2023-07-13T23:16:00Z
148545,492F31F9-E09E-4746-AA93-A2FBDA524EA6,Wallsend [NRMA],-32.90294720367186,151.66968441053905,NRMA,Currently free but will be fee at some point.,1.0,76 Cowper Street,Wallsend,2287,CCS (Type 2); CHAdeMO,2,50.0,2021-12-19T02:07:00Z
148535,7916AF41-B85F-4169-94A3-A52D55C22877,Bridgetown Shire,-33.959312716778186,116.13826934719259,Chargestar (AU),$0.45/kWh,1.0,1 Spencer St,Bridgetown,6255,CCS (Type 2); CHAdeMO; Type 1 (J1772); Type 2 (Tethered Connector) ,4,50.0,2025-12-14T08:33:00Z
148518,9E0D30B8-8C5E-4D08-94C9-FF446A00C6A4,Cockburn City,-32.10025888377409,115.78420217798998,(Unknown Operator),Free,2.0,Rockingham Road,Spearwood,,Type I (AS 3112); Unknown,4,7.0,2024-11-06T08:16:00Z
148394,167F5ECC-E00D-4584-A7A3-8C78582F8920,Brookton Roadhouse,-32.36587280589187,117.00898342794426,Chargestar (AU),$0.45 / kWh,1.0,83 Brookton Highway (SR 40),Brookton,6306,Type 2 (Socket Only),1,22.0,2021-10-13T05:55:00Z
148393,40096043-B1DF-4147-A092-53FF3A53B12E,Williams Woolshed,-33.0251679447563,116.878630733403,Tesla (Tesla-only charging),$0.50 / kWh for non Woolshed customers,1.0,101 Albany Highway,Williams,6391,Tesla (Model S/X); Three Phase 5-Pin (AS/NZ 3123),2,11.0,2023-09-15T12:10:00Z
148118,66D5BD26-3BE9-4F12-BD17-3483E089AF4C,Bayshore Drive,-28.631451697887982,153.5823891501135,Chargefox,Free,2.0,Bayshore Drive,Ewingsdale,2481,Type 2 (Socket Only),6,22.0,2023-07-13T23:23:00Z
148115,128D69E4-CCF5-4575-961C-27EE58C62817,Horizon Power Bentley Head Office,-31.995196035136118,115.89250825694853,Chargefox,Free,1.0,18 Brodie-Hall Drive,Bentley,6102,Type 2 (Socket Only),1,22.0,2023-07-13T23:29:00Z
148059,2B63831C-F284-4174-AB73-24ECD57CF164,Wanneroo Civic Centre,-31.748960847062506,115.80648266974981,(Business Owner at Location),Free,2.0,23 Dundebar Road,Wanneroo,6065,Type 2 (Socket Only),1,22.0,2021-10-13T06:00:00Z
148058,13204D24-FBE6-45AC-9BDD-A23874EA5C86,EV Works,-31.804428385948206,115.837026652119,(Business Owner at Location),,1.0,10 Wem La,Joondalup,6065,Type 1 (J1772); Type 2 (Socket Only),2,7.2,2020-01-24T08:00:00Z
148057,8873BA78-3BD5-4841-B336-DEAD6F53DC73,Wild West Hyundai,-31.795188,115.815028,(Business Owner at Location),,2.0,Automotive Drive,Joondalup,6065,Type 2 (Socket Only),1,7.2,2020-01-24T07:54:00Z
148050,5C90D5E4-913A-4CE1-97F6-13022A138D18,Primewest Gwelup,-31.87637320132322,115.79758574847699,Chargefox,$0.45 per kWh,1.0,707 North Beach Road,Gwelup,6018,Type 2 (Socket Only),1,22.0,2025-08-09T09:32:00Z
148049,979124B0-4743-43E5-B3AA-6F4B087ADC3D,Goomalling Railway Station,-31.297932355982823,116.82735840901171,(Unknown Operator),,2.0,Railway Terrace,Goomalling,6460,CCS (Type 2); Three Phase 5-Pin (AS/NZ 3123),2,40.0,2025-12-04T08:37:00Z
148048,B23C7DD9-BD36-410A-B560-4C08A2D74504,Toodyay Shire,-31.55077625511821,116.46758905677257,EO Charging,See EO app,2.0,Duke Street North,Toodyay,6566,Type 2 (Socket Only),2,22.0,2026-03-06T04:00:00Z
148040,B83E9E07-A9F8-401F-B9D2-5E46FB87973B,Leederville Memorial Gardens,-31.94026371815405,115.83768103158661,EO Charging,See EO app,2.0,Cambridge Street,Perth,6007,Type 2 (Socket Only),1,11.0,2021-10-13T05:56:00Z
148039,8437BCC3-2C36-48ED-B2F9-E64E84448244,Floreat Beach - The Kiosk,-31.929295412938984,115.75608933968465,Exploren,$0.28 per kWh,2.0,West Coast Highway,Perth,6015,Type 2 (Socket Only),2,22.0,2026-04-03T04:03:00Z
135438,5EFBCABC-ADF0-4C0C-9366-5A6D1091C992,Stokes and Renk,-31.9471073397873,115.82908593542061,(Business Owner at Location),Free,1.0,299 Hay Street,Perth,6008,Type 2 (Socket Only),1,3.8,2019-12-21T00:15:00Z
135414,0608E835-05D9-42A2-B98F-92CD2257E458,Ridge Street Parking,-30.642316,153.003713,(Unknown Operator),Free,1.0,23 Ridge Street,Nambucca Heads,2448,Type 2 (Socket Only),1,22.0,2019-12-20T08:51:00Z
135413,640307BF-7916-4E0C-A48B-45FAD1A4D5B8,River Street Car Park,-30.705982487531593,152.9193924982759,(Unknown Operator),Free,1.0,Cnr River Street and Princess Street,Macksville,2447,Type 2 (Socket Only),1,22.0,2019-12-20T08:52:00Z
134363,DA026DC2-4E98-44AB-B45C-7A3F24997579,McCarthy Prestige,-31.979331,115.78509,Tesla (Tesla-only charging),Free,1.0,Gugeri Street,Perth,6010,Type 2 (Tethered Connector) ,1,22.0,2022-06-01T23:46:00Z
133760,5AEC791D-FEA1-47EB-9A5C-0F70EB28754F,Woolworths Prestons,-33.9521597232138,150.855589807906,ChargePoint,Free,4.0,Corfield Road,Sydney,2170,Type 1 (J1772),1,6.6,2019-12-08T11:44:00Z
133061,095F367D-1695-4C07-826E-80F87F2B9B8D,Bendigo Supercharger,-36.77459046697683,144.3064641507798,Tesla (including non-tesla),AUD 0.42/kWh;other tariffs for older cars,6.0,Condon Street,Bendigo,3550,CCS (Type 2),1,120.0,2026-06-18T21:54:00Z
132642,5AE19C71-2732-41BB-975D-B7AD0C510BA2,McDonald's,-31.9008869,116.163497,(Business Owner at Location),,1.0,Hartung Lane West,Perth,6073,Type 2 (Socket Only),1,7.0,2024-09-09T07:07:00Z
132448,A77DDA5C-6B91-4D5E-BF2F-1E1500CC01DA,Alkimos Shopping Center ,-31.620443448912305,115.68685197927107,Chargefox,$0.27 per kWh,2.0,35 Gouldian Circuit,City of Wanneroo,6036,Type 2 (Socket Only),1,22.0,2023-07-13T23:35:00Z
132348,7C0432DF-62C9-4E7C-B3C3-86F2DD9EB772,Mood Food Kempton,-42.5132541040641,147.189112740537,Chargestar (AU),,1.0,3001 Midland Hwy,Kempton,7030,CCS (Type 2); CHAdeMO,2,50.0,2021-01-24T02:15:00Z
132347,27F11AC6-16B2-46FE-AB06-F0E7FE943BC8,Great Western Tiers Visitor Centre,-41.5235226403948,146.651256368762,(Business Owner at Location),,1.0,98 Emu Bay Rd,Deloraine,7304,Type 2 (Socket Only),1,22.0,2019-09-27T07:30:00Z
132346,FE46CAC3-A87F-4022-9083-CD5C1A98F670,Huonville Council Car Park,-43.0295087004578,147.048364455859,(Business Owner at Location),,1.0,23 Main St,Huonville,7109,Type 2 (Socket Only),1,22.0,2019-09-27T07:30:00Z
131895,16790D31-0424-4E28-9B83-4ADB75535CF1,Stockland,-34.5636660185915,150.838163461777,Tesla (Tesla-only charging),Free,2.0,211 Lake Entrance Road,Shellharbour City Centre,2529,Tesla (Model S/X),1,7.2,2021-12-23T12:47:00Z
131881,8E7C4587-BBBB-447F-B7D3-DDA7187C5355,Stockland Shellharbour Shopping Centre ( Shellharbour Square) - West,-34.563672909556324,150.83831953671825,ChargePoint,Free,2.0,Lamerton Crescent,Shellharbour City Centre,2529,Type 1 (J1772); Type 2 (Tethered Connector) ,2,7.2,2021-12-23T12:46:00Z
131841,19675D7E-F2B8-4F89-BABE-A36B6942E18F,Wollongong Central - P1 Basement Car Park,-34.4233979669063,150.892280394333,(Business Owner at Location),Free,0.0,71 Market Street,Wollongong ,2500,Unknown,1,,2025-08-25T07:52:00Z
131610,297F980C-D274-4C37-9DD2-BA71F2E024B6,Innovation Campus - University of Wollongong,-34.40010718082921,150.8996891900606,Chargefox,Free,2.0,Off Innovation Way,North Wollongong,2500,CCS (Type 2); Type I (AS 3112),3,180.0,2024-07-30T05:30:00Z
131564,C0F39947-DF44-43BC-8425-0427877BA1E6,Figtree Grove Shopping Centre ,-34.43743163189117,150.86340370780567,,Free,2.0,The Avenue,Figtree ,2525,Type 2 (Socket Only),1,22.0,2023-07-13T23:36:00Z
131563,DB56D948-7C13-4813-89D5-69D84D034E0D,Jax EV @ Warrawong Plaza,-34.4868830425302,150.890772967401,(Business Owner at Location),Free,2.0,Corner King St & Cowper Street,Warrawong,2502,Type 2 (Socket Only),1,22.0,2021-12-17T03:48:00Z
131201,EF57DCE4-D1E8-405E-8DBA-625E3813EAFA,Forest Hill Chase Shopping Centre,-37.835025723717706,145.1632775004582,Chargefox,Free,2.0,Pacific Way,Forest Hill,3131,Type 2 (Socket Only),1,22.0,2023-09-28T21:52:00Z
130686,5609BD81-5520-4FAC-93C2-477D5261563D,Tastebuds Tesla Charger,-33.6893362215631,151.224097191251,(Business Owner at Location),,2.0,Mona Vale Road,Sydney,2084,Tesla (Model S/X),1,22.0,2019-08-11T10:32:00Z
129982,58F857EF-1915-40D0-BB87-4C68A9B2B6A6,Hollydene Supercharger [Tesla],-32.447359,150.83232,Tesla (including non-tesla),$0.52/kWh,6.0,3483 Golden Hwy,Jerry's Plains,,CCS (Type 2),1,120.0,2023-08-30T06:19:00Z
129973,23FDFBDF-5FBA-4CD9-8841-DC6227C5C86B,Ovens Supercharger,-36.587007,146.759301,Tesla (Tesla-only charging),AUD 0.42/kWh;other tariffs for older cars,4.0,4994 Great Alpine RD,Ovens,,CCS (Type 2),1,120.0,2019-07-30T09:30:00Z
128500,7B4DE1CA-AB86-455C-B23C-DE4038705221,Frosty Mango,-18.9477734155894,146.27998683444,Tesla (Tesla-only charging),Free,2.0,Bruce Highway,Mutarnee,,Tesla (Model S/X),1,22.0,2019-07-16T05:31:00Z
128458,37760EBE-39CF-4F45-929B-79863053148A,Gillies Street North,-37.535211492512,143.823742199547,(Business Owner at Location),Free,2.0,Gillies Street North,Ballarat,3355,Type 1 (J1772),1,6.6,2019-06-26T17:40:00Z
128374,FEA2B857-700E-4EB7-BC78-17C21495328B,Berry Supercharger,-34.808254,150.636711,Tesla (including non-tesla),AUD 0.42/kWh;other tariffs for older cars,6.0,B640 Princes Highway,Berry,,CCS (Type 2),1,120.0,2023-08-30T06:17:00Z
128371,66A1E2F7-10E2-472D-B83B-DE7B624388BD,Central Coast Supercharger [Tesla],-33.309014,151.421114,Tesla (Tesla-only charging),$0.52/kWh,6.0,Bryant Drive & Wyong Road,Tuggerah,,CCS (Type 2),1,120.0,2021-12-19T02:09:00Z
128195,07E5037B-8B92-46B7-9FC8-7477360EE1B4,PCYC Car Park,-33.75028109544636,151.28666346345153,ChargePoint,Free,2.0,Civic Parade,Dee Why,2099,Tesla (Model S/X); Type 1 (J1772); Type 2 (Socket Only),3,7.0,2021-11-17T09:59:00Z
126711,57069ACA-701B-4C61-8B34-47B8FDCE42D3,Greensborough Plaza,-37.7021622916574,145.102334661124,Chargefox,Free,4.0,25 Main St,Greensborough,3088,Type 2 (Socket Only); Type 2 (Tethered Connector) ,2,22.0,2023-07-13T23:38:00Z
126610,FA721000-71E4-40EA-82BA-0BF41E756B93,Mount Field Visitor Centre,-42.681838541884,146.716543290624,(Unknown Operator),"Free (national park entry fees apply), donation requested",1.0,66 Lake Dobson Road,National Park,7140,Type 2 (Socket Only),1,22.0,2026-01-11T22:51:00Z
126602,8B84459D-498B-4765-A45A-6A26BA586E37,Chargefox - Barnawartha North,-36.0741629913788,146.72714760942472,Chargefox,AUD 0.65/kWh,4.0,Murray Valley Hwy,Barnawartha North,3690,CCS (Type 2); CHAdeMO,8,350.0,2023-09-17T23:55:00Z
126300,5A40BA5E-7CCA-4158-A31C-272C1D245EB6,Chargefox - Euroa,-36.7430554636255,145.59112372251286,Chargefox,,4.0,Euroa Service Centre,Euroa,3666,CCS (Type 2); CHAdeMO,8,350.0,2025-04-19T06:46:00Z
126235,32A032EE-FD75-46E4-A89C-E83F0AD76AAF,Paterson St East Car Park,-41.4359929336476,147.139492094509,Chargefox,AUD 0.50 per kWh,2.0,15 Paterson Street,Launceston,7250,CCS (Type 2); CHAdeMO,2,50.0,2023-07-13T07:45:00Z
126130,CE18CF4E-83EE-4835-B039-16B104EE54B9,Narrandera Marie Bashir Park [NRMA],-34.74657009261118,146.55023922868645,NRMA,$0.66/kWh,1.0,31 Twynam Street,Narrandera,2700,CCS (Type 2); CHAdeMO,2,50.0,2024-11-12T12:09:00Z
125885,9DCA6D7B-9611-4B1C-9013-62CE7F584EA0,Macquarie Point Car Park,-42.880712589104,147.337127709596,(Business Owner at Location),Free (usual parking charges apply),2.0,10 Evans St,Hobart,7000,Type 2 (Socket Only),1,22.0,2019-05-03T22:57:00Z
125734,15D7B754-1307-4F60-AED2-2E1373EB89A2,Hobart Central Car Park,-42.8812069603813,147.324060134641,(Business Owner at Location),Free,2.0,60 Melville St,Hobart,7000,Type 1 (J1772),1,7.0,2019-04-26T09:29:00Z
121552,00690D9C-0195-436D-B0BA-F6C59E8A4CB5,Bathurst Supercharger,-33.41910934956461,149.58664011817848,Tesla (including non-tesla),AUD 0.66/kWh;other tariffs for older cars,6.0,1 Kendall Ave,Bathurst,,CCS (Type 2),1,120.0,2023-06-06T12:12:00Z
121546,14D46759-1CE5-4F8D-86FC-64D1CE0C69F1,Dubbo Supercharger [Tesla],-32.24995,148.609182,Tesla (including non-tesla),$0.52/kWh,4.0,76 Wingewarra Street,Dubbo,2830,CCS (Type 2),1,120.0,2023-08-30T06:19:00Z
116989,B77C2A0E-13A8-4A1E-9CB7-B6002E111AA3,North Shore Hamilton Station [QLD Electric Superhighway],-27.4443374840838,153.083977603349,Queensland Electric Super Highway,0,2.0,281 MacArthur Ave,Hamilton,4007,CCS (Type 2); CHAdeMO; Type 2 (Socket Only),5,50.0,2023-07-17T13:44:00Z
116846,07504E1B-D007-415F-A2A4-97C6F138796B,Albany Highway,-32.01768180025333,115.93733402246494,(Unknown Operator),,1.0,Albany Highway,Perth,6107,,0,,2019-02-15T09:16:00Z
114996,578B6ABB-2027-4E1E-89AD-1784ECEF6017,Sea Gypsy Boutique Cafe,-24.7635262364691,152.406376500262,Chargefox,Free,1.0,Somerville Street,Burnett Heads,4670,CCS (Type 2); CHAdeMO,2,50.0,2023-08-31T11:10:00Z
114487,ED52C97D-A22A-40E0-98F9-2BACF965A7FD,Murray Bridge Visitor Information Centre,-35.1203280440309,139.276326843254,Chargestar (AU),Free,4.0,2 Seventh Street ,Murray Bridge,5253,Type 2 (Socket Only),1,22.0,2019-01-09T10:09:00Z
114101,C093EBBF-2CC1-4E23-972A-AAD2E7CAD0D6,Maroochydore Supercharger,-26.654159,153.087171,Tesla (Tesla-only charging),AUD 0.42/kWh;other tariffs for older cars,6.0,154-164 Horton Parade,Maroochydore,,CCS (Type 2),1,120.0,2019-03-22T18:58:00Z
113903,53F592F0-C8DE-4508-A69D-9417E7966FAF,Canberra Supercharger,-35.294304,149.190322,Tesla (Tesla-only charging),AUD 0.42/kWh;other tariffs for older cars,6.0,Catalina Drive,Majura Park,2609,CCS (Type 2),1,120.0,2019-03-22T18:24:00Z
113821,B0943B9C-3EDA-4ECF-92F2-11E72F7605A0,Gold Coast Supercharger,-28.035361,153.427306,Tesla (Tesla-only charging),AUD 0.42/kWh;other tariffs for older cars,8.0,2 Hooker BLVD,Gold Coast,,CCS (Type 2),1,120.0,2019-03-22T18:26:00Z
113602,7CE93ACF-1205-449E-9B46-9BCE0B8047A9,Tamworth Supercharger,-31.1016479615861,150.9173432295,Tesla (Tesla-only charging),AUD 0.42/kWh;other tariffs for older cars,4.0,West Tamworth League Club,Tamworth,2340,CCS (Type 2),1,120.0,2019-03-22T18:24:00Z
109340,D0218839-A094-4987-9EC3-51C05FBDABE8,Narooma Supercharger,-36.223136,150.128346,Tesla (including non-tesla),AUD 0.42/kWh;other tariffs for older cars,4.0,185 Princes Highway,Narooma,,CCS (Type 2),1,120.0,2023-08-30T06:15:00Z
107781,8E88F8DE-1E58-4D7F-A605-E09B57315908,"Jerningham Street, North Adelaide",-34.9074752234107,138.605518610603,,Free first hour then $0.20/kWh from 6am to 6pm Monday to Friday and then $0.10/kWh at all other times (Minimum fee of $1 applies after first hour),2.0,61 Jerningham Street,North Adelaide,5006,Type 2 (Socket Only),1,22.0,2018-08-11T21:08:00Z
107780,1D933A66-C0E0-426A-A044-E8AFCDF45334,"Topham UPark, Adelaide",-34.9255831251237,138.597405975263,(Unknown Operator),Free first hour then $0.20/kWh from 6am to 6pm Monday to Friday and then $0.10/kWh at all other times (Minimum fee of $1 applies after first hour),4.0,52-54 Waymouth Street,Adelaide,5000,Type 2 (Socket Only),1,22.0,2026-07-16T04:52:00Z
107779,E25618F1-BF43-4395-860F-69BF60D861DF,"Light Square, Adelaide",-34.9255343,138.5946563,,Free first hour then $0.20/kWh from 6am to 6pm Monday to Friday and then $0.10/kWh at all other times (Minimum fee of $1 applies after first hour),2.0,70 Light Square,Adelaide,5000,Type 2 (Socket Only),1,22.0,2018-08-11T21:08:00Z
107778,15DD46AD-494C-4415-8F6D-CC393FC0D3ED,"Wyatt UPark, Adelaide",-34.9250025518746,138.604250972669,,Free first hour then $0.20/kWh from 6am to 6pm Monday to Friday and then $0.10/kWh at all other times,4.0,18-34 Wyatt Street,Adelaide,5000,Type 2 (Socket Only),1,22.0,2018-08-11T21:09:00Z
107777,18B71722-CABF-48BF-9F1F-264EF81A26D8,"Hindmarsh Square, Adelaide",-34.9244219745177,138.604937618177,,Free first hour then $0.20/kWh from 6am to 6pm Monday to Friday and then $0.10/kWh at all other times (Minimum fee of $1 applies after first hour),2.0,47 Hindmarsh Square,Adelaide,5000,Type 2 (Socket Only),1,22.0,2018-08-11T21:08:00Z
107776,EA02EF6D-1CA2-45F0-A2B7-7E3896BF68C9,"Rundle UPark, Adelaide",-34.9229265290754,138.605967586439,,Free first hour then $0.20/kWh from 6am to 6pm Monday to Friday and then $0.10/kWh at all other times (Minimum fee of $1 applies after first hour),11.0,163-185 Rundle Street,Adelaide,5000,Type 2 (Socket Only),1,22.0,2018-08-11T21:08:00Z
107775,F8995CDB-A4D1-4B78-867D-EBEFDCFA2F86,Adelaide Central Market,-34.9298933132088,138.597212856214,,Free first hour then $0.20/kWh from 6am to 6pm Monday to Friday and then $0.10/kWh at all other times (Minimum fee of $1 applies after first hour),11.0,40-60 Gouger Street,Adelaide,5000,Type 2 (Socket Only),1,22.0,2018-08-11T21:08:00Z
107003,DC8AC5DC-20A5-4BD0-92D2-99008278AFC8,Kimberley Entrance Caravan Park,-17.3073017,123.6264617,(Business Owner at Location),,1.0,Rowan Street,,6728,Three Phase 5-Pin (AS/NZ 3123),1,22.0,2018-07-12T19:38:00Z
106990,CB8A9E62-0BC7-415F-BAFE-DD663AF5F1F1,Fitzroy Crossing BP Roadhouse,-18.196713,125.5629255,(Unknown Operator),,1.0,158 Great Northern Highway,Fitzroy Crossing,,Three Phase 5-Pin (AS/NZ 3123),1,22.0,2022-09-01T02:52:00Z
106989,02B2805E-CEF2-458A-8A25-84B65068F57A,Kununurra Agricultural Show Grounds,-15.771180096780398,128.73165995397676,(Unknown Operator),,1.0,214 Coolibah Drive,Nulleywah,6743,Three Phase 5-Pin (AS/NZ 3123),1,22.0,2021-01-02T21:29:00Z
106988,AD6404FA-BB44-46D8-9152-517B2417B3DC,Warmun Roadhouse,-17.017009491078326,128.21695086556724,(Unknown Operator),$0.44/kWh,1.0,Great Northern Highway,Warmun,6743,Three Phase 5-Pin (AS/NZ 3123),1,22.0,2023-07-25T10:33:00Z
106815,756F2400-A153-41F8-84F3-B8F8920B5785,Charles Darwin University - Car Park Orange C,-12.374576,130.869764,(Business Owner at Location),Free,1.0,77 Lakeside Avenue,Darwin,0810,Type 1 (J1772); Type 2 (Socket Only); Type I (AS 3112),3,22.0,2018-07-02T11:11:00Z
105177,7CB62CE2-D515-4C11-AB38-CC2A9B234A5D,Miriam Vale QESH,-24.327315454004623,151.56053269510653,Queensland Electric Super Highway,$0.30,2.0,Blomfield Street,Miriam Vale,4677,CCS (Type 2); CHAdeMO; Type 2 (Socket Only),3,50.0,2023-07-17T13:35:00Z
105176,5D5F8173-D2F7-4D7C-B353-68D1990D5CA6,Childers QESH,-25.235051698123705,152.27907294299166,Queensland Electric Super Highway,$0.30 per kWh,2.0,1-3 Crescent Street,Childers,4660,CCS (Type 2); CHAdeMO; Type 2 (Socket Only),3,50.0,2023-07-17T13:46:00Z
105175,74845780-0D20-4D9E-BB90-79D2711E002E,Maryborough QESH,-25.5395639,152.6987293,Queensland Electric Super Highway,AUD $0.30 / kWh,2.0,102 Lennox Street,Maryborough,4650,CCS (Type 2); CHAdeMO; Type 2 (Socket Only),3,50.0,2023-07-17T13:37:00Z
105174,566F334B-C0E6-4F0F-89F7-1068B7BB7076,Cooroy Station,-26.4178079482267,152.911369371053,Queensland Electric Super Highway,AUD $00.45 / kWh,2.0,Elm Street,Cooroy,4563,CCS (Type 2); CHAdeMO; Type 2 (Socket Only),3,50.0,2023-07-17T13:15:00Z
100404,D0D3C711-5C0C-4858-8505-819B46C9B477,Broadway Supercharger,-33.882995,151.194332,Tesla (Tesla-only charging),AUD 0.42/kWh;other tariffs for older cars,8.0,1 Bay Street,Broadway,2007,CCS (Type 2),1,120.0,2025-03-21T01:01:00Z
100340,BF4F533A-3631-4BAE-9399-C64F43845FFC,Adelaide Airport Terminal Car Park,-34.9377511939248,138.536149263382,(Unknown Operator),Free,4.0,Sir Richard Williams Avenue,Adelaide Airport,5950,Type 1 (J1772); Type 2 (Tethered Connector) ,2,7.0,2018-02-27T02:27:00Z
100339,38FD06C5-0C2A-440F-AE7A-3FEA930C2022,Tea Tree Plaza Transport Interchange Car Park,-34.8311586377413,138.695129156113,ChargePoint,Parking is $10/day. Fees for EV Charging are $2.80/hr with max $11.20.,2.0,Smart Road ,Modbury,5092,Type 1 (J1772),1,6.6,2018-02-23T23:18:00Z
100338,E6E5BAE9-4BBA-48F9-A6E7-4791D2CE8D3E,Organic Market and Cafe,-35.0055123951571,138.716045022011,ChargePoint,Free,1.0,5 Druid Avenue,Stirling East,5152,Type 1 (J1772); Type 2 (Tethered Connector) ,2,6.6,2018-02-23T23:18:00Z
100337,1D3DCEF8-44BC-4150-A645-292A29004319,Unley Nissan,-34.9561487480727,138.60754430294,ChargePoint,Free,1.0,284 Unley Road,Hyde Park,5061,Type 1 (J1772),1,6.6,2018-02-23T23:17:00Z
100310,6E949F98-B5BA-4756-B2E5-A14A36698067,Summit Community Centre,-34.9237435964961,138.72494995594,Chargestar (AU),Free,1.0,1 Crescent Drive,Norton Summit,5136,Type 1 (J1772),1,7.0,2018-02-22T09:55:00Z
100271,8FBA82EE-F21D-4E13-8BA7-4A83ED99527A,UPark on Grote Street,-34.9282342045162,138.596016168594,(Unknown Operator),Free,2.0,82 Grote Street,Adelaide,5000,Type I (AS 3112),1,3.6,2018-02-20T14:32:00Z
100240,4416DBB4-DD56-4C87-956E-D5C78A9D6AE7,Fleurieu Automotive,-35.5579131000237,138.600490093231,Tesla (Tesla-only charging),Free,1.0,56 Maude Street,Victor Harbour,5211,Type 2 (Tethered Connector) ,1,,2018-02-25T10:19:00Z
100239,DA159B68-67F1-4674-B14E-F12C30B84432,Gawler Council Administration Centre,-34.597536084816,138.750350475311,ChargePoint,Free,2.0,41 High Street,Gawler East,5118,Type 1 (J1772),1,6.6,2018-02-21T06:54:00Z
100238,E5878B36-DED1-42B0-8785-980853350FF5,Parndana Kangaroo Island,-35.7913961145384,137.263805866241,(Unknown Operator),See Chargepoint website for fees.,1.0,85 Wedgewood Road,Parndana,5220,Type 1 (J1772),1,6.6,2018-02-20T14:34:00Z
100237,177F8D2B-17E6-4599-873A-22F82159AA7B,Kingscote Kangaroo Island,-35.655587624348,137.638199329376,ChargePoint,See Chargepoint website,1.0,2 Murray Street,Kingscote,5223,Type 1 (J1772),1,6.6,2018-02-20T14:34:00Z
100236,42F20357-0517-4F6E-9E28-F0A3F35A4B4A,Penneshaw Kangaroo Island,-35.7182945532347,137.938553094864,ChargePoint,See website or phone for fees,1.0,27 Middle Terrace,Penneshaw,5222,Type 1 (J1772),1,6.6,2018-02-20T14:34:00Z
100235,F7183743-7BAE-42FA-ACBA-3CF5B15F6E25,Burnside Shopping Centre,-34.9423509694796,138.641946315765,ChargePoint,Free,3.0,Cator Street,Burnside,5065,Type 2 (Socket Only),2,7.0,2026-07-17T08:19:00Z
100231,424D4779-FC74-4DBF-9FBB-084E31A942C2,Office Building car park,-34.9782827782779,138.573560714722,ChargePoint,Free,1.0,962 South Road,Edwardstown,5039,Type 1 (J1772),1,6.6,2019-01-09T10:11:00Z
100230,99B8A95A-EF26-47EE-AF7A-340DF97B85C3,Gawler Visitor Information Centre,-34.5964807070339,138.749830126762,ChargePoint,Free,1.0,Pioneer Place,Gawler,5118,Type 1 (J1772),1,6.6,2018-02-21T06:28:00Z
100229,BE807160-86D2-4EFE-A16B-777269A66C16,Adelaide Hills Business Centre,-34.9494963805521,138.87688100338,(Unknown Operator),Free,1.0,82 Onkaparinga Valley Road,Woodside,5244,Type 1 (J1772),1,7.0,2018-02-25T12:03:00Z
100228,5A18AD21-62FA-4147-9533-A59E333B090D,Barker Reserve,-35.5576774380052,138.612383008003,Chargestar (AU),Free,1.0,Bay Road,Victor Harbor,5211,Type 1 (J1772),1,7.0,2018-02-20T14:42:00Z
100225,77224C7F-105E-461A-BE5A-C06A92885A14,Strathalbyn Visitor Information Centre,-35.2611352649743,138.891831636429,Chargestar (AU),Free,1.0,20 South Terrace,Strathalbyn ,5255,Type 1 (J1772),1,7.0,2018-02-20T14:41:00Z
100224,4E035D41-2042-404F-BAE0-E26759006400,Normanville Town Centre,-35.44700132829,138.318842053413,Chargestar (AU),Free,1.0,12 Edwards Avenue,Normanville,5204,Type 1 (J1772),1,7.0,2024-07-08T08:58:00Z
100223,26D31B25-EB92-44DD-8C17-4A380305258F,Goolwa Visitor Centre,-35.502923987621,138.784103393555,Chargestar (AU),Free,2.0,2 Cadell street,Goolwa,5214,Type 1 (J1772),1,7.0,2024-07-08T08:58:00Z
100222,69AF7AA9-B649-468D-A7B1-12C9A4922EFD,Town Centre,-35.5538980228341,138.621958494186,Chargestar (AU),Free,1.0,2 Stuart Street,Victor Harbor ,5211,Type 1 (J1772),1,7.0,2018-02-20T14:37:00Z
100221,C61B4A6A-6877-47CE-AC9B-A525E105CAB4,Summit Health Centre,-35.0812612,138.8692225,(Unknown Operator),Free,2.0,85 Wellington Road,Mount Barker,5251,Type 1 (J1772),1,7.0,2018-02-25T12:10:00Z
100220,873DE7B3-4C66-48E6-9087-692C578F94EF,City of Adelaide EV Hub,-34.9275656868653,138.5951846838,Chargefox,,4.0,109 Franklin St,Adelaide,5000,CCS (Type 2); Type 2 (Socket Only),2,125.0,2024-08-25T01:06:00Z
97619,1BDAA70D-42CC-4136-AA4E-6B075A0D4311,Coffs Harbour Supercharger [Tesla],-30.281439,153.131666,Tesla (Tesla-only charging),$0.52/kWh,6.0,253 Pacific Highway,Coffs Harbour,2450,CCS (Type 2),1,120.0,2021-12-19T01:50:00Z
97236,6D60D569-C68B-4FFD-9ECC-841BA096955A,Stockland Riverton Center,-32.0396593286931,115.904397939737,Tesla (Tesla-only charging),Free,2.0,High Road,Perth,6147,Type 2 (Tethered Connector) ,1,22.0,2025-05-30T22:01:00Z
95080,2F8DF422-E9D3-4309-BF64-8B1AF1847A8A,Euroa Supercharger,-36.752887,145.573418,Tesla (Tesla-only charging),AUD 0.42/kWh;other tariffs for older cars,6.0,46 Kirkland Ave,Euroa,,CCS (Type 2),1,120.0,2019-03-22T18:02:00Z
93664,8E89187A-0269-4277-9BA9-39EE6B4A1CBC,Eaton Supercharger,-33.319629016842256,115.71772716499686,Tesla (Tesla-only charging),AUD 0.68/kWh;other tariffs for older cars,6.0,2 Recreation Drive,Eaton,6232,CCS (Type 2),1,150.0,2023-07-16T03:07:00Z
93426,0BB43505-2696-4A8B-807F-F9018C335C08,Horsham Supercharger,-36.71591547781505,142.19650194656884,Tesla (Tesla-only charging),AUD 0.42/kWh;other tariffs for older cars,3.0,126 Wilson St,Horsham,3400,CCS (Type 2),1,250.0,2023-04-08T11:38:00Z
93403,BBFA188B-405B-45FA-B8E7-36B2C26037F6,Clare Valley Supercharger [Tesla],-33.8485,138.618157,Tesla (including non-tesla),$0.52/kWh,4.0,74a Main N RD,Clare,5453,CCS (Type 2),1,120.0,2023-08-30T06:13:00Z
93384,DBE1ED42-D666-4F7B-9FDF-02CBAB4AEC50,Adelaide Supercharger,-34.927555,138.595225,Tesla (Tesla-only charging),AUD 0.42/kWh;other tariffs for older cars,4.0,109 Franklin Street,Adelaide,5000,CCS (Type 2),1,120.0,2019-06-03T14:52:00Z
93371,8187A722-54CB-4F37-AD83-AA48AA8F28E2,Keith Supercharger,-36.099082,140.355645,Tesla (Tesla-only charging),AUD 0.42/kWh;other tariffs for older cars,4.0,Heritage St,Keith,5267,CCS (Type 2),1,120.0,2019-03-22T18:03:00Z
91847,BC544154-BBC6-443A-886D-B1E0D5350760,Brisbane-Fortitude Valley,-27.451699,153.040473,Tesla (Tesla-only charging),AUD 0.42/kWh;other tariffs for older cars,4.0,1062 Ann Street,Fortitude Valley,,CCS (Type 2),1,120.0,2019-03-22T18:55:00Z
91621,F376427E-9983-4B56-8121-997DD176AE39,Bunnings Homebase Subiaco,-31.942718738540442,115.8213074905982,Chargefox,See chargefox app for current rates.,1.0,55 Salvado Road,Perth,6008,Type 2 (Socket Only),1,22.0,2023-07-13T23:41:00Z
90199,519ACA2C-FBE0-40BB-8D19-588A5E468084,Cooma Supercharger,-36.235522,149.126794,Tesla (Tesla-only charging),AUD 0.42/kWh;other tariffs for older cars,4.0,85-91 Commissioner Street,Cooma,NSW 2630,CCS (Type 2),1,120.0,2019-03-22T18:03:00Z
79851,29594022-C9BB-47F2-886F-8C021434A713,Goulburn Supercharger [Tesla],-34.755597,149.720984,Tesla (Tesla-only charging),$0.52/kWh,8.0,201 Sloan St,Goulburn,,CCS (Type 2),1,120.0,2021-12-19T02:14:00Z
79804,3CDA4FF5-E4C2-4F06-B92E-C7D1151DEB35,Ballarat Supercharger,-37.534601,143.822503,Tesla (Tesla-only charging),AUD 0.42/kWh;other tariffs for older cars,6.0,333 Gillies St,Ballarat,3355,CCS (Type 2),1,120.0,2019-03-22T18:45:00Z
79760,E8141C71-76C1-46D8-8014-C74DDB0F4F5D,Gundagai Supercharger [Tesla],-35.002106,148.109934,Tesla (Tesla-only charging),$0.52/kWh,6.0,34 Annie Pyers Drive,Gundagai,2722,CCS (Type 2),1,120.0,2021-12-19T02:16:00Z
79490,07A8D942-91C4-4376-B3EA-76FE308696A9,Heatherbrae Supercharger [Tesla],-32.787812,151.727704,Tesla (Tesla-only charging),$0.52/kWh,6.0,2285 Pacific Highway,Heatherbrae,2324,CCS (Type 2),1,120.0,2021-12-19T02:07:00Z
79411,C627045C-EA0B-42D2-9158-BAF07DF60FD6,Wodonga Supercharger,-36.12386,146.889963,Tesla (Tesla-only charging),AUD 0.42/kWh;other tariffs for older cars,6.0,5-13 Havelock Street,Wodonga,3690,CCS (Type 2),1,120.0,2019-03-22T18:29:00Z
79311,3D72218B-DA57-451E-A233-B1F6084A8FEC,Port Macquarie Supercharger [Tesla],-31.4361,152.823582,Tesla (Tesla-only charging),AUD 0.52/kWh,6.0,764 Pacific Highway,Port Macquarie,2444,CCS (Type 2),1,120.0,2021-12-19T01:54:00Z
79243,4705122A-F108-43D8-83EC-A926539B08BC,Knockrow Supercharger,-28.749539,153.534722,Tesla (including non-tesla),AUD 0.42/kWh;other tariffs for older cars,6.0,419 Hinterland Way,Knockrow,2479,CCS (Type 2),1,120.0,2023-08-30T06:20:00Z
77174,E5260B6A-1E32-45F8-8DFD-38A754942623,Carnarvon Seachange Apartments,-24.8837684687111,113.655171378484,(Business Owner at Location),Contact owner ,2.0,"73 Olivia Terrace, Carnarvon WA 6701",Carnarvon,6701,Type 2 (Tethered Connector) ,1,,2020-11-09T14:59:00Z
74343,4F936BEE-2921-4373-A47B-08C96DC827A5,Success Center ,-32.130421,115.853806,(Business Owner at Location),Free,2.0,25 Wentworth Parade,Cockburn ,6164,Type 2 (Socket Only),1,7.0,2022-11-08T04:19:00Z
73305,93D0D0E3-E4D0-4D8D-AB6E-ACD02B062EA0,Feathertop Winery,-36.6758307,146.8883634,Tesla (Tesla-only charging),Free,2.0,6619 Great Alpine Road,Porepunkah,,Type 2 (Tethered Connector) ,1,22.0,2017-01-31T18:12:00Z
72049,38507E1A-8647-4ECF-AF2E-13C913DD6A40,Ballina Day Surgery,-28.8707201,153.5632833,(Business Owner at Location),,1.0,46 Tamar St,Baillina,2478,Type 2 (Tethered Connector) ,1,22.0,2016-10-05T06:59:00Z
70036,13C4C749-7913-4F2D-8FBA-5B1A8B5583E4,Crooked Carrot Cafe,-33.0212628,115.7344491,(Business Owner at Location),Free,1.0,Forrest Highway,Myalup,,Type I (AS 3112),1,3.0,2020-04-19T19:45:00Z
70034,8B59078E-BE10-4A17-A6D0-99DF1F669D6B,Cockburn Gateway Shopping City,-32.1311632744087,115.85675239563,Chargestar (AU),$0.45 per kWh,2.0,Cockburn central,Cockburn ,6164,Type 2 (Socket Only),1,22.0,2022-11-08T04:20:00Z
70021,59F06018-9F81-4A28-BB36-1853035C29EC,Psaros Depot,-31.9465882,115.8684012,(Unknown Operator),Free,1.0,59 Brewer Street ,East Perth ,,Type 1 (J1772),1,7.0,2020-05-18T23:27:00Z
70019,032F1CDA-3EA0-4336-992B-D82AB15AFA88,Stockland baldivis ,-32.332038197451894,115.81543780164884,(Business Owner at Location),Free,2.0,Norseman approach,Baldivis ,,Tesla (Model S/X); Type 2 (Socket Only),2,22.0,2023-08-17T12:39:00Z
66046,2E3822AD-3F23-422D-9475-EDAFD81F7117,Donnybrook Shire,-33.574681033694176,115.82452538723692,RAC Electric Highway/ChargeStar,Free,1.0,Crowley Place,Donnybrook‎,6239,CCS (Type 2); CHAdeMO; Type 1 (J1772); Type 2 (Socket Only),4,50.0,2025-12-14T08:35:00Z
66044,F69DAB54-EAD5-49A5-A5E9-F0248564A5B5,RAC Electric Highway Harvey,-33.079053,115.896327,Chargefox,Free,2.0,5–31 Hayward Street,Harvey‎,6220,CCS (Type 2); CHAdeMO; Type 2 (Socket Only),3,50.0,2023-07-13T23:40:00Z
66042,1AFFFCA5-E1D1-4F2F-90E8-103FBA3B4DCC,Nannup Fast Charger,-33.979816,115.763459,Chargestar (AU),Free,1.0,16–19 Adam Street,Nannup‎,6275,CCS (Type 2); CHAdeMO; Type 2 (Socket Only),3,50.0,2024-01-25T05:17:00Z
66041,8FA185C8-806C-4A51-815B-88F998D5A8F1,Margaret River RAC Electric Highway,-33.95358142418849,115.070896629059,Chargefox,45c/kwh + 30c,2.0,41 Wallcliffe Road,Margaret River,6285,CCS (Type 2); CHAdeMO; Type 2 (Socket Only),3,50.0,2023-07-13T23:48:00Z
66040,C08B02B2-B9D8-4AF2-A9A2-5C55495B3730,Augusta Car Park RAC Electric Highway,-34.315148,115.158737,Chargefox,See operators website,1.0,72 Blackwood Avenue,Augusta‎,6290,CCS (Type 2); CHAdeMO; Type 2 (Socket Only),3,50.0,2023-07-13T23:46:00Z
66038,6F00F29A-D8ED-475C-9690-E4D6E8D262C8,CBH Group,-31.483285,118.249168,(Business Owner at Location),Free,1.0,LOT 7 Gabo Avenue,Merredin,6415,Unknown,1,22.0,2016-05-29T12:22:00Z
66036,5A1FCDCE-E3C9-4EAA-A9D3-701A3BCF0259,Southern Cross Oval,-31.2292014414001,119.328518825795,(Business Owner at Location),Free,2.0,35 Spica Street, Southern Cross,6426,Unknown,1,22.0,2022-12-10T00:51:00Z
66035,0425BBBD-E02B-43CB-8460-581E7B266A24,Norseman Oval,-32.19640258752865,121.77616249834006,(Business Owner at Location),$35,1.0,31 Sinclair Street,Norseman,,Three Phase 5-Pin (AS/NZ 3123),1,22.0,2021-11-27T12:01:00Z
66034,D8AE3C4E-1CF7-412D-9E04-390864209629,Balladonia Hotel Motel,-32.351950707003716,123.61710184080994,(Business Owner at Location),$1/kWh,1.0,Eyre Highway,Balladonia,6443,CCS (Type 2); Three Phase 5-Pin (AS/NZ 3123),2,22.0,2022-01-16T06:15:00Z
66033,D2877901-79B0-4C89-89C7-5ABA2299930E,Border Village,-31.638741120034034,129.00329404080298,(Business Owner at Location),Free,1.0,Eyre Highway,Border Village,5690,Three Phase 5-Pin (AS/NZ 3123),1,16.0,2022-09-12T04:05:00Z
66032,8E3EAED9-D816-43A3-B69D-6953FCDEB83D,Nullarbor Roadhouse Caravan Park,-31.4502257,130.8962769,(Unknown Operator),$32 fixed charge,1.0,Old Eyre Highway,Nullarbor,5690,CCS (Type 2),1,22.0,2023-12-20T00:03:00Z
66031,EB5A7432-B890-4340-A416-B1B604A07480,Eucla Motor Hotel,-31.677182739271366,128.88337208224527,(Business Owner at Location),"$0.88 / kWh, or $25 with accommodation",1.0,Eucla-Reid Road,Eucla,6443,Three Phase 5-Pin (AS/NZ 3123); Type I (AS 3112),2,22.0,2022-09-12T04:04:00Z
62518,B352C75C-94B0-4EA5-9CFF-5D17C1367332,Tonsley Boulevard,-35.00825619441188,138.57490811884736,(Business Owner at Location),Free,2.0,Tonsley Boulevard,,5042,CCS (Type 2); CHAdeMO; Type 2 (Socket Only),4,50.0,2023-07-20T05:03:00Z
60564,B4CD9942-C352-458F-9AFD-E01206C716E0,Mittagong NSW Main Street,-34.4499721,150.451723,ChargePoint,if you are not a member of Charge Point ask at the desk of the Visitor Centre 9 am - 5pmfor help. ,1.0,62-70 Main Street,Mittagong ,2576,Type 1 (J1772),1,7.2,2020-11-19T12:10:00Z
60416,369D91DF-5352-48A8-BFDA-7861F3173A6D,St Kilda Town Hall,-37.8682677,144.9895699,(Unknown Operator),Free,2.0,164 Carlisle Street,St Kilda,3182,Type 2 (Socket Only); Type I (AS 3112),2,3.5,2016-01-25T11:57:00Z
60186,A31458B7-D92D-4A82-8D2A-4DDECB3A8B77,City of Casey,-38.016591,145.292402,POD Point (UK),Free,2.0,Princes Highway,City of Casey,3805,Type 2 (Socket Only),1,7.0,2019-04-30T05:29:00Z
59151,4EC61328-2378-43FB-B3BE-A3BD80BD1F5D,Evoenergy Visitor Carpark,-35.42275,149.072389,Evie,Pricing set to 69c per kWh of charging.,2.0,28 Oakden Street,Greenway,2900,CCS (Type 2); CHAdeMO,2,50.0,2026-07-12T03:12:00Z
55007,D12EBFED-1C42-418A-BC68-37E51D7BA5DD,Park Hyatt Sydney,-33.8560032,151.2094239,Tesla (Tesla-only charging),Free,2.0,7 Hickson Road,The Rocks,2000,Tesla (Model S/X),1,7.6,2017-01-31T18:52:00Z
54547,762D5D32-7493-4279-8B50-F471D4979638,Westfield Sydney - Valet Parking,-33.8694048813709,151.208287100525,Tesla (Tesla-only charging),Free,2.0,135 King Street,Sydney,2000,Tesla (Model S/X),1,7.6,2017-01-31T16:45:00Z
52844,7BEA03C1-98BB-41D5-9A06-BE1E1DF53AD7,Crowne Plaza Terrigal,-33.4484777280442,151.445479384747,Tesla (Tesla-only charging),Free,2.0,Pinetree Lane,Terrigal,2260,Tesla (Model S/X),1,3.0,2017-01-31T20:25:00Z
48375,AC7C31FF-F107-470D-8022-DC4AECF6F707,UWA DC FC Veefil,-31.9788128701367,115.819373130798,The REV Project (UWA - Australia),15c/kWh,1.0,35 hackett drive,crawley,,CCS (Type 2); CHAdeMO,2,50.0,2021-12-01T12:00:00Z
48365,D0947B06-5E16-45A9-B168-DD704FEDF3EC,Busselton City,-33.6458309709066,115.34195677902198,Chargefox,See operators website,1.0,880 Geographe Bay Rd,Busselton,6280,CCS (Type 2); CHAdeMO; Type 2 (Socket Only),3,50.0,2025-12-01T07:54:00Z
48364,DFFC11C8-229C-40FA-A16C-CC864B754D79,Symmons Street Parking,-33.323613307980935,115.63775926256562,Chargefox,See operators website,2.0,31 Symmons St ,Bunbury City,6230,CCS (Type 2); CHAdeMO; Type 2 (Socket Only),3,50.0,2025-07-17T13:02:00Z
48358,6C955227-1E86-42D2-BE9E-A1A4DD3E7AB8,RAC Electric Highway Mandurah ,-32.527664807186866,115.72121359357834,Chargefox,See operators website,2.0,Mandurah Terrace,Mandurah,6210,CCS (Type 2); CHAdeMO; Type 2 (Socket Only),3,50.0,2025-07-26T08:43:00Z
40740,5A97CCE5-7E12-4BC1-A5AD-F2FA3119185E,Southland Medical Centre,-37.958611,145.057267,(Unknown Operator),,1.0,50 Chesterville rd,Cheltenham,3192,,0,,2015-01-13T16:55:00Z
31109,479821C4-6E3E-46CA-94B3-7572CA4DB923,650 Church Street Building 5,-37.8318863645605,144.995866953165,Tesla (Tesla-only charging),AUD 0.42/kWh;other tariffs for older cars,4.0,Church Street,Melbourne,3121,CCS (Type 2),1,120.0,2019-03-22T18:48:00Z
24508,BD5C7313-95C5-424E-B7AF-A5CF86919625,Barbagallo Raceway,-31.664336864323225,115.78576639030814,(Business Owner at Location),Pay for parking,5.0,Wattle Avenue East,Joondalup,,Three Phase 5-Pin (AS/NZ 3123); Type I (AS 3112),3,22.0,2023-07-28T03:24:00Z
16827,FAD8D6DF-100D-49EB-BC08-64E1209168B1,Northside Nissan ,-31.793866981825452,115.81485993488059,Chargefox,Free,1.0,14 Berriman Dr,Wanneroo,6065,Type 2 (Socket Only),1,22.0,2022-10-14T22:14:00Z
16672,EE8D29F4-F1D1-4121-9A99-4061ED3DE7E4,Murdoch University,-32.069294756142725,115.84106574515033,(Unknown Operator),Free,2.0,Murdoch Drive,Murdoch,6150,Type 2 (Socket Only),1,4.8,2021-10-13T06:01:00Z
16671,5C76624A-D1DF-4DD5-AE75-1657481E7191,The West Australian,-31.912390364137213,115.81142842769623,The REV Project (UWA - Australia),Free,2.0,50 Hasler Road,Osborne Park,6017,Type 2 (Socket Only),1,7.2,2021-10-13T06:06:00Z
16670,57071C69-FB07-4786-B92A-301CF96E3099,"RAC, West Perth",-31.947956,115.84884,Chargefox,$0.60 per kwh,2.0,832 Wellington Street,West Perth,6003,CCS (Type 2); CHAdeMO; Type 2 (Socket Only),3,350.0,2023-07-13T12:21:00Z
16669,34BC92B9-AC95-40F3-AE75-2772E770637E,Mainroads WA,-31.956628,115.877066,(Business Owner at Location),Free,1.0,Don Aitken Centre - Waterloo Crescent,East Perth,6004,Type 2 (Socket Only),1,7.0,2023-08-24T05:32:00Z
16667,3B40C539-58CE-4E74-AC94-0942894D0CEA,"East Perth Train Station, Park & Ride",-31.943921,115.876775,The REV Project (UWA - Australia),Free,1.0,East Perth Train Station -  Summers Street (West),Highgate,6003,Type 2 (Socket Only),1,7.2,2013-06-04T10:37:00Z
16666,A423C2EE-4047-441F-A367-4CA3A53ED3D1,City of Swan Depot,-31.869875,116.016412,The REV Project (UWA - Australia),Free,1.0,City of Swan Depot - Bishop Road,Middle Swan,6056,Type 2 (Socket Only),1,4.0,2020-04-19T19:43:00Z
16655,5E0B6BDC-A638-4720-9C7B-2B42C1FFACE7,Belvedere Caravan Park,-32.522026,115.73014,(Business Owner at Location),Pay - $37-41,1.0,153 Mandurah Terrace,Mandurah,6210,Type I (AS 3112),1,3.6,2013-05-31T05:23:00Z
16654,453711CC-7F2F-40C7-83DC-9619051FC63D,Guilderton Caravan Park,-31.350431412517,115.50134423591,(Business Owner at Location),$30 for the day,1.0,2 Dewar Street,Guilderton,6041,Type I (AS 3112),1,3.6,2021-10-13T06:05:00Z
16652,8E2491AE-100D-4FD3-B6B2-441B77BB6BE0,Melville Holden,-32.0315997664746,115.80961525440216,(Business Owner at Location),Free,2.0,534 Canning Highway,Attadale,6156,Type 2 (Socket Only),1,3.3,2021-10-13T06:02:00Z
16526,45EB4163-0681-4AD8-9DDD-A76EFFD25794,Mandurah Caravan Park,-32.546794,115.76944100000003,(Business Owner at Location),Pay - $1 per hour ,1.0,522 Pinjarra Road,Furnissdale,6209,Type I (AS 3112),1,3.6,2013-05-18T10:52:00Z
16322,7EFD0563-4F22-4A82-B770-857F37D41B42,Bindoon Oval,-31.386192,116.09747300000004,(Unknown Operator),Free,9.0,6180 Great Northern Hwy,Bindoon,6502,Type I (AS 3112),1,3.6,2021-03-20T11:49:00Z
16300,333AD7ED-6B0F-424D-B200-89CCF708DCEB,Yanchep Central Shopping Centre,-31.549120088759476,115.63858419656778,(Business Owner at Location),Free,1.0,1&2 Peony Boulevard,Yanchep ,6035,Type I (AS 3112),1,2.3,2021-10-13T06:00:00Z
16299,A4003C61-089A-46D1-BA0A-A11FB551A702,University of Western Australia,-31.977629271750153,115.81634480917228,The REV Project (UWA - Australia),Free,1.0,35 Stirling Highway Car Park No. 20,Perth,WA,Type 2 (Socket Only),2,4.8,2021-10-13T06:02:00Z
16288,8E027EE7-C9AC-4AA8-90F6-D35832D00763,Goderich St Carpark - City of Perth Parking,-31.957191,115.87013200000001,(Business Owner at Location),Free,1.0,133 Goderich Street,Perth,6004,Three Phase 5-Pin (AS/NZ 3123),1,22.0,2020-05-20T01:02:00Z
16287,569615B2-8F6C-4C46-B400-106E40B94055,Pier Street - City of Perth Parking,-31.9537826133991,115.862819552422,(Unknown Operator),Free,2.0,87-89 Pier Street,Perth,6000,Three Phase 5-Pin (AS/NZ 3123); Type 1 (J1772),2,22.0,2020-05-18T23:26:00Z
16286,CD2C4A10-17F2-4717-B0BF-082BC6C9215C,His Majesty's - Carpark,-31.95201699999999,115.85426200000006,(Business Owner at Location),Free,2.0,377 Murray St,Perth,6000,Three Phase 5-Pin (AS/NZ 3123),1,22.0,2021-09-03T01:55:00Z
16285,247B2F81-2CC2-4F19-8F4E-1A399514D39C,Citiplace Community Centre Parking,-31.95144307350448,115.86082935333252,(Unknown Operator),Free,2.0,8-10 Roe St,Northbridge,6003,Three Phase 5-Pin (AS/NZ 3123),1,22.0,2020-05-18T23:25:00Z
16283,5944AB9B-52AD-4964-A65C-815A0B83937D,Roe St - City of Perth Parking,-31.94861599999999,115.85699699999998,(Business Owner at Location),Free,2.0,68 Roe St,Perth,6003,Three Phase 5-Pin (AS/NZ 3123),1,22.0,2020-05-18T23:24:00Z
16270,B6C40088-CD02-4ECC-8821-8B9E80677F20,Stellar Violets,-34.282476,116.12846100000002,(Business Owner at Location),Contribution to electricity used is requested,1.0,1 Middlesex Road,Manjimup,6258,Type I (AS 3112),1,2.0,2020-04-19T19:52:00Z
16268,F049C415-979F-499D-8B42-ADB04AA64E40,Magic Kia / Renault,-32.04583613325877,115.80922963466207,(Unknown Operator),Free,1.0,164 Leach Highway,Melville,6156,Type 2 (Socket Only),1,22.0,2021-10-13T06:03:00Z
16266,97A185B3-A146-4F96-9C14-7812191B1B32,Shacks Holden,-32.046135,115.751576,(Business Owner at Location),Free,1.0,64 Queen Victoria Street,Fremantle,6160,Type 1 (J1772),1,3.8,2020-04-14T11:17:00Z
16263,A04DEE72-3C2B-4E48-8E60-80728BD0DB78,Elder St - City of Perth Parking,-31.949440307195434,115.85039019584656,(Business Owner at Location),Free,15.0,Elder Street,Perth,6000,Three Phase 5-Pin (AS/NZ 3123); Type 1 (J1772),2,22.0,2021-10-13T05:57:00Z
16228,F3DCDA04-5798-4294-8F33-67E43B6BD403,"Department of Biodiversity, Conservation and Attractions KMCSC",-31.996175311870495,115.88449479477242,Chargefox,,1.0,17 Dick Perry Ave,Kensington,6151,Type 2 (Socket Only),1,7.0,2022-12-23T21:59:00Z
16214,42289F1E-D142-4459-BEB9-47D39EE79309,EV Shop,-31.8608,115.805476,(Business Owner at Location),Free,3.0,"Unit 4, 146 Balcatta Road",Balcatta,WA 6021,Type 1 (J1772); Type I (AS 3112),2,3.6,2021-10-13T06:05:00Z
16213,053B61CD-C1E9-4A3E-B2C3-CE20979C9C33,Phoenix Holden,-31.79273449405545,115.81597745418549,(Business Owner at Location),Free,2.0,5 Berriman Drive,Wanneroo,WA 6065,Type 2 (Socket Only),1,3.8,2013-11-17T12:16:00Z
9892,E12E25BD-476E-4106-9C41-9170B63AAF68,Round Cnr 494-500 Old Northern Road,-33.693647,151.018619,Blink Charging,,,Round Cnr 494-500 Old Northern Road,Dural,2158,Type 1 (J1772),1,,2017-11-04T14:03:00Z
8745,07FAB3FC-A1AD-4A88-93D1-866F298F350C,1 The Avenue,-31.937153,115.840552,Chargestar (AU),,,1 The Avenue,Leederville,6014,Type 1 (J1772),1,7.7,2023-10-23T06:42:00Z
